original_filename,resistance_phenotype,sequence_type,dataset_partition,bvbrc_id_extraido,gca_extraido
Kp_ertapenem_R_015710-delta-acyT_573_81406_rgi.txt,Resistant,11,train,573.81406,
Kp_ertapenem_R_015710-delta-acyT-delta-pyt_573_81410_rgi.txt,Resistant,11,train,573.8141,
Kp_ertapenem_R_015710-delta-pyt_573_81405_rgi.txt,Resistant,11,train,573.81405,
Kp_ertapenem_R_101_573_24244_rgi.txt,Resistant,1473,train,573.24244,
Kp_ertapenem_R_1044471_573_81055_rgi.txt,Resistant,101,validation,573.81055,
Kp_ertapenem_R_104kGOR21_573_81585_rgi.txt,Resistant,258,train,573.81585,
Kp_ertapenem_R_110_573_24246_rgi.txt,Resistant,163,train,573.24246,
Kp_ertapenem_R_12_573_24247_rgi.txt,Resistant,14,train,573.24247,
Kp_ertapenem_R_132_573_24249_rgi.txt,Resistant,215,validation,573.24249,
Kp_ertapenem_R_13545_573_82129_rgi.txt,Resistant,340,train,573.82129,
Kp_ertapenem_R_14_573_79053_rgi.txt,Resistant,11,train,573.79053,
Kp_ertapenem_R_15006GOR17_573_81604_rgi.txt,Resistant,258,train,573.81604,
Kp_ertapenem_R_159Kpn_573_78755_rgi.txt,Resistant,258,train,573.78755,
Kp_ertapenem_R_16_573_24252_rgi.txt,Resistant,16,train,573.24252,
Kp_ertapenem_R_17_573_24254_rgi.txt,Resistant,16,train,573.24254,
Kp_ertapenem_R_17ZR-21_573_80978_rgi.txt,Resistant,437,validation,573.80978,
Kp_ertapenem_R_18_573_24256_rgi.txt,Resistant,14,train,573.24256,
Kp_ertapenem_R_18_573_79052_rgi.txt,Resistant,11,train,573.79052,
Kp_ertapenem_R_18471_573_82132_rgi.txt,Resistant,215,validation,573.82132,
Kp_ertapenem_R_18473_573_82135_rgi.txt,Resistant,Unknown,validation,573.82135,
Kp_ertapenem_R_18535_573_82136_rgi.txt,Resistant,258,train,573.82136,
Kp_ertapenem_R_18722_573_82133_rgi.txt,Resistant,16,train,573.82133,
Kp_ertapenem_R_18868_573_82134_rgi.txt,Resistant,323,train,573.82134,
Kp_ertapenem_R_18926_573_82130_rgi.txt,Resistant,39,train,573.8213,
Kp_ertapenem_R_18937_573_82131_rgi.txt,Resistant,MLST.-.-,validation,573.82131,
Kp_ertapenem_R_19_573_24258_rgi.txt,Resistant,43,train,573.24258,
Kp_ertapenem_R_2_573_24260_rgi.txt,Resistant,34,train,573.2426,
Kp_ertapenem_R_20_573_24261_rgi.txt,Resistant,43,train,573.24261,
Kp_ertapenem_R_2014C06-205_573_78971_rgi.txt,Resistant,11,train,573.78971,
Kp_ertapenem_R_2014C06-217_573_78970_rgi.txt,Resistant,11,train,573.7897,
Kp_ertapenem_R_2016C06-010_573_78967_rgi.txt,Resistant,11,train,573.78967,
Kp_ertapenem_R_2016C06-013_573_78965_rgi.txt,Resistant,11,train,573.78965,
Kp_ertapenem_R_2016C06-072_573_78963_rgi.txt,Resistant,11,train,573.78963,
Kp_ertapenem_R_2016C06-080_573_78961_rgi.txt,Resistant,11,train,573.78961,
Kp_ertapenem_R_2016C06-098_573_78960_rgi.txt,Resistant,11,train,573.7896,
Kp_ertapenem_R_2016C06-122_573_78959_rgi.txt,Resistant,11,train,573.78959,
Kp_ertapenem_R_2016C06-211_573_78956_rgi.txt,Resistant,11,train,573.78956,
Kp_ertapenem_R_2016C06-237_573_78955_rgi.txt,Resistant,11,train,573.78955,
Kp_ertapenem_R_2016C07-154_573_78954_rgi.txt,Resistant,11,train,573.78954,
Kp_ertapenem_R_2016E04-172_573_78953_rgi.txt,Resistant,11,train,573.78953,
Kp_ertapenem_R_2018C06-148_573_78957_rgi.txt,Resistant,11,train,573.78957,
Kp_ertapenem_R_2024CK-00645_573_77406_rgi.txt,Resistant,Unknown,validation,573.77406,
Kp_ertapenem_R_2048DZ24_573_81595_rgi.txt,Resistant,101,validation,573.81595,
Kp_ertapenem_R_210057_573_80643_rgi.txt,Resistant,23,train,573.80643,
Kp_ertapenem_R_213_573_79048_rgi.txt,Resistant,11,train,573.79048,
Kp_ertapenem_R_218_573_79046_rgi.txt,Resistant,11,train,573.79046,
Kp_ertapenem_R_2190SG22_573_81583_rgi.txt,Resistant,512,validation,573.81583,
Kp_ertapenem_R_22_573_24265_rgi.txt,Resistant,437,validation,573.24265,
Kp_ertapenem_R_22-29_573_77551_rgi.txt,Resistant,859,train,573.77551,
Kp_ertapenem_R_22-30_573_77552_rgi.txt,Resistant,859,train,573.77552,
Kp_ertapenem_R_231225596_573_81660_rgi.txt,Resistant,11,train,573.8166,
Kp_ertapenem_R_2369_22_573_78712_rgi.txt,Resistant,15,train,573.78712,
Kp_ertapenem_R_2377SG22_573_81582_rgi.txt,Resistant,1519,validation,573.81582,
Kp_ertapenem_R_23_D_573_81283_rgi.txt,Resistant,29,train,573.81283,
Kp_ertapenem_R_24_573_24267_rgi.txt,Resistant,88,train,573.24267,
Kp_ertapenem_R_24-5_573_83586_rgi.txt,Resistant,23,train,573.83586,
Kp_ertapenem_R_240107177_573_81655_rgi.txt,Resistant,11,train,573.81655,
Kp_ertapenem_R_240108208_573_81654_rgi.txt,Resistant,11,train,573.81654,
Kp_ertapenem_R_240115390_573_81670_rgi.txt,Resistant,11,train,573.8167,
Kp_ertapenem_R_240222455_573_81635_rgi.txt,Resistant,11,train,573.81635,
Kp_ertapenem_R_240304097_573_81625_rgi.txt,Resistant,11,train,573.81625,
Kp_ertapenem_R_240422532_573_81641_rgi.txt,Resistant,11,train,573.81641,
Kp_ertapenem_R_2407435_573_81623_rgi.txt,Resistant,11,train,573.81623,
Kp_ertapenem_R_25_573_24269_rgi.txt,Resistant,36,train,573.24269,
Kp_ertapenem_R_26_573_24271_rgi.txt,Resistant,34,train,573.24271,
Kp_ertapenem_R_26968_5#1_573_66212_rgi.txt,Resistant,656,train,573.66212,
Kp_ertapenem_R_26968_5#10_573_66217_rgi.txt,Resistant,15,train,573.66217,
Kp_ertapenem_R_26968_5#106_573_66225_rgi.txt,Resistant,11,train,573.66225,
Kp_ertapenem_R_26968_5#109_573_66224_rgi.txt,Resistant,11,train,573.66224,
Kp_ertapenem_R_26968_5#139_573_66233_rgi.txt,Resistant,15,train,573.66233,
Kp_ertapenem_R_26968_5#4_573_66215_rgi.txt,Resistant,147,validation,573.66215,
Kp_ertapenem_R_26968_5#50_573_66220_rgi.txt,Resistant,11,train,573.6622,
Kp_ertapenem_R_26968_5#67_573_66234_rgi.txt,Resistant,147,validation,573.66234,
Kp_ertapenem_R_26968_5#73_573_66230_rgi.txt,Resistant,15,train,573.6623,
Kp_ertapenem_R_26968_5_5_573_66214_rgi.txt,Resistant,147,validation,573.66214,
Kp_ertapenem_R_26968_5_66_573_66223_rgi.txt,Resistant,147,validation,573.66223,
Kp_ertapenem_R_26968_6#121_573_66266_rgi.txt,Resistant,11,train,573.66266,
Kp_ertapenem_R_26968_6#31_573_66250_rgi.txt,Resistant,307,validation,573.6625,
Kp_ertapenem_R_26968_6#6_573_66246_rgi.txt,Resistant,15,train,573.66246,
Kp_ertapenem_R_26968_6#72_573_66258_rgi.txt,Resistant,15,train,573.66258,
Kp_ertapenem_R_26968_6_1_573_66242_rgi.txt,Resistant,11,train,573.66242,
Kp_ertapenem_R_26968_6_38_573_66252_rgi.txt,Resistant,307,validation,573.66252,
Kp_ertapenem_R_26975_4#127_573_66292_rgi.txt,Resistant,15,train,573.66292,
Kp_ertapenem_R_26975_4#133_573_66289_rgi.txt,Resistant,15,train,573.66289,
Kp_ertapenem_R_26975_4_124_573_66293_rgi.txt,Resistant,15,train,573.66293,
Kp_ertapenem_R_26975_5#105_573_66301_rgi.txt,Resistant,16,train,573.66301,
Kp_ertapenem_R_26975_5_155_573_66314_rgi.txt,Resistant,15,train,573.66314,
Kp_ertapenem_R_26994_6#120_573_66335_rgi.txt,Resistant,15,train,573.66335,
Kp_ertapenem_R_26994_6#164_573_66342_rgi.txt,Resistant,11,train,573.66342,
Kp_ertapenem_R_26994_6#57_573_66318_rgi.txt,Resistant,15,train,573.66318,
Kp_ertapenem_R_26994_6#93_573_66325_rgi.txt,Resistant,15,train,573.66325,
Kp_ertapenem_R_26994_6#95_573_66328_rgi.txt,Resistant,147,validation,573.66328,
Kp_ertapenem_R_26994_6_59_573_66322_rgi.txt,Resistant,11,train,573.66322,
Kp_ertapenem_R_26994_6_98_573_66329_rgi.txt,Resistant,15,train,573.66329,
Kp_ertapenem_R_26994_7#101_573_66363_rgi.txt,Resistant,15,train,573.66363,
Kp_ertapenem_R_26994_7#148_573_66378_rgi.txt,Resistant,147,validation,573.66378,
Kp_ertapenem_R_26994_7#155_573_66377_rgi.txt,Resistant,15,train,573.66377,
Kp_ertapenem_R_26994_7#157_573_66379_rgi.txt,Resistant,199,train,573.66379,
Kp_ertapenem_R_26994_7#87_573_66361_rgi.txt,Resistant,15,train,573.66361,
Kp_ertapenem_R_26994_7#93_573_66365_rgi.txt,Resistant,147,validation,573.66365,
Kp_ertapenem_R_26994_7#99_573_66364_rgi.txt,Resistant,15,train,573.66364,
Kp_ertapenem_R_26994_7_20_573_66346_rgi.txt,Resistant,709,train,573.66346,
Kp_ertapenem_R_26994_7_26_573_66352_rgi.txt,Resistant,16,train,573.66352,
Kp_ertapenem_R_26994_8#142_573_66411_rgi.txt,Resistant,147,validation,573.66411,
Kp_ertapenem_R_26994_8#174_573_66416_rgi.txt,Resistant,15,train,573.66416,
Kp_ertapenem_R_26994_8#177_573_66420_rgi.txt,Resistant,15,train,573.6642,
Kp_ertapenem_R_26994_8#183_573_66414_rgi.txt,Resistant,656,train,573.66414,
Kp_ertapenem_R_26994_8#77_573_66400_rgi.txt,Resistant,147,validation,573.664,
Kp_ertapenem_R_26994_8#79_573_66396_rgi.txt,Resistant,147,validation,573.66396,
Kp_ertapenem_R_26994_8_143_573_66413_rgi.txt,Resistant,147,validation,573.66413,
Kp_ertapenem_R_26994_8_181_573_66415_rgi.txt,Resistant,656,train,573.66415,
Kp_ertapenem_R_26994_8_5_573_66380_rgi.txt,Resistant,147,validation,573.6638,
Kp_ertapenem_R_26HJ_573_78000_rgi.txt,Resistant,512,validation,573.78,
Kp_ertapenem_R_27_573_24272_rgi.txt,Resistant,34,train,573.24272,
Kp_ertapenem_R_27097_7#75_573_66430_rgi.txt,Resistant,147,validation,573.6643,
Kp_ertapenem_R_27097_7#76_573_66433_rgi.txt,Resistant,147,validation,573.66433,
Kp_ertapenem_R_27097_7#78_573_66434_rgi.txt,Resistant,147,validation,573.66434,
Kp_ertapenem_R_27097_7_62_573_66432_rgi.txt,Resistant,15,train,573.66432,
Kp_ertapenem_R_27097_7_77_573_66435_rgi.txt,Resistant,147,validation,573.66435,
Kp_ertapenem_R_27261_7#30_573_66439_rgi.txt,Resistant,15,train,573.66439,
Kp_ertapenem_R_27261_7#68_573_66453_rgi.txt,Resistant,20,train,573.66453,
Kp_ertapenem_R_27261_8#102_573_66485_rgi.txt,Resistant,15,train,573.66485,
Kp_ertapenem_R_27261_8#103_573_66488_rgi.txt,Resistant,15,train,573.66488,
Kp_ertapenem_R_27261_8#159_573_66500_rgi.txt,Resistant,15,train,573.665,
Kp_ertapenem_R_27261_8#163_573_66501_rgi.txt,Resistant,15,train,573.66501,
Kp_ertapenem_R_27261_8#172_573_66505_rgi.txt,Resistant,15,train,573.66505,
Kp_ertapenem_R_27261_8#32_573_66464_rgi.txt,Resistant,15,train,573.66464,
Kp_ertapenem_R_27261_8#42_573_66473_rgi.txt,Resistant,15,train,573.66473,
Kp_ertapenem_R_27261_8#89_573_66543_rgi.txt,Resistant,15,train,573.66543,
Kp_ertapenem_R_27261_8#98_573_66474_rgi.txt,Resistant,15,train,573.66474,
Kp_ertapenem_R_27261_8_154_573_66498_rgi.txt,Resistant,15,train,573.66498,
Kp_ertapenem_R_27261_8_183_573_66508_rgi.txt,Resistant,11,train,573.66508,
Kp_ertapenem_R_27261_8_62_573_66483_rgi.txt,Resistant,11,train,573.66483,
Kp_ertapenem_R_27261_8_97_573_66475_rgi.txt,Resistant,15,train,573.66475,
Kp_ertapenem_R_27322_4#110_573_66528_rgi.txt,Resistant,656,train,573.66528,
Kp_ertapenem_R_27322_4#113_573_66532_rgi.txt,Resistant,147,validation,573.66532,
Kp_ertapenem_R_27322_4#127_573_66534_rgi.txt,Resistant,15,train,573.66534,
Kp_ertapenem_R_27322_4#179_573_66541_rgi.txt,Resistant,147,validation,573.66541,
Kp_ertapenem_R_27322_4#21_573_66520_rgi.txt,Resistant,147,validation,573.6652,
Kp_ertapenem_R_27322_4#41_573_66519_rgi.txt,Resistant,327,train,573.66519,
Kp_ertapenem_R_27322_4#71_573_66524_rgi.txt,Resistant,15,train,573.66524,
Kp_ertapenem_R_27322_4#82_573_66525_rgi.txt,Resistant,15,train,573.66525,
Kp_ertapenem_R_27322_4_137_573_66531_rgi.txt,Resistant,15,train,573.66531,
Kp_ertapenem_R_27322_4_155_573_66536_rgi.txt,Resistant,15,train,573.66536,
Kp_ertapenem_R_27322_4_178_573_66540_rgi.txt,Resistant,15,train,573.6654,
Kp_ertapenem_R_27322_4_35_573_66584_rgi.txt,Resistant,15,train,573.66584,
Kp_ertapenem_R_27322_4_37_573_66518_rgi.txt,Resistant,15,train,573.66518,
Kp_ertapenem_R_27322_4_39_573_66517_rgi.txt,Resistant,327,train,573.66517,
Kp_ertapenem_R_27322_4_70_573_66523_rgi.txt,Resistant,327,train,573.66523,
Kp_ertapenem_R_27322_4_74_573_66527_rgi.txt,Resistant,327,train,573.66527,
Kp_ertapenem_R_27322_4_76_573_66526_rgi.txt,Resistant,15,train,573.66526,
Kp_ertapenem_R_27ML_573_78002_rgi.txt,Resistant,512,validation,573.78002,
Kp_ertapenem_R_2842_573_78882_rgi.txt,Resistant,11,train,573.78882,
Kp_ertapenem_R_28MF_573_78005_rgi.txt,Resistant,101,validation,573.78005,
Kp_ertapenem_R_29_573_24276_rgi.txt,Resistant,101,validation,573.24276,
Kp_ertapenem_R_29105_1#255_573_66551_rgi.txt,Resistant,15,train,573.66551,
Kp_ertapenem_R_29105_1#88_573_66539_rgi.txt,Resistant,15,train,573.66539,
Kp_ertapenem_R_29105_1_120_573_66545_rgi.txt,Resistant,15,train,573.66545,
Kp_ertapenem_R_29105_1_132_573_66546_rgi.txt,Resistant,359,validation,573.66546,
Kp_ertapenem_R_29105_1_376_573_66555_rgi.txt,Resistant,11,train,573.66555,
Kp_ertapenem_R_29109_2_143_573_66556_rgi.txt,Resistant,11,train,573.66556,
Kp_ertapenem_R_29339_1#51_573_66564_rgi.txt,Resistant,11,train,573.66564,
Kp_ertapenem_R_29339_1#55_573_66565_rgi.txt,Resistant,685,train,573.66565,
Kp_ertapenem_R_29339_1_68_573_66571_rgi.txt,Resistant,359,validation,573.66571,
Kp_ertapenem_R_29IP_573_78001_rgi.txt,Resistant,512,validation,573.78001,
Kp_ertapenem_R_3_573_24277_rgi.txt,Resistant,34,train,573.24277,
Kp_ertapenem_R_30_573_24278_rgi.txt,Resistant,101,validation,573.24278,
Kp_ertapenem_R_3035_kpn_573_78031_rgi.txt,Resistant,512,validation,573.78031,
Kp_ertapenem_R_3042_kpn_573_78029_rgi.txt,Resistant,512,validation,573.78029,
Kp_ertapenem_R_3086_kpn_573_78014_rgi.txt,Resistant,101,validation,573.78014,
Kp_ertapenem_R_30BF_573_77998_rgi.txt,Resistant,307,validation,573.77998,
Kp_ertapenem_R_31_573_24280_rgi.txt,Resistant,525,train,573.2428,
Kp_ertapenem_R_31FC_573_77997_rgi.txt,Resistant,512,validation,573.77997,
Kp_ertapenem_R_32RA-01_573_78006_rgi.txt,Resistant,101,validation,573.78006,
Kp_ertapenem_R_33RA-02_573_78003_rgi.txt,Resistant,101,validation,573.78003,
Kp_ertapenem_R_34RA-03_573_77995_rgi.txt,Resistant,101,validation,573.77995,
Kp_ertapenem_R_35011_573_78195_rgi.txt,Resistant,258,train,573.78195,
Kp_ertapenem_R_35088A_573_78194_rgi.txt,Resistant,258,train,573.78194,
Kp_ertapenem_R_35132A_573_78193_rgi.txt,Resistant,258,train,573.78193,
Kp_ertapenem_R_35161A_573_78196_rgi.txt,Resistant,17,train,573.78196,
Kp_ertapenem_R_35242_573_78192_rgi.txt,Resistant,258,train,573.78192,
Kp_ertapenem_R_35340A_573_78197_rgi.txt,Resistant,258,train,573.78197,
Kp_ertapenem_R_39R-01_573_77996_rgi.txt,Resistant,512,validation,573.77996,
Kp_ertapenem_R_4_573_24297_rgi.txt,Resistant,34,train,573.24297,
Kp_ertapenem_R_4015_Futian_573_83681_rgi.txt,Resistant,11,train,573.83681,
Kp_ertapenem_R_40R-02_573_78004_rgi.txt,Resistant,868,train,573.78004,
Kp_ertapenem_R_41T-01_573_77999_rgi.txt,Resistant,1685,train,573.77999,
Kp_ertapenem_R_4247_22_573_78716_rgi.txt,Resistant,307,validation,573.78716,
Kp_ertapenem_R_42T-02_573_77994_rgi.txt,Resistant,1685,train,573.77994,
Kp_ertapenem_R_45071_573_77425_rgi.txt,Resistant,258,train,573.77425,
Kp_ertapenem_R_45_s__573_79049_rgi.txt,Resistant,11,train,573.79049,
Kp_ertapenem_R_46704_573_77414_rgi.txt,Resistant,258,train,573.77414,
Kp_ertapenem_R_49856_573_77408_rgi.txt,Resistant,258,train,573.77408,
Kp_ertapenem_R_49i_spring_573_92120_rgi.txt,Resistant,MLST.klebsiella.-,validation,573.9212,
Kp_ertapenem_R_5_573_24310_rgi.txt,Resistant,34,train,573.2431,
Kp_ertapenem_R_5016_22_573_78747_rgi.txt,Resistant,45,validation,573.78747,
Kp_ertapenem_R_5059_22_573_78717_rgi.txt,Resistant,307,validation,573.78717,
Kp_ertapenem_R_5192_573_78914_rgi.txt,Resistant,11,train,573.78914,
Kp_ertapenem_R_5236_573_78910_rgi.txt,Resistant,11,train,573.7891,
Kp_ertapenem_R_58_s__573_79051_rgi.txt,Resistant,11,train,573.79051,
Kp_ertapenem_R_59v_summer_573_92124_rgi.txt,Resistant,MLST.klebsiella.-,validation,573.92124,
Kp_ertapenem_R_6_573_77730_rgi.txt,Resistant,234,train,573.7773,
Kp_ertapenem_R_600GOR12_573_81565_rgi.txt,Resistant,258,train,573.81565,
Kp_ertapenem_R_6011_573_79263_rgi.txt,Resistant,11,train,573.79263,
Kp_ertapenem_R_6110_573_79262_rgi.txt,Resistant,16,train,573.79262,
Kp_ertapenem_R_637GOR12_573_81562_rgi.txt,Resistant,258,train,573.81562,
Kp_ertapenem_R_6386_573_79261_rgi.txt,Resistant,3,train,573.79261,
Kp_ertapenem_R_6471_573_79259_rgi.txt,Resistant,11,train,573.79259,
Kp_ertapenem_R_66_573_24314_rgi.txt,Resistant,Unknown,validation,573.24314,
Kp_ertapenem_R_686GOR12_573_81615_rgi.txt,Resistant,258,train,573.81615,
Kp_ertapenem_R_6914_24_573_78745_rgi.txt,Resistant,152,train,573.78745,
Kp_ertapenem_R_7_573_24313_rgi.txt,Resistant,14,train,573.24313,
Kp_ertapenem_R_7_573_77729_rgi.txt,Resistant,234,train,573.77729,
Kp_ertapenem_R_70378_573_84139_rgi.txt,Resistant,11,train,573.84139,
Kp_ertapenem_R_70966222_573_79256_rgi.txt,Resistant,307,validation,573.79256,
Kp_ertapenem_R_76w_winter_573_92117_rgi.txt,Resistant,872,train,573.92117,
Kp_ertapenem_R_7824_573_78703_rgi.txt,Resistant,11,train,573.78703,
Kp_ertapenem_R_8_573_77739_rgi.txt,Resistant,258,train,573.77739,
Kp_ertapenem_R_8_573_24315_rgi.txt,Resistant,43,train,573.24315,
Kp_ertapenem_R_80080926_573_79250_rgi.txt,Resistant,268,train,573.7925,
Kp_ertapenem_R_86DZ10_573_81617_rgi.txt,Resistant,258,train,573.81617,
Kp_ertapenem_R_8810_573_78906_rgi.txt,Resistant,16,train,573.78906,
Kp_ertapenem_R_8844_573_78875_rgi.txt,Resistant,16,train,573.78875,
Kp_ertapenem_R_885949_573_81016_rgi.txt,Resistant,512,validation,573.81016,
Kp_ertapenem_R_9_573_24316_rgi.txt,Resistant,14,train,573.24316,
Kp_ertapenem_R_9228_573_78908_rgi.txt,Resistant,16,train,573.78908,
Kp_ertapenem_R_9497_573_78897_rgi.txt,Resistant,11,train,573.78897,
Kp_ertapenem_R_9589_573_78704_rgi.txt,Resistant,11,train,573.78704,
Kp_ertapenem_R_95v_summer_573_92122_rgi.txt,Resistant,MLST.klebsiella.-,validation,573.92122,
Kp_ertapenem_R_98_573_24317_rgi.txt,Resistant,1419,train,573.24317,
Kp_ertapenem_R_9873_573_78905_rgi.txt,Resistant,16,train,573.78905,
Kp_ertapenem_R_9i_spring_573_92123_rgi.txt,Resistant,392,train,573.92123,
Kp_ertapenem_R_A085_573_78457_rgi.txt,Resistant,307,validation,573.78457,
Kp_ertapenem_R_A1-2_573_81622_rgi.txt,Resistant,1214,train,573.81622,
Kp_ertapenem_R_A1-2_573_79057_rgi.txt,Resistant,1214,train,573.79057,
Kp_ertapenem_R_A123_573_78449_rgi.txt,Resistant,307,validation,573.78449,
Kp_ertapenem_R_A162_573_78462_rgi.txt,Resistant,307,validation,573.78462,
Kp_ertapenem_R_A1H_573_77951_rgi.txt,Resistant,11,train,573.77951,
Kp_ertapenem_R_A1L_573_77953_rgi.txt,Resistant,11,train,573.77953,
Kp_ertapenem_R_A2H_573_77950_rgi.txt,Resistant,11,train,573.7795,
Kp_ertapenem_R_A2L_573_77945_rgi.txt,Resistant,11,train,573.77945,
Kp_ertapenem_R_A35499_573_84068_rgi.txt,Resistant,307,validation,573.84068,
Kp_ertapenem_R_A36711_573_84042_rgi.txt,Resistant,307,validation,573.84042,
Kp_ertapenem_R_A36813_573_84067_rgi.txt,Resistant,307,validation,573.84067,
Kp_ertapenem_R_A37134_573_84134_rgi.txt,Resistant,101,validation,573.84134,
Kp_ertapenem_R_A37224_573_84133_rgi.txt,Resistant,101,validation,573.84133,
Kp_ertapenem_R_A37359_573_84064_rgi.txt,Resistant,307,validation,573.84064,
Kp_ertapenem_R_A3H_573_77949_rgi.txt,Resistant,11,train,573.77949,
Kp_ertapenem_R_A3L_573_77941_rgi.txt,Resistant,11,train,573.77941,
Kp_ertapenem_R_A4H_573_77940_rgi.txt,Resistant,11,train,573.7794,
Kp_ertapenem_R_A4L_573_77946_rgi.txt,Resistant,11,train,573.77946,
Kp_ertapenem_R_A5H_573_77947_rgi.txt,Resistant,11,train,573.77947,
Kp_ertapenem_R_A5L_573_77939_rgi.txt,Resistant,11,train,573.77939,
Kp_ertapenem_R_A871_573_79050_rgi.txt,Resistant,11,train,573.7905,
Kp_ertapenem_R_ABOVE25_573_77548_rgi.txt,Resistant,25,train,573.77548,
Kp_ertapenem_R_ABOVE58_573_77546_rgi.txt,Resistant,Unknown,validation,573.77546,
Kp_ertapenem_R_ABOVE65_573_77545_rgi.txt,Resistant,11,train,573.77545,
Kp_ertapenem_R_ACR4_573_83518_rgi.txt,Resistant,Unknown,validation,573.83518,
Kp_ertapenem_R_ACR8_573_83517_rgi.txt,Resistant,5,train,573.83517,
Kp_ertapenem_R_AN-100_573_83558_rgi.txt,Resistant,512,validation,573.83558,
Kp_ertapenem_R_AN-101_573_83556_rgi.txt,Resistant,1519,validation,573.83556,
Kp_ertapenem_R_AN-102_573_83557_rgi.txt,Resistant,307,validation,573.83557,
Kp_ertapenem_R_AN-103_573_83555_rgi.txt,Resistant,307,validation,573.83555,
Kp_ertapenem_R_AN-104_573_83552_rgi.txt,Resistant,307,validation,573.83552,
Kp_ertapenem_R_AN-16_573_83584_rgi.txt,Resistant,512,validation,573.83584,
Kp_ertapenem_R_AN-28_573_83583_rgi.txt,Resistant,14,train,573.83583,
Kp_ertapenem_R_AN-29_573_83582_rgi.txt,Resistant,512,validation,573.83582,
Kp_ertapenem_R_AN-4_573_77792_rgi.txt,Resistant,1519,validation,573.77792,
Kp_ertapenem_R_AN-48_573_83577_rgi.txt,Resistant,512,validation,573.83577,
Kp_ertapenem_R_AN-49_573_83578_rgi.txt,Resistant,512,validation,573.83578,
Kp_ertapenem_R_AN-50_573_83581_rgi.txt,Resistant,512,validation,573.83581,
Kp_ertapenem_R_AN-51_573_83580_rgi.txt,Resistant,37,train,573.8358,
Kp_ertapenem_R_AN-55_573_83575_rgi.txt,Resistant,512,validation,573.83575,
Kp_ertapenem_R_AN-58_573_83576_rgi.txt,Resistant,512,validation,573.83576,
Kp_ertapenem_R_AN-61_573_83573_rgi.txt,Resistant,101,validation,573.83573,
Kp_ertapenem_R_AN-67_573_83574_rgi.txt,Resistant,512,validation,573.83574,
Kp_ertapenem_R_AN-68_573_83571_rgi.txt,Resistant,99,train,573.83571,
Kp_ertapenem_R_AN-72_573_83568_rgi.txt,Resistant,512,validation,573.83568,
Kp_ertapenem_R_AN-75_573_83569_rgi.txt,Resistant,405,validation,573.83569,
Kp_ertapenem_R_AN-78_573_83570_rgi.txt,Resistant,512,validation,573.8357,
Kp_ertapenem_R_AN-79_573_83567_rgi.txt,Resistant,307,validation,573.83567,
Kp_ertapenem_R_AN-80_573_83566_rgi.txt,Resistant,512,validation,573.83566,
Kp_ertapenem_R_AN-83_573_83565_rgi.txt,Resistant,307,validation,573.83565,
Kp_ertapenem_R_AN-87_573_83564_rgi.txt,Resistant,307,validation,573.83564,
Kp_ertapenem_R_AN-91_573_83562_rgi.txt,Resistant,101,validation,573.83562,
Kp_ertapenem_R_AN-92_573_83561_rgi.txt,Resistant,512,validation,573.83561,
Kp_ertapenem_R_AN-93_573_83563_rgi.txt,Resistant,Unknown,validation,573.83563,
Kp_ertapenem_R_AR8214_573_83782_rgi.txt,Resistant,307,validation,573.83782,
Kp_ertapenem_R_AR8217_573_83781_rgi.txt,Resistant,15,train,573.83781,
Kp_ertapenem_R_AR8221_573_83779_rgi.txt,Resistant,323,train,573.83779,
Kp_ertapenem_R_AR8229_573_83778_rgi.txt,Resistant,11,train,573.83778,
Kp_ertapenem_R_AR8292_573_83768_rgi.txt,Resistant,11,train,573.83768,
Kp_ertapenem_R_AR8310_573_83763_rgi.txt,Resistant,11,train,573.83763,
Kp_ertapenem_R_AR8313_573_83761_rgi.txt,Resistant,11,train,573.83761,
Kp_ertapenem_R_AR8319_573_83759_rgi.txt,Resistant,11,train,573.83759,
Kp_ertapenem_R_AR8324_573_83758_rgi.txt,Resistant,11,train,573.83758,
Kp_ertapenem_R_AR8331_573_83756_rgi.txt,Resistant,11,train,573.83756,
Kp_ertapenem_R_AR8336_573_83754_rgi.txt,Resistant,11,train,573.83754,
Kp_ertapenem_R_AR8369_573_83751_rgi.txt,Resistant,461,train,573.83751,
Kp_ertapenem_R_AR8388_573_83749_rgi.txt,Resistant,11,train,573.83749,
Kp_ertapenem_R_AR8398_573_83744_rgi.txt,Resistant,11,train,573.83744,
Kp_ertapenem_R_AR8415_573_83740_rgi.txt,Resistant,11,train,573.8374,
Kp_ertapenem_R_AR8423_573_83731_rgi.txt,Resistant,11,train,573.83731,
Kp_ertapenem_R_AR8463_573_83726_rgi.txt,Resistant,11,train,573.83726,
Kp_ertapenem_R_AR8479_573_83721_rgi.txt,Resistant,11,train,573.83721,
Kp_ertapenem_R_AR8480_573_83724_rgi.txt,Resistant,307,validation,573.83724,
Kp_ertapenem_R_AR8481_573_83722_rgi.txt,Resistant,11,train,573.83722,
Kp_ertapenem_R_AR8484_573_83725_rgi.txt,Resistant,11,train,573.83725,
Kp_ertapenem_R_AR8487_573_83720_rgi.txt,Resistant,11,train,573.8372,
Kp_ertapenem_R_AR8489_573_83717_rgi.txt,Resistant,11,train,573.83717,
Kp_ertapenem_R_AR8490_573_83718_rgi.txt,Resistant,11,train,573.83718,
Kp_ertapenem_R_AR8507_573_83712_rgi.txt,Resistant,11,train,573.83712,
Kp_ertapenem_R_AR8509_573_83710_rgi.txt,Resistant,11,train,573.8371,
Kp_ertapenem_R_AR8512_573_83707_rgi.txt,Resistant,11,train,573.83707,
Kp_ertapenem_R_AR8514_573_83709_rgi.txt,Resistant,11,train,573.83709,
Kp_ertapenem_R_AR8518_573_83706_rgi.txt,Resistant,11,train,573.83706,
Kp_ertapenem_R_AR_0004_573_7028_rgi.txt,Resistant,258,train,573.7028,
Kp_ertapenem_R_AR_0005_573_7029_rgi.txt,Resistant,258,train,573.7029,
Kp_ertapenem_R_AR_0010_573_7025_rgi.txt,Resistant,461,train,573.7025,
Kp_ertapenem_R_AR_0034_573_7030_rgi.txt,Resistant,17,train,573.703,
Kp_ertapenem_R_AR_0039_573_7026_rgi.txt,Resistant,34,train,573.7026,
Kp_ertapenem_R_AR_0040_573_7031_rgi.txt,Resistant,147,validation,573.7031,
Kp_ertapenem_R_AR_0042_573_7022_rgi.txt,Resistant,1,validation,573.7022,
Kp_ertapenem_R_AR_0043_573_7023_rgi.txt,Resistant,244,train,573.7023,
Kp_ertapenem_R_AR_0044_573_7033_rgi.txt,Resistant,327,train,573.7033,
Kp_ertapenem_R_AR_0080_573_17927_rgi.txt,Resistant,1224,train,573.17927,
Kp_ertapenem_R_B1H_573_77937_rgi.txt,Resistant,11,train,573.77937,
Kp_ertapenem_R_B1L_573_77944_rgi.txt,Resistant,11,train,573.77944,
Kp_ertapenem_R_B2H_573_77942_rgi.txt,Resistant,11,train,573.77942,
Kp_ertapenem_R_B2L_573_77938_rgi.txt,Resistant,11,train,573.77938,
Kp_ertapenem_R_B3H_573_77935_rgi.txt,Resistant,11,train,573.77935,
Kp_ertapenem_R_B3L_573_77943_rgi.txt,Resistant,11,train,573.77943,
Kp_ertapenem_R_B4H_573_77936_rgi.txt,Resistant,11,train,573.77936,
Kp_ertapenem_R_B4L_573_77934_rgi.txt,Resistant,11,train,573.77934,
Kp_ertapenem_R_B5H_573_77974_rgi.txt,Resistant,11,train,573.77974,
Kp_ertapenem_R_B5L_573_77973_rgi.txt,Resistant,11,train,573.77973,
Kp_ertapenem_R_BER-5_573_77814_rgi.txt,Resistant,307,validation,573.77814,
Kp_ertapenem_R_BO-10_573_77793_rgi.txt,Resistant,1519,validation,573.77793,
Kp_ertapenem_R_BO-7_573_77796_rgi.txt,Resistant,101,validation,573.77796,
Kp_ertapenem_R_C027_573_36695_rgi.txt,Resistant,860,train,573.36695,
Kp_ertapenem_R_C029_573_36694_rgi.txt,Resistant,Unknown,validation,573.36694,
Kp_ertapenem_R_C034_573_36693_rgi.txt,Resistant,2,validation,573.36693,
Kp_ertapenem_R_C1H_573_77962_rgi.txt,Resistant,11,train,573.77962,
Kp_ertapenem_R_C1L_573_77972_rgi.txt,Resistant,11,train,573.77972,
Kp_ertapenem_R_C2H_573_77970_rgi.txt,Resistant,11,train,573.7797,
Kp_ertapenem_R_C2L_573_77969_rgi.txt,Resistant,11,train,573.77969,
Kp_ertapenem_R_C3H_573_77964_rgi.txt,Resistant,11,train,573.77964,
Kp_ertapenem_R_C3L_573_77967_rgi.txt,Resistant,11,train,573.77967,
Kp_ertapenem_R_C4H_573_77985_rgi.txt,Resistant,11,train,573.77985,
Kp_ertapenem_R_C4L_573_77959_rgi.txt,Resistant,11,train,573.77959,
Kp_ertapenem_R_C5H_573_77963_rgi.txt,Resistant,11,train,573.77963,
Kp_ertapenem_R_C5L_573_77981_rgi.txt,Resistant,11,train,573.77981,
Kp_ertapenem_R_CCBH6556_573_78861_rgi.txt,Resistant,340,train,573.78861,
Kp_ertapenem_R_CFI_131_KPC2_573_77431_rgi.txt,Resistant,258,train,573.77431,
Kp_ertapenem_R_CFI_141_KPC3_573_77423_rgi.txt,Resistant,258,train,573.77423,
Kp_ertapenem_R_CHURS_000952_573_79175_rgi.txt,Resistant,512,validation,573.79175,
Kp_ertapenem_R_CHURS_170942_573_79173_rgi.txt,Resistant,512,validation,573.79173,
Kp_ertapenem_R_CHURS_175691_573_79174_rgi.txt,Resistant,512,validation,573.79174,
Kp_ertapenem_R_CHURS_180130_573_79170_rgi.txt,Resistant,512,validation,573.7917,
Kp_ertapenem_R_CHURS_184677_573_79171_rgi.txt,Resistant,512,validation,573.79171,
Kp_ertapenem_R_CPE_E100_573_81117_rgi.txt,Resistant,281,train,573.81117,
Kp_ertapenem_R_CPE_E102_573_81118_rgi.txt,Resistant,281,train,573.81118,
Kp_ertapenem_R_CPE_E1046_573_81241_rgi.txt,Resistant,11,train,573.81241,
Kp_ertapenem_R_CPE_E1051_573_81240_rgi.txt,Resistant,16,train,573.8124,
Kp_ertapenem_R_CPE_E1119_573_81208_rgi.txt,Resistant,502,validation,573.81208,
Kp_ertapenem_R_CPE_E1131_573_81203_rgi.txt,Resistant,1665,train,573.81203,
Kp_ertapenem_R_CPE_E1135_573_81201_rgi.txt,Resistant,502,validation,573.81201,
Kp_ertapenem_R_CPE_E1140_573_81197_rgi.txt,Resistant,502,validation,573.81197,
Kp_ertapenem_R_CPE_E1184_573_81178_rgi.txt,Resistant,273,train,573.81178,
Kp_ertapenem_R_CPE_E1218_573_81167_rgi.txt,Resistant,11,train,573.81167,
Kp_ertapenem_R_CPE_E136_573_81107_rgi.txt,Resistant,11,train,573.81107,
Kp_ertapenem_R_CPE_E139_573_81106_rgi.txt,Resistant,20,train,573.81106,
Kp_ertapenem_R_CPE_E162_573_81096_rgi.txt,Resistant,792,train,573.81096,
Kp_ertapenem_R_CPE_E186_573_81093_rgi.txt,Resistant,20,train,573.81093,
Kp_ertapenem_R_CPE_E254_573_81084_rgi.txt,Resistant,323,train,573.81084,
Kp_ertapenem_R_CPE_E257_573_81083_rgi.txt,Resistant,20,train,573.81083,
Kp_ertapenem_R_CPE_E267_573_81081_rgi.txt,Resistant,20,train,573.81081,
Kp_ertapenem_R_CPE_E280_573_81079_rgi.txt,Resistant,323,train,573.81079,
Kp_ertapenem_R_CPE_E289_573_81078_rgi.txt,Resistant,37,train,573.81078,
Kp_ertapenem_R_CPE_E328_573_81062_rgi.txt,Resistant,17,train,573.81062,
Kp_ertapenem_R_CPE_E339_573_81059_rgi.txt,Resistant,20,train,573.81059,
Kp_ertapenem_R_CPE_E340_573_81057_rgi.txt,Resistant,20,train,573.81057,
Kp_ertapenem_R_CPE_E45_573_81135_rgi.txt,Resistant,23,train,573.81135,
Kp_ertapenem_R_CPE_E50_573_81137_rgi.txt,Resistant,23,train,573.81137,
Kp_ertapenem_R_CPE_E52_573_81134_rgi.txt,Resistant,1876,train,573.81134,
Kp_ertapenem_R_CPE_E57_573_81132_rgi.txt,Resistant,540,train,573.81132,
Kp_ertapenem_R_CPE_E67_573_81130_rgi.txt,Resistant,12,train,573.8113,
Kp_ertapenem_R_CPE_E73_573_81128_rgi.txt,Resistant,307,validation,573.81128,
Kp_ertapenem_R_CPE_E82_573_81123_rgi.txt,Resistant,11,train,573.81123,
Kp_ertapenem_R_CPE_E83_573_81121_rgi.txt,Resistant,11,train,573.81121,
Kp_ertapenem_R_CPE_E91_573_81120_rgi.txt,Resistant,86,train,573.8112,
Kp_ertapenem_R_CPE_E92_573_81119_rgi.txt,Resistant,86,train,573.81119,
Kp_ertapenem_R_CRE119_573_78117_rgi.txt,Resistant,11,train,573.78117,
Kp_ertapenem_R_CRKP-100_573_80737_rgi.txt,Resistant,11,train,573.80737,
Kp_ertapenem_R_CRKP-118_573_80735_rgi.txt,Resistant,11,train,573.80735,
Kp_ertapenem_R_CRKP-12_573_80768_rgi.txt,Resistant,11,train,573.80768,
Kp_ertapenem_R_CRKP-133_573_80731_rgi.txt,Resistant,11,train,573.80731,
Kp_ertapenem_R_CRKP-134_573_80730_rgi.txt,Resistant,11,train,573.8073,
Kp_ertapenem_R_CRKP-138_573_80729_rgi.txt,Resistant,11,train,573.80729,
Kp_ertapenem_R_CRKP-141_573_80727_rgi.txt,Resistant,294,validation,573.80727,
Kp_ertapenem_R_CRKP-146_573_80722_rgi.txt,Resistant,11,train,573.80722,
Kp_ertapenem_R_CRKP-147_573_80721_rgi.txt,Resistant,11,train,573.80721,
Kp_ertapenem_R_CRKP-19_573_80765_rgi.txt,Resistant,11,train,573.80765,
Kp_ertapenem_R_CRKP-56_573_80758_rgi.txt,Resistant,11,train,573.80758,
Kp_ertapenem_R_CRKP-58_573_80761_rgi.txt,Resistant,11,train,573.80761,
Kp_ertapenem_R_CRKP-59_573_80757_rgi.txt,Resistant,11,train,573.80757,
Kp_ertapenem_R_CRKP-60_573_80759_rgi.txt,Resistant,11,train,573.80759,
Kp_ertapenem_R_CRKP-61_573_80756_rgi.txt,Resistant,11,train,573.80756,
Kp_ertapenem_R_CRKP-62_573_80754_rgi.txt,Resistant,11,train,573.80754,
Kp_ertapenem_R_CRKP-63_573_80755_rgi.txt,Resistant,11,train,573.80755,
Kp_ertapenem_R_CRKP-64_573_80753_rgi.txt,Resistant,11,train,573.80753,
Kp_ertapenem_R_CRKP-65_573_80752_rgi.txt,Resistant,11,train,573.80752,
Kp_ertapenem_R_CRKP-66_573_80751_rgi.txt,Resistant,11,train,573.80751,
Kp_ertapenem_R_CRKP-68_573_80747_rgi.txt,Resistant,11,train,573.80747,
Kp_ertapenem_R_CRKP-7_573_80770_rgi.txt,Resistant,11,train,573.8077,
Kp_ertapenem_R_CRKP-73_573_80748_rgi.txt,Resistant,11,train,573.80748,
Kp_ertapenem_R_CRKP-77_573_80743_rgi.txt,Resistant,11,train,573.80743,
Kp_ertapenem_R_CRKP-79_573_80745_rgi.txt,Resistant,11,train,573.80745,
Kp_ertapenem_R_CRKP-80_573_80741_rgi.txt,Resistant,11,train,573.80741,
Kp_ertapenem_R_CRKP-86_573_80742_rgi.txt,Resistant,11,train,573.80742,
Kp_ertapenem_R_CRKP-9_573_80769_rgi.txt,Resistant,147,validation,573.80769,
Kp_ertapenem_R_CRKP-94_573_80740_rgi.txt,Resistant,11,train,573.8074,
Kp_ertapenem_R_CRKP-97_573_80734_rgi.txt,Resistant,11,train,573.80734,
Kp_ertapenem_R_CRKP-99_573_80736_rgi.txt,Resistant,11,train,573.80736,
Kp_ertapenem_R_CRKP1_573_77922_rgi.txt,Resistant,11,train,573.77922,
Kp_ertapenem_R_CRKP2_573_77921_rgi.txt,Resistant,11,train,573.77921,
Kp_ertapenem_R_CRhvKp1645_573_81788_rgi.txt,Resistant,11,train,573.81788,
Kp_ertapenem_R_D14_573_78455_rgi.txt,Resistant,Unknown,validation,573.78455,
Kp_ertapenem_R_D18_573_78453_rgi.txt,Resistant,147,validation,573.78453,
Kp_ertapenem_R_D1H_573_77956_rgi.txt,Resistant,11,train,573.77956,
Kp_ertapenem_R_D1L_573_77960_rgi.txt,Resistant,11,train,573.7796,
Kp_ertapenem_R_D2H_573_77961_rgi.txt,Resistant,11,train,573.77961,
Kp_ertapenem_R_D2L_573_77976_rgi.txt,Resistant,11,train,573.77976,
Kp_ertapenem_R_D3H_573_77958_rgi.txt,Resistant,11,train,573.77958,
Kp_ertapenem_R_D3L_573_77957_rgi.txt,Resistant,11,train,573.77957,
Kp_ertapenem_R_D4H_573_77982_rgi.txt,Resistant,11,train,573.77982,
Kp_ertapenem_R_D4L_573_77954_rgi.txt,Resistant,11,train,573.77954,
Kp_ertapenem_R_D5H_573_77955_rgi.txt,Resistant,11,train,573.77955,
Kp_ertapenem_R_D5L_573_77968_rgi.txt,Resistant,11,train,573.77968,
Kp_ertapenem_R_E1H_573_77980_rgi.txt,Resistant,11,train,573.7798,
Kp_ertapenem_R_E1L_573_77983_rgi.txt,Resistant,11,train,573.77983,
Kp_ertapenem_R_E2H_573_77978_rgi.txt,Resistant,11,train,573.77978,
Kp_ertapenem_R_E2L_573_77984_rgi.txt,Resistant,11,train,573.77984,
Kp_ertapenem_R_E3H_573_77971_rgi.txt,Resistant,11,train,573.77971,
Kp_ertapenem_R_E3L_573_77966_rgi.txt,Resistant,11,train,573.77966,
Kp_ertapenem_R_E4H_573_77977_rgi.txt,Resistant,11,train,573.77977,
Kp_ertapenem_R_E4L_573_77975_rgi.txt,Resistant,11,train,573.77975,
Kp_ertapenem_R_E5H_573_77965_rgi.txt,Resistant,11,train,573.77965,
Kp_ertapenem_R_E5L_573_77979_rgi.txt,Resistant,11,train,573.77979,
Kp_ertapenem_R_EC-307121_573_77776_rgi.txt,Resistant,11,train,573.77776,
Kp_ertapenem_R_EC27_573_83489_rgi.txt,Resistant,716,train,573.83489,
R__rgi_Klebsiella_pneumoniae_ertapenem_RESISTANT__Klebsiella_pneumoniae_R_ertapenem_Klebsiella_pneumoniae_strain_EuSCAPE_AT017.txt,Resistant,512,validation,,
R__rgi_Klebsiella_pneumoniae_ertapenem_RESISTANT__Klebsiella_pneumoniae_R_ertapenem_Klebsiella_pneumoniae_strain_EuSCAPE_BE064.txt,Resistant,101,validation,,
R__rgi_Klebsiella_pneumoniae_ertapenem_RESISTANT__Klebsiella_pneumoniae_R_ertapenem_Klebsiella_pneumoniae_strain_EuSCAPE_BE067.txt,Resistant,101,validation,,
R__rgi_Klebsiella_pneumoniae_ertapenem_RESISTANT__Klebsiella_pneumoniae_R_ertapenem_Klebsiella_pneumoniae_strain_EuSCAPE_BE070.txt,Resistant,512,validation,,
R__rgi_Klebsiella_pneumoniae_ertapenem_RESISTANT__Klebsiella_pneumoniae_R_ertapenem_Klebsiella_pneumoniae_strain_EuSCAPE_DE051.txt,Resistant,258,train,,
R__rgi_Klebsiella_pneumoniae_ertapenem_RESISTANT__Klebsiella_pneumoniae_R_ertapenem_Klebsiella_pneumoniae_strain_EuSCAPE_DE076.txt,Resistant,36,train,,
R__rgi_Klebsiella_pneumoniae_ertapenem_RESISTANT__Klebsiella_pneumoniae_R_ertapenem_Klebsiella_pneumoniae_strain_EuSCAPE_ES289.txt,Resistant,258,train,,
R__rgi_Klebsiella_pneumoniae_ertapenem_RESISTANT__Klebsiella_pneumoniae_R_ertapenem_Klebsiella_pneumoniae_strain_EuSCAPE_FR006.txt,Resistant,258,train,,
R__rgi_Klebsiella_pneumoniae_ertapenem_RESISTANT__Klebsiella_pneumoniae_R_ertapenem_Klebsiella_pneumoniae_strain_EuSCAPE_GR036.txt,Resistant,258,train,,
R__rgi_Klebsiella_pneumoniae_ertapenem_RESISTANT__Klebsiella_pneumoniae_R_ertapenem_Klebsiella_pneumoniae_strain_EuSCAPE_GR051.txt,Resistant,258,train,,
R__rgi_Klebsiella_pneumoniae_ertapenem_RESISTANT__Klebsiella_pneumoniae_R_ertapenem_Klebsiella_pneumoniae_strain_EuSCAPE_GR053.txt,Resistant,258,train,,
R__rgi_Klebsiella_pneumoniae_ertapenem_RESISTANT__Klebsiella_pneumoniae_R_ertapenem_Klebsiella_pneumoniae_strain_EuSCAPE_GR057.txt,Resistant,258,train,,
R__rgi_Klebsiella_pneumoniae_ertapenem_RESISTANT__Klebsiella_pneumoniae_R_ertapenem_Klebsiella_pneumoniae_strain_EuSCAPE_GR075.txt,Resistant,383,validation,,
R__rgi_Klebsiella_pneumoniae_ertapenem_RESISTANT__Klebsiella_pneumoniae_R_ertapenem_Klebsiella_pneumoniae_strain_EuSCAPE_GR085.txt,Resistant,258,train,,
R__rgi_Klebsiella_pneumoniae_ertapenem_RESISTANT__Klebsiella_pneumoniae_R_ertapenem_Klebsiella_pneumoniae_strain_EuSCAPE_GR108.txt,Resistant,258,train,,
R__rgi_Klebsiella_pneumoniae_ertapenem_RESISTANT__Klebsiella_pneumoniae_R_ertapenem_Klebsiella_pneumoniae_strain_EuSCAPE_GR110.txt,Resistant,258,train,,
R__rgi_Klebsiella_pneumoniae_ertapenem_RESISTANT__Klebsiella_pneumoniae_R_ertapenem_Klebsiella_pneumoniae_strain_EuSCAPE_GR124.txt,Resistant,340,train,,
R__rgi_Klebsiella_pneumoniae_ertapenem_RESISTANT__Klebsiella_pneumoniae_R_ertapenem_Klebsiella_pneumoniae_strain_EuSCAPE_GR125.txt,Resistant,101,validation,,
R__rgi_Klebsiella_pneumoniae_ertapenem_RESISTANT__Klebsiella_pneumoniae_R_ertapenem_Klebsiella_pneumoniae_strain_EuSCAPE_GR139.txt,Resistant,258,train,,
R__rgi_Klebsiella_pneumoniae_ertapenem_RESISTANT__Klebsiella_pneumoniae_R_ertapenem_Klebsiella_pneumoniae_strain_EuSCAPE_GR146.txt,Resistant,258,train,,
R__rgi_Klebsiella_pneumoniae_ertapenem_RESISTANT__Klebsiella_pneumoniae_R_ertapenem_Klebsiella_pneumoniae_strain_EuSCAPE_GR147.txt,Resistant,147,validation,,
R__rgi_Klebsiella_pneumoniae_ertapenem_RESISTANT__Klebsiella_pneumoniae_R_ertapenem_Klebsiella_pneumoniae_strain_EuSCAPE_IE024.txt,Resistant,258,train,,
R__rgi_Klebsiella_pneumoniae_ertapenem_RESISTANT__Klebsiella_pneumoniae_R_ertapenem_Klebsiella_pneumoniae_strain_EuSCAPE_IL013.txt,Resistant,512,validation,,
R__rgi_Klebsiella_pneumoniae_ertapenem_RESISTANT__Klebsiella_pneumoniae_R_ertapenem_Klebsiella_pneumoniae_strain_EuSCAPE_IL041.txt,Resistant,512,validation,,
R__rgi_Klebsiella_pneumoniae_ertapenem_RESISTANT__Klebsiella_pneumoniae_R_ertapenem_Klebsiella_pneumoniae_strain_EuSCAPE_IL058.txt,Resistant,512,validation,,
R__rgi_Klebsiella_pneumoniae_ertapenem_RESISTANT__Klebsiella_pneumoniae_R_ertapenem_Klebsiella_pneumoniae_strain_EuSCAPE_IL062.txt,Resistant,512,validation,,
R__rgi_Klebsiella_pneumoniae_ertapenem_RESISTANT__Klebsiella_pneumoniae_R_ertapenem_Klebsiella_pneumoniae_strain_EuSCAPE_IT009.txt,Resistant,512,validation,,
R__rgi_Klebsiella_pneumoniae_ertapenem_RESISTANT__Klebsiella_pneumoniae_R_ertapenem_Klebsiella_pneumoniae_strain_EuSCAPE_IT015.txt,Resistant,512,validation,,
R__rgi_Klebsiella_pneumoniae_ertapenem_RESISTANT__Klebsiella_pneumoniae_R_ertapenem_Klebsiella_pneumoniae_strain_EuSCAPE_IT017.txt,Resistant,512,validation,,
R__rgi_Klebsiella_pneumoniae_ertapenem_RESISTANT__Klebsiella_pneumoniae_R_ertapenem_Klebsiella_pneumoniae_strain_EuSCAPE_IT020.txt,Resistant,512,validation,,
R__rgi_Klebsiella_pneumoniae_ertapenem_RESISTANT__Klebsiella_pneumoniae_R_ertapenem_Klebsiella_pneumoniae_strain_EuSCAPE_IT026.txt,Resistant,512,validation,,
R__rgi_Klebsiella_pneumoniae_ertapenem_RESISTANT__Klebsiella_pneumoniae_R_ertapenem_Klebsiella_pneumoniae_strain_EuSCAPE_IT028.txt,Resistant,512,validation,,
R__rgi_Klebsiella_pneumoniae_ertapenem_RESISTANT__Klebsiella_pneumoniae_R_ertapenem_Klebsiella_pneumoniae_strain_EuSCAPE_IT030.txt,Resistant,512,validation,,
R__rgi_Klebsiella_pneumoniae_ertapenem_RESISTANT__Klebsiella_pneumoniae_R_ertapenem_Klebsiella_pneumoniae_strain_EuSCAPE_IT036.txt,Resistant,512,validation,,
R__rgi_Klebsiella_pneumoniae_ertapenem_RESISTANT__Klebsiella_pneumoniae_R_ertapenem_Klebsiella_pneumoniae_strain_EuSCAPE_IT053.txt,Resistant,512,validation,,
R__rgi_Klebsiella_pneumoniae_ertapenem_RESISTANT__Klebsiella_pneumoniae_R_ertapenem_Klebsiella_pneumoniae_strain_EuSCAPE_IT055.txt,Resistant,107,train,,
R__rgi_Klebsiella_pneumoniae_ertapenem_RESISTANT__Klebsiella_pneumoniae_R_ertapenem_Klebsiella_pneumoniae_strain_EuSCAPE_IT064.txt,Resistant,258,train,,
R__rgi_Klebsiella_pneumoniae_ertapenem_RESISTANT__Klebsiella_pneumoniae_R_ertapenem_Klebsiella_pneumoniae_strain_EuSCAPE_IT083.txt,Resistant,512,validation,,
R__rgi_Klebsiella_pneumoniae_ertapenem_RESISTANT__Klebsiella_pneumoniae_R_ertapenem_Klebsiella_pneumoniae_strain_EuSCAPE_IT084.txt,Resistant,512,validation,,
R__rgi_Klebsiella_pneumoniae_ertapenem_RESISTANT__Klebsiella_pneumoniae_R_ertapenem_Klebsiella_pneumoniae_strain_EuSCAPE_IT085.txt,Resistant,512,validation,,
R__rgi_Klebsiella_pneumoniae_ertapenem_RESISTANT__Klebsiella_pneumoniae_R_ertapenem_Klebsiella_pneumoniae_strain_EuSCAPE_IT088.txt,Resistant,512,validation,,
R__rgi_Klebsiella_pneumoniae_ertapenem_RESISTANT__Klebsiella_pneumoniae_R_ertapenem_Klebsiella_pneumoniae_strain_EuSCAPE_IT092.txt,Resistant,512,validation,,
R__rgi_Klebsiella_pneumoniae_ertapenem_RESISTANT__Klebsiella_pneumoniae_R_ertapenem_Klebsiella_pneumoniae_strain_EuSCAPE_IT110.txt,Resistant,512,validation,,
R__rgi_Klebsiella_pneumoniae_ertapenem_RESISTANT__Klebsiella_pneumoniae_R_ertapenem_Klebsiella_pneumoniae_strain_EuSCAPE_IT116.txt,Resistant,512,validation,,
R__rgi_Klebsiella_pneumoniae_ertapenem_RESISTANT__Klebsiella_pneumoniae_R_ertapenem_Klebsiella_pneumoniae_strain_EuSCAPE_IT120.txt,Resistant,512,validation,,
R__rgi_Klebsiella_pneumoniae_ertapenem_RESISTANT__Klebsiella_pneumoniae_R_ertapenem_Klebsiella_pneumoniae_strain_EuSCAPE_IT136.txt,Resistant,258,train,,
R__rgi_Klebsiella_pneumoniae_ertapenem_RESISTANT__Klebsiella_pneumoniae_R_ertapenem_Klebsiella_pneumoniae_strain_EuSCAPE_IT142.txt,Resistant,258,train,,
R__rgi_Klebsiella_pneumoniae_ertapenem_RESISTANT__Klebsiella_pneumoniae_R_ertapenem_Klebsiella_pneumoniae_strain_EuSCAPE_IT144.txt,Resistant,258,train,,
R__rgi_Klebsiella_pneumoniae_ertapenem_RESISTANT__Klebsiella_pneumoniae_R_ertapenem_Klebsiella_pneumoniae_strain_EuSCAPE_IT152.txt,Resistant,512,validation,,
R__rgi_Klebsiella_pneumoniae_ertapenem_RESISTANT__Klebsiella_pneumoniae_R_ertapenem_Klebsiella_pneumoniae_strain_EuSCAPE_IT160.txt,Resistant,512,validation,,
R__rgi_Klebsiella_pneumoniae_ertapenem_RESISTANT__Klebsiella_pneumoniae_R_ertapenem_Klebsiella_pneumoniae_strain_EuSCAPE_IT172.txt,Resistant,512,validation,,
R__rgi_Klebsiella_pneumoniae_ertapenem_RESISTANT__Klebsiella_pneumoniae_R_ertapenem_Klebsiella_pneumoniae_strain_EuSCAPE_IT180.txt,Resistant,512,validation,,
R__rgi_Klebsiella_pneumoniae_ertapenem_RESISTANT__Klebsiella_pneumoniae_R_ertapenem_Klebsiella_pneumoniae_strain_EuSCAPE_IT194.txt,Resistant,512,validation,,
R__rgi_Klebsiella_pneumoniae_ertapenem_RESISTANT__Klebsiella_pneumoniae_R_ertapenem_Klebsiella_pneumoniae_strain_EuSCAPE_IT196.txt,Resistant,512,validation,,
R__rgi_Klebsiella_pneumoniae_ertapenem_RESISTANT__Klebsiella_pneumoniae_R_ertapenem_Klebsiella_pneumoniae_strain_EuSCAPE_IT201.txt,Resistant,101,validation,,
R__rgi_Klebsiella_pneumoniae_ertapenem_RESISTANT__Klebsiella_pneumoniae_R_ertapenem_Klebsiella_pneumoniae_strain_EuSCAPE_IT222.txt,Resistant,512,validation,,
R__rgi_Klebsiella_pneumoniae_ertapenem_RESISTANT__Klebsiella_pneumoniae_R_ertapenem_Klebsiella_pneumoniae_strain_EuSCAPE_IT226.txt,Resistant,512,validation,,
R__rgi_Klebsiella_pneumoniae_ertapenem_RESISTANT__Klebsiella_pneumoniae_R_ertapenem_Klebsiella_pneumoniae_strain_EuSCAPE_IT248.txt,Resistant,258,train,,
R__rgi_Klebsiella_pneumoniae_ertapenem_RESISTANT__Klebsiella_pneumoniae_R_ertapenem_Klebsiella_pneumoniae_strain_EuSCAPE_IT254.txt,Resistant,512,validation,,
R__rgi_Klebsiella_pneumoniae_ertapenem_RESISTANT__Klebsiella_pneumoniae_R_ertapenem_Klebsiella_pneumoniae_strain_EuSCAPE_IT262.txt,Resistant,512,validation,,
R__rgi_Klebsiella_pneumoniae_ertapenem_RESISTANT__Klebsiella_pneumoniae_R_ertapenem_Klebsiella_pneumoniae_strain_EuSCAPE_IT264.txt,Resistant,512,validation,,
R__rgi_Klebsiella_pneumoniae_ertapenem_RESISTANT__Klebsiella_pneumoniae_R_ertapenem_Klebsiella_pneumoniae_strain_EuSCAPE_IT278.txt,Resistant,512,validation,,
R__rgi_Klebsiella_pneumoniae_ertapenem_RESISTANT__Klebsiella_pneumoniae_R_ertapenem_Klebsiella_pneumoniae_strain_EuSCAPE_IT288.txt,Resistant,512,validation,,
R__rgi_Klebsiella_pneumoniae_ertapenem_RESISTANT__Klebsiella_pneumoniae_R_ertapenem_Klebsiella_pneumoniae_strain_EuSCAPE_IT290.txt,Resistant,258,train,,
R__rgi_Klebsiella_pneumoniae_ertapenem_RESISTANT__Klebsiella_pneumoniae_R_ertapenem_Klebsiella_pneumoniae_strain_EuSCAPE_IT292.txt,Resistant,258,train,,
R__rgi_Klebsiella_pneumoniae_ertapenem_RESISTANT__Klebsiella_pneumoniae_R_ertapenem_Klebsiella_pneumoniae_strain_EuSCAPE_IT294.txt,Resistant,512,validation,,
R__rgi_Klebsiella_pneumoniae_ertapenem_RESISTANT__Klebsiella_pneumoniae_R_ertapenem_Klebsiella_pneumoniae_strain_EuSCAPE_IT300.txt,Resistant,512,validation,,
R__rgi_Klebsiella_pneumoniae_ertapenem_RESISTANT__Klebsiella_pneumoniae_R_ertapenem_Klebsiella_pneumoniae_strain_EuSCAPE_IT308.txt,Resistant,512,validation,,
R__rgi_Klebsiella_pneumoniae_ertapenem_RESISTANT__Klebsiella_pneumoniae_R_ertapenem_Klebsiella_pneumoniae_strain_EuSCAPE_IT318.txt,Resistant,512,validation,,
R__rgi_Klebsiella_pneumoniae_ertapenem_RESISTANT__Klebsiella_pneumoniae_R_ertapenem_Klebsiella_pneumoniae_strain_EuSCAPE_IT322.txt,Resistant,512,validation,,
R__rgi_Klebsiella_pneumoniae_ertapenem_RESISTANT__Klebsiella_pneumoniae_R_ertapenem_Klebsiella_pneumoniae_strain_EuSCAPE_IT330.txt,Resistant,512,validation,,
R__rgi_Klebsiella_pneumoniae_ertapenem_RESISTANT__Klebsiella_pneumoniae_R_ertapenem_Klebsiella_pneumoniae_strain_EuSCAPE_IT333.txt,Resistant,512,validation,,
R__rgi_Klebsiella_pneumoniae_ertapenem_RESISTANT__Klebsiella_pneumoniae_R_ertapenem_Klebsiella_pneumoniae_strain_EuSCAPE_IT336.txt,Resistant,512,validation,,
R__rgi_Klebsiella_pneumoniae_ertapenem_RESISTANT__Klebsiella_pneumoniae_R_ertapenem_Klebsiella_pneumoniae_strain_EuSCAPE_IT343.txt,Resistant,512,validation,,
R__rgi_Klebsiella_pneumoniae_ertapenem_RESISTANT__Klebsiella_pneumoniae_R_ertapenem_Klebsiella_pneumoniae_strain_EuSCAPE_IT359.txt,Resistant,512,validation,,
R__rgi_Klebsiella_pneumoniae_ertapenem_RESISTANT__Klebsiella_pneumoniae_R_ertapenem_Klebsiella_pneumoniae_strain_EuSCAPE_IT366.txt,Resistant,512,validation,,
R__rgi_Klebsiella_pneumoniae_ertapenem_RESISTANT__Klebsiella_pneumoniae_R_ertapenem_Klebsiella_pneumoniae_strain_EuSCAPE_IT368.txt,Resistant,512,validation,,
R__rgi_Klebsiella_pneumoniae_ertapenem_RESISTANT__Klebsiella_pneumoniae_R_ertapenem_Klebsiella_pneumoniae_strain_EuSCAPE_IT384.txt,Resistant,512,validation,,
R__rgi_Klebsiella_pneumoniae_ertapenem_RESISTANT__Klebsiella_pneumoniae_R_ertapenem_Klebsiella_pneumoniae_strain_EuSCAPE_IT386.txt,Resistant,512,validation,,
R__rgi_Klebsiella_pneumoniae_ertapenem_RESISTANT__Klebsiella_pneumoniae_R_ertapenem_Klebsiella_pneumoniae_strain_EuSCAPE_LU006.txt,Resistant,37,train,,
R__rgi_Klebsiella_pneumoniae_ertapenem_RESISTANT__Klebsiella_pneumoniae_R_ertapenem_Klebsiella_pneumoniae_strain_EuSCAPE_LU018.txt,Resistant,37,train,,
R__rgi_Klebsiella_pneumoniae_ertapenem_RESISTANT__Klebsiella_pneumoniae_R_ertapenem_Klebsiella_pneumoniae_strain_EuSCAPE_MK006.txt,Resistant,258,train,,
R__rgi_Klebsiella_pneumoniae_ertapenem_RESISTANT__Klebsiella_pneumoniae_R_ertapenem_Klebsiella_pneumoniae_strain_EuSCAPE_PT003.txt,Resistant,45,validation,,
R__rgi_Klebsiella_pneumoniae_ertapenem_RESISTANT__Klebsiella_pneumoniae_R_ertapenem_Klebsiella_pneumoniae_strain_EuSCAPE_PT004.txt,Resistant,45,validation,,
R__rgi_Klebsiella_pneumoniae_ertapenem_RESISTANT__Klebsiella_pneumoniae_R_ertapenem_Klebsiella_pneumoniae_strain_EuSCAPE_PT005.txt,Resistant,45,validation,,
R__rgi_Klebsiella_pneumoniae_ertapenem_RESISTANT__Klebsiella_pneumoniae_R_ertapenem_Klebsiella_pneumoniae_strain_EuSCAPE_PT013.txt,Resistant,45,validation,,
R__rgi_Klebsiella_pneumoniae_ertapenem_RESISTANT__Klebsiella_pneumoniae_R_ertapenem_Klebsiella_pneumoniae_strain_EuSCAPE_PT053.txt,Resistant,15,train,,
R__rgi_Klebsiella_pneumoniae_ertapenem_RESISTANT__Klebsiella_pneumoniae_R_ertapenem_Klebsiella_pneumoniae_strain_EuSCAPE_PT055.txt,Resistant,45,validation,,
R__rgi_Klebsiella_pneumoniae_ertapenem_RESISTANT__Klebsiella_pneumoniae_R_ertapenem_Klebsiella_pneumoniae_strain_EuSCAPE_PT072.txt,Resistant,323,train,,
R__rgi_Klebsiella_pneumoniae_ertapenem_RESISTANT__Klebsiella_pneumoniae_R_ertapenem_Klebsiella_pneumoniae_strain_EuSCAPE_RO005.txt,Resistant,147,validation,,
R__rgi_Klebsiella_pneumoniae_ertapenem_RESISTANT__Klebsiella_pneumoniae_R_ertapenem_Klebsiella_pneumoniae_strain_EuSCAPE_UK025.txt,Resistant,258,train,,
Kp_ertapenem_R_F36_573_79047_rgi.txt,Resistant,11,train,573.79047,
Kp_ertapenem_R_FA-16_573_83551_rgi.txt,Resistant,307,validation,573.83551,
Kp_ertapenem_R_FA-25_573_83548_rgi.txt,Resistant,307,validation,573.83548,
Kp_ertapenem_R_FA-5_573_83554_rgi.txt,Resistant,512,validation,573.83554,
Kp_ertapenem_R_FAHZZU6216_573_84176_rgi.txt,Resistant,11,train,573.84176,
Kp_ertapenem_R_FH-2_573_24319_rgi.txt,Resistant,258,train,573.24319,
Kp_ertapenem_R_FK2831_573_83873_rgi.txt,Resistant,11,train,573.83873,
Kp_ertapenem_R_FK2831-HR_573_83872_rgi.txt,Resistant,11,train,573.83872,
Kp_ertapenem_R_FK2847_573_83870_rgi.txt,Resistant,11,train,573.8387,
Kp_ertapenem_R_FK2847-HR_573_83874_rgi.txt,Resistant,11,train,573.83874,
Kp_ertapenem_R_FK2866_573_83862_rgi.txt,Resistant,11,train,573.83862,
Kp_ertapenem_R_FK2866-HR_573_83864_rgi.txt,Resistant,11,train,573.83864,
Kp_ertapenem_R_FK2958-HR_573_83863_rgi.txt,Resistant,11,train,573.83863,
Kp_ertapenem_R_FK3001_573_83865_rgi.txt,Resistant,11,train,573.83865,
Kp_ertapenem_R_FK3001-HR_573_83860_rgi.txt,Resistant,11,train,573.8386,
Kp_ertapenem_R_FK3166-HR_573_83866_rgi.txt,Resistant,11,train,573.83866,
Kp_ertapenem_R_FK3686-HR_573_83867_rgi.txt,Resistant,11,train,573.83867,
Kp_ertapenem_R_FK3719-HR_573_83875_rgi.txt,Resistant,11,train,573.83875,
Kp_ertapenem_R_FK3730_573_83859_rgi.txt,Resistant,11,train,573.83859,
Kp_ertapenem_R_FK3730-HR_573_83858_rgi.txt,Resistant,11,train,573.83858,
Kp_ertapenem_R_FK3732-HR_573_83857_rgi.txt,Resistant,11,train,573.83857,
Kp_ertapenem_R_FK3746-HR_573_83856_rgi.txt,Resistant,11,train,573.83856,
Kp_ertapenem_R_FK3831-HR_573_83853_rgi.txt,Resistant,11,train,573.83853,
Kp_ertapenem_R_FK3845_573_83848_rgi.txt,Resistant,11,train,573.83848,
Kp_ertapenem_R_FK3882_573_83849_rgi.txt,Resistant,11,train,573.83849,
Kp_ertapenem_R_FK3882-HR_573_83851_rgi.txt,Resistant,11,train,573.83851,
Kp_ertapenem_R_FK3886-HR_573_83846_rgi.txt,Resistant,11,train,573.83846,
Kp_ertapenem_R_FK3981-HR_573_83847_rgi.txt,Resistant,11,train,573.83847,
Kp_ertapenem_R_FK3990-HR_573_83844_rgi.txt,Resistant,11,train,573.83844,
Kp_ertapenem_R_FK3991-HR_573_83843_rgi.txt,Resistant,11,train,573.83843,
Kp_ertapenem_R_FK4009-HR_573_83839_rgi.txt,Resistant,11,train,573.83839,
Kp_ertapenem_R_FK4020-HR_573_83837_rgi.txt,Resistant,11,train,573.83837,
Kp_ertapenem_R_FK5164_573_78100_rgi.txt,Resistant,11,train,573.781,
Kp_ertapenem_R_FK5222_573_78091_rgi.txt,Resistant,11,train,573.78091,
Kp_ertapenem_R_FK6172_573_83833_rgi.txt,Resistant,11,train,573.83833,
Kp_ertapenem_R_FK6172-HR_573_83836_rgi.txt,Resistant,11,train,573.83836,
Kp_ertapenem_R_FK6299_573_83830_rgi.txt,Resistant,11,train,573.8383,
Kp_ertapenem_R_FK6299-HR_573_83834_rgi.txt,Resistant,11,train,573.83834,
Kp_ertapenem_R_FK6304_573_83829_rgi.txt,Resistant,11,train,573.83829,
Kp_ertapenem_R_FK6336-HR_573_83827_rgi.txt,Resistant,11,train,573.83827,
Kp_ertapenem_R_FK6469_573_83824_rgi.txt,Resistant,11,train,573.83824,
Kp_ertapenem_R_FK6469-HR_573_83831_rgi.txt,Resistant,11,train,573.83831,
Kp_ertapenem_R_FK6506_573_83826_rgi.txt,Resistant,11,train,573.83826,
Kp_ertapenem_R_FK6625-HR_573_83823_rgi.txt,Resistant,11,train,573.83823,
Kp_ertapenem_R_FK6658_573_83828_rgi.txt,Resistant,11,train,573.83828,
Kp_ertapenem_R_FK6696_573_78107_rgi.txt,Resistant,11,train,573.78107,
Kp_ertapenem_R_FK6916_573_78098_rgi.txt,Resistant,11,train,573.78098,
Kp_ertapenem_R_FK7407_573_83817_rgi.txt,Resistant,11,train,573.83817,
Kp_ertapenem_R_FK7407-HR_573_83822_rgi.txt,Resistant,11,train,573.83822,
Kp_ertapenem_R_FK7410_573_83812_rgi.txt,Resistant,11,train,573.83812,
Kp_ertapenem_R_FK7410-HR_573_83816_rgi.txt,Resistant,11,train,573.83816,
Kp_ertapenem_R_FK7792_573_78086_rgi.txt,Resistant,11,train,573.78086,
Kp_ertapenem_R_FK7804-HR_573_83815_rgi.txt,Resistant,11,train,573.83815,
Kp_ertapenem_R_FK8017_573_83811_rgi.txt,Resistant,11,train,573.83811,
Kp_ertapenem_R_FK8036_573_83810_rgi.txt,Resistant,11,train,573.8381,
Kp_ertapenem_R_FK8036-HR_573_83809_rgi.txt,Resistant,11,train,573.83809,
Kp_ertapenem_R_FK8055-HR_573_83807_rgi.txt,Resistant,11,train,573.83807,
Kp_ertapenem_R_FK8072_573_83808_rgi.txt,Resistant,11,train,573.83808,
Kp_ertapenem_R_FK8072-HR_573_83806_rgi.txt,Resistant,11,train,573.83806,
Kp_ertapenem_R_FK8078_573_83805_rgi.txt,Resistant,11,train,573.83805,
Kp_ertapenem_R_FK8078-HR_573_83804_rgi.txt,Resistant,11,train,573.83804,
Kp_ertapenem_R_FK8132_573_83801_rgi.txt,Resistant,11,train,573.83801,
Kp_ertapenem_R_FK8132-HR_573_83803_rgi.txt,Resistant,11,train,573.83803,
Kp_ertapenem_R_FK8136-HR_573_83799_rgi.txt,Resistant,11,train,573.83799,
Kp_ertapenem_R_FK8152-HR_573_83802_rgi.txt,Resistant,11,train,573.83802,
Kp_ertapenem_R_FR21CRUS7211_573_84037_rgi.txt,Resistant,258,train,573.84037,
Kp_ertapenem_R_FR21FBAR1544_573_84034_rgi.txt,Resistant,11,train,573.84034,
R__rgi_Klebsiella_pneumoniae_ertapenem__Klebsiella_pneumoniae_ertapenem_R_GCA_000401195.1_GCA_000401195.1_rgi.txt,Resistant,258,train,,GCA_000401195.1
R__rgi_Klebsiella_pneumoniae_ertapenem__Klebsiella_pneumoniae_ertapenem_R_GCA_000406385.1_GCA_000406385.1_rgi.txt,Resistant,1272,train,,GCA_000406385.1
R__rgi_Klebsiella_pneumoniae_ertapenem__Klebsiella_pneumoniae_ertapenem_R_GCA_000406425.1_GCA_000406425.1_rgi.txt,Resistant,258,train,,GCA_000406425.1
R__rgi_Klebsiella_pneumoniae_ertapenem__Klebsiella_pneumoniae_ertapenem_R_GCA_000406445.1_GCA_000406445.1_rgi.txt,Resistant,258,train,,GCA_000406445.1
R__rgi_Klebsiella_pneumoniae_ertapenem__Klebsiella_pneumoniae_ertapenem_R_GCA_000406465.1_GCA_000406465.1_rgi.txt,Resistant,258,train,,GCA_000406465.1
R__rgi_Klebsiella_pneumoniae_ertapenem__Klebsiella_pneumoniae_ertapenem_R_GCA_000406485.1_GCA_000406485.1_rgi.txt,Resistant,258,train,,GCA_000406485.1
R__rgi_Klebsiella_pneumoniae_ertapenem__Klebsiella_pneumoniae_ertapenem_R_GCA_000406505.1_GCA_000406505.1_rgi.txt,Resistant,1272,train,,GCA_000406505.1
R__rgi_Klebsiella_pneumoniae_ertapenem__Klebsiella_pneumoniae_ertapenem_R_GCA_000406525.1_GCA_000406525.1_rgi.txt,Resistant,234,train,,GCA_000406525.1
R__rgi_Klebsiella_pneumoniae_ertapenem__Klebsiella_pneumoniae_ertapenem_R_GCA_000406545.1_GCA_000406545.1_rgi.txt,Resistant,258,train,,GCA_000406545.1
R__rgi_Klebsiella_pneumoniae_ertapenem__Klebsiella_pneumoniae_ertapenem_R_GCA_000406565.1_GCA_000406565.1_rgi.txt,Resistant,258,train,,GCA_000406565.1
R__rgi_Klebsiella_pneumoniae_ertapenem__Klebsiella_pneumoniae_ertapenem_R_GCA_000406585.1_GCA_000406585.1_rgi.txt,Resistant,258,train,,GCA_000406585.1
R__rgi_Klebsiella_pneumoniae_ertapenem__Klebsiella_pneumoniae_ertapenem_R_GCA_000406605.1_GCA_000406605.1_rgi.txt,Resistant,258,train,,GCA_000406605.1
R__rgi_Klebsiella_pneumoniae_ertapenem__Klebsiella_pneumoniae_ertapenem_R_GCA_000406625 (1).1_GCA_000406625.1_rgi.txt,Resistant,258,train,,GCA_000406625.1
R__rgi_Klebsiella_pneumoniae_ertapenem__Klebsiella_pneumoniae_ertapenem_R_GCA_000406645.1_GCA_000406645.1_rgi.txt,Resistant,258,train,,GCA_000406645.1
R__rgi_Klebsiella_pneumoniae_ertapenem__Klebsiella_pneumoniae_ertapenem_R_GCA_000406665.1_GCA_000406665.1_rgi.txt,Resistant,258,train,,GCA_000406665.1
R__rgi_Klebsiella_pneumoniae_ertapenem__Klebsiella_pneumoniae_ertapenem_R_GCA_000406685.1_GCA_000406685.1_rgi.txt,Resistant,258,train,,GCA_000406685.1
R__rgi_Klebsiella_pneumoniae_ertapenem__Klebsiella_pneumoniae_ertapenem_R_GCA_000406705.1_GCA_000406705.1_rgi.txt,Resistant,258,train,,GCA_000406705.1
R__rgi_Klebsiella_pneumoniae_ertapenem__Klebsiella_pneumoniae_ertapenem_R_GCA_000406725.1_GCA_000406725.1_rgi.txt,Resistant,258,train,,GCA_000406725.1
R__rgi_Klebsiella_pneumoniae_ertapenem__Klebsiella_pneumoniae_ertapenem_R_GCA_000406745.1_GCA_000406745.1_rgi.txt,Resistant,258,train,,GCA_000406745.1
R__rgi_Klebsiella_pneumoniae_ertapenem__Klebsiella_pneumoniae_ertapenem_R_GCA_000406765.2_GCA_000406765.2_rgi.txt,Resistant,Unknown,validation,,GCA_000406765.2
R__rgi_Klebsiella_pneumoniae_ertapenem__Klebsiella_pneumoniae_ertapenem_R_GCA_000406825.1_GCA_000406825.1_rgi.txt,Resistant,258,train,,GCA_000406825.1
R__rgi_Klebsiella_pneumoniae_ertapenem__Klebsiella_pneumoniae_ertapenem_R_GCA_000406845 (1).1_GCA_000406845.1_rgi.txt,Resistant,258,train,,GCA_000406845.1
R__rgi_Klebsiella_pneumoniae_ertapenem__Klebsiella_pneumoniae_ertapenem_R_GCA_000406865.1_GCA_000406865.1_rgi.txt,Resistant,258,train,,GCA_000406865.1
R__rgi_Klebsiella_pneumoniae_ertapenem__Klebsiella_pneumoniae_ertapenem_R_GCA_000406885.1_GCA_000406885.1_rgi.txt,Resistant,258,train,,GCA_000406885.1
R__rgi_Klebsiella_pneumoniae_ertapenem__Klebsiella_pneumoniae_ertapenem_R_GCA_000408965.1_GCA_000408965.1_rgi.txt,Resistant,258,train,,GCA_000408965.1
R__rgi_Klebsiella_pneumoniae_ertapenem__Klebsiella_pneumoniae_ertapenem_R_GCA_000409005.1_GCA_000409005.1_rgi.txt,Resistant,258,train,,GCA_000409005.1
R__rgi_Klebsiella_pneumoniae_ertapenem__Klebsiella_pneumoniae_ertapenem_R_GCA_000409045.1_GCA_000409045.1_rgi.txt,Resistant,258,train,,GCA_000409045.1
R__rgi_Klebsiella_pneumoniae_ertapenem__Klebsiella_pneumoniae_ertapenem_R_GCA_000417045.1_GCA_000417045.1_rgi.txt,Resistant,258,train,,GCA_000417045.1
R__rgi_Klebsiella_pneumoniae_ertapenem__Klebsiella_pneumoniae_ertapenem_R_GCA_000417065.1_GCA_000417065.1_rgi.txt,Resistant,258,train,,GCA_000417065.1
R__rgi_Klebsiella_pneumoniae_ertapenem__Klebsiella_pneumoniae_ertapenem_R_GCA_000417105.1_GCA_000417105.1_rgi.txt,Resistant,258,train,,GCA_000417105.1
R__rgi_Klebsiella_pneumoniae_ertapenem__Klebsiella_pneumoniae_ertapenem_R_GCA_000417125.1_GCA_000417125.1_rgi.txt,Resistant,258,train,,GCA_000417125.1
R__rgi_Klebsiella_pneumoniae_ertapenem__Klebsiella_pneumoniae_ertapenem_R_GCA_000417165.1_GCA_000417165.1_rgi.txt,Resistant,258,train,,GCA_000417165.1
R__rgi_Klebsiella_pneumoniae_ertapenem__Klebsiella_pneumoniae_ertapenem_R_GCA_000417185.1_GCA_000417185.1_rgi.txt,Resistant,258,train,,GCA_000417185.1
R__rgi_Klebsiella_pneumoniae_ertapenem__Klebsiella_pneumoniae_ertapenem_R_GCA_000417205.1_GCA_000417205.1_rgi.txt,Resistant,258,train,,GCA_000417205.1
R__rgi_Klebsiella_pneumoniae_ertapenem__Klebsiella_pneumoniae_ertapenem_R_GCA_000417265.2_GCA_000417265.2_rgi.txt,Resistant,Unknown,validation,,GCA_000417265.2
R__rgi_Klebsiella_pneumoniae_ertapenem__Klebsiella_pneumoniae_ertapenem_R_GCA_000417385 (1).1_GCA_000417385.1_rgi.txt,Resistant,258,train,,GCA_000417385.1
R__rgi_Klebsiella_pneumoniae_ertapenem__Klebsiella_pneumoniae_ertapenem_R_GCA_000417405.1_GCA_000417405.1_rgi.txt,Resistant,258,train,,GCA_000417405.1
R__rgi_Klebsiella_pneumoniae_ertapenem__Klebsiella_pneumoniae_ertapenem_R_GCA_000417425.1_GCA_000417425.1_rgi.txt,Resistant,258,train,,GCA_000417425.1
R__rgi_Klebsiella_pneumoniae_ertapenem__Klebsiella_pneumoniae_ertapenem_R_GCA_000417485 (1).1_GCA_000417485.1_rgi.txt,Resistant,45,validation,,GCA_000417485.1
R__rgi_Klebsiella_pneumoniae_ertapenem__Klebsiella_pneumoniae_ertapenem_R_GCA_000534095.1_GCA_000534095.1_rgi.txt,Resistant,93,train,,GCA_000534095.1
R__rgi_Klebsiella_pneumoniae_ertapenem__Klebsiella_pneumoniae_ertapenem_R_GCA_000534135.1_GCA_000534135.1_rgi.txt,Resistant,4,train,,GCA_000534135.1
R__rgi_Klebsiella_pneumoniae_ertapenem__Klebsiella_pneumoniae_ertapenem_R_GCA_000534335.1_GCA_000534335.1_rgi.txt,Resistant,93,train,,GCA_000534335.1
R__rgi_Klebsiella_pneumoniae_ertapenem__Klebsiella_pneumoniae_ertapenem_R_GCA_000566905.1_GCA_000566905.1_rgi.txt,Resistant,873,train,,GCA_000566905.1
R__rgi_Klebsiella_pneumoniae_ertapenem__Klebsiella_pneumoniae_ertapenem_R_GCA_000566945.1_GCA_000566945.1_rgi.txt,Resistant,258,train,,GCA_000566945.1
R__rgi_Klebsiella_pneumoniae_ertapenem__Klebsiella_pneumoniae_ertapenem_R_GCA_000566985.1_GCA_000566985.1_rgi.txt,Resistant,258,train,,GCA_000566985.1
R__rgi_Klebsiella_pneumoniae_ertapenem__Klebsiella_pneumoniae_ertapenem_R_GCA_000709165.2_GCA_000709165.2_rgi.txt,Resistant,Unknown,validation,,GCA_000709165.2
R__rgi_Klebsiella_pneumoniae_ertapenem__Klebsiella_pneumoniae_ertapenem_R_GCA_000709185.2_GCA_000709185.2_rgi.txt,Resistant,Unknown,validation,,GCA_000709185.2
R__rgi_Klebsiella_pneumoniae_ertapenem__Klebsiella_pneumoniae_ertapenem_R_GCA_001704235.1_GCA_001704235.1_rgi.txt,Resistant,Unknown,validation,,GCA_001704235.1
R__rgi_Klebsiella_pneumoniae_ertapenem__Klebsiella_pneumoniae_ertapenem_R_GCA_001709275.1_GCA_001709275.1_rgi.txt,Resistant,14,train,,GCA_001709275.1
R__rgi_Klebsiella_pneumoniae_ertapenem__Klebsiella_pneumoniae_ertapenem_R_GCA_001709295.1_GCA_001709295.1_rgi.txt,Resistant,14,train,,GCA_001709295.1
R__rgi_Klebsiella_pneumoniae_ertapenem__Klebsiella_pneumoniae_ertapenem_R_GCA_001720705.1_GCA_001720705.1_rgi.txt,Resistant,Unknown,validation,,GCA_001720705.1
R__rgi_Klebsiella_pneumoniae_ertapenem__Klebsiella_pneumoniae_ertapenem_R_GCA_001720745.1_GCA_001720745.1_rgi.txt,Resistant,Unknown,validation,,GCA_001720745.1
R__rgi_Klebsiella_pneumoniae_ertapenem__Klebsiella_pneumoniae_ertapenem_R_GCA_001720755.1_GCA_001720755.1_rgi.txt,Resistant,Unknown,validation,,GCA_001720755.1
R__rgi_Klebsiella_pneumoniae_ertapenem__Klebsiella_pneumoniae_ertapenem_R_GCA_001720765.1_GCA_001720765.1_rgi.txt,Resistant,Unknown,validation,,GCA_001720765.1
R__rgi_Klebsiella_pneumoniae_ertapenem__Klebsiella_pneumoniae_ertapenem_R_GCA_001720845.1_GCA_001720845.1_rgi.txt,Resistant,Unknown,validation,,GCA_001720845.1
R__rgi_Klebsiella_pneumoniae_ertapenem__Klebsiella_pneumoniae_ertapenem_R_GCA_001720865.1_GCA_001720865.1_rgi.txt,Resistant,Unknown,validation,,GCA_001720865.1
R__rgi_Klebsiella_pneumoniae_ertapenem__Klebsiella_pneumoniae_ertapenem_R_GCA_001720905.1_GCA_001720905.1_rgi.txt,Resistant,Unknown,validation,,GCA_001720905.1
R__rgi_Klebsiella_pneumoniae_ertapenem__Klebsiella_pneumoniae_ertapenem_R_GCA_001874695.1_GCA_001874695.1_rgi.txt,Resistant,Unknown,validation,,GCA_001874695.1
R__rgi_Klebsiella_pneumoniae_ertapenem__Klebsiella_pneumoniae_ertapenem_R_GCA_001874715.1_GCA_001874715.1_rgi.txt,Resistant,Unknown,validation,,GCA_001874715.1
R__rgi_Klebsiella_pneumoniae_ertapenem__Klebsiella_pneumoniae_ertapenem_R_GCA_001874865.1_GCA_001874865.1_rgi.txt,Resistant,Unknown,validation,,GCA_001874865.1
R__rgi_Klebsiella_pneumoniae_ertapenem__Klebsiella_pneumoniae_ertapenem_R_GCA_001874875.1_GCA_001874875.1_rgi.txt,Resistant,Unknown,validation,,GCA_001874875.1
R__rgi_Klebsiella_pneumoniae_ertapenem__Klebsiella_pneumoniae_ertapenem_R_GCA_001875045.2_GCA_001875045.2_rgi.txt,Resistant,Unknown,validation,,GCA_001875045.2
R__rgi_Klebsiella_pneumoniae_ertapenem__Klebsiella_pneumoniae_ertapenem_R_GCA_001875055.2_GCA_001875055.2_rgi.txt,Resistant,Unknown,validation,,GCA_001875055.2
R__rgi_Klebsiella_pneumoniae_ertapenem__Klebsiella_pneumoniae_ertapenem_R_GCA_001875075.1_GCA_001875075.1_rgi.txt,Resistant,Unknown,validation,,GCA_001875075.1
R__rgi_Klebsiella_pneumoniae_ertapenem__Klebsiella_pneumoniae_ertapenem_R_GCA_001875105.1_GCA_001875105.1_rgi.txt,Resistant,Unknown,validation,,GCA_001875105.1
R__rgi_Klebsiella_pneumoniae_ertapenem__Klebsiella_pneumoniae_ertapenem_R_GCA_001875125.1_GCA_001875125.1_rgi.txt,Resistant,Unknown,validation,,GCA_001875125.1
R__rgi_Klebsiella_pneumoniae_ertapenem__Klebsiella_pneumoniae_ertapenem_R_GCA_001875135.1_GCA_001875135.1_rgi.txt,Resistant,Unknown,validation,,GCA_001875135.1
R__rgi_Klebsiella_pneumoniae_ertapenem__Klebsiella_pneumoniae_ertapenem_R_GCA_002055765.1_GCA_002055765.1_rgi.txt,Resistant,234,train,,GCA_002055765.1
R__rgi_Klebsiella_pneumoniae_ertapenem__Klebsiella_pneumoniae_ertapenem_R_GCA_002056475.1_GCA_002056475.1_rgi.txt,Resistant,258,train,,GCA_002056475.1
R__rgi_Klebsiella_pneumoniae_ertapenem__Klebsiella_pneumoniae_ertapenem_R_GCA_002180155.1_GCA_002180155.1_rgi.txt,Resistant,258,train,,GCA_002180155.1
R__rgi_Klebsiella_pneumoniae_ertapenem__Klebsiella_pneumoniae_ertapenem_R_GCA_002180255.1_GCA_002180255.1_rgi.txt,Resistant,163,train,,GCA_002180255.1
R__rgi_Klebsiella_pneumoniae_ertapenem__Klebsiella_pneumoniae_ertapenem_R_GCA_002180315.1_GCA_002180315.1_rgi.txt,Resistant,14,train,,GCA_002180315.1
R__rgi_Klebsiella_pneumoniae_ertapenem__Klebsiella_pneumoniae_ertapenem_R_GCA_002192375.1_GCA_002192375.1_rgi.txt,Resistant,147,validation,,GCA_002192375.1
R__rgi_Klebsiella_pneumoniae_ertapenem__Klebsiella_pneumoniae_ertapenem_R_GCA_002197225.1_GCA_002197225.1_rgi.txt,Resistant,258,train,,GCA_002197225.1
R__rgi_Klebsiella_pneumoniae_ertapenem__Klebsiella_pneumoniae_ertapenem_R_GCA_002202195.1_GCA_002202195.1_rgi.txt,Resistant,37,train,,GCA_002202195.1
R__rgi_Klebsiella_pneumoniae_ertapenem__Klebsiella_pneumoniae_ertapenem_R_GCA_002202255.1_GCA_002202255.1_rgi.txt,Resistant,11,train,,GCA_002202255.1
R__rgi_Klebsiella_pneumoniae_ertapenem__Klebsiella_pneumoniae_ertapenem_R_GCA_002202275.1_GCA_002202275.1_rgi.txt,Resistant,1161,train,,GCA_002202275.1
R__rgi_Klebsiella_pneumoniae_ertapenem__Klebsiella_pneumoniae_ertapenem_R_GCA_002796425.1_GCA_002796425.1_rgi.txt,Resistant,240,train,,GCA_002796425.1
R__rgi_Klebsiella_pneumoniae_ertapenem__Klebsiella_pneumoniae_ertapenem_R_GCA_002918585.2_GCA_002918585.2_rgi.txt,Resistant,Unknown,validation,,GCA_002918585.2
R__rgi_Klebsiella_pneumoniae_ertapenem__Klebsiella_pneumoniae_ertapenem_R_GCA_002918815.1_GCA_002918815.1_rgi.txt,Resistant,197,train,,GCA_002918815.1
R__rgi_Klebsiella_pneumoniae_ertapenem__Klebsiella_pneumoniae_ertapenem_R_GCA_002968475.1_GCA_002968475.1_rgi.txt,Resistant,258,train,,GCA_002968475.1
R__rgi_Klebsiella_pneumoniae_ertapenem__Klebsiella_pneumoniae_ertapenem_R_GCA_002968495.1_GCA_002968495.1_rgi.txt,Resistant,258,train,,GCA_002968495.1
R__rgi_Klebsiella_pneumoniae_ertapenem__Klebsiella_pneumoniae_ertapenem_R_GCA_003069525.1_GCA_003069525.1_rgi.txt,Resistant,14,train,,GCA_003069525.1
R__rgi_Klebsiella_pneumoniae_ertapenem__Klebsiella_pneumoniae_ertapenem_R_GCA_003071305.1_GCA_003071305.1_rgi.txt,Resistant,34,train,,GCA_003071305.1
R__rgi_Klebsiella_pneumoniae_ertapenem__Klebsiella_pneumoniae_ertapenem_R_GCA_003073315.1_GCA_003073315.1_rgi.txt,Resistant,34,train,,GCA_003073315.1
R__rgi_Klebsiella_pneumoniae_ertapenem__Klebsiella_pneumoniae_ertapenem_R_GCA_003073335.1_GCA_003073335.1_rgi.txt,Resistant,11,train,,GCA_003073335.1
R__rgi_Klebsiella_pneumoniae_ertapenem__Klebsiella_pneumoniae_ertapenem_R_GCA_003073675.1_GCA_003073675.1_rgi.txt,Resistant,512,validation,,GCA_003073675.1
R__rgi_Klebsiella_pneumoniae_ertapenem__Klebsiella_pneumoniae_ertapenem_R_GCA_003194285.1_GCA_003194285.1_rgi.txt,Resistant,147,validation,,GCA_003194285.1
R__rgi_Klebsiella_pneumoniae_ertapenem__Klebsiella_pneumoniae_ertapenem_R_GCA_003194325.1_GCA_003194325.1_rgi.txt,Resistant,17,train,,GCA_003194325.1
R__rgi_Klebsiella_pneumoniae_ertapenem__Klebsiella_pneumoniae_ertapenem_R_GCA_003204465.1_GCA_003204465.1_rgi.txt,Resistant,34,train,,GCA_003204465.1
R__rgi_Klebsiella_pneumoniae_ertapenem__Klebsiella_pneumoniae_ertapenem_R_GCA_003571545.1_GCA_003571545.1_rgi.txt,Resistant,101,validation,,GCA_003571545.1
R__rgi_Klebsiella_pneumoniae_ertapenem__Klebsiella_pneumoniae_ertapenem_R_GCA_003571585.1_GCA_003571585.1_rgi.txt,Resistant,36,train,,GCA_003571585.1
R__rgi_Klebsiella_pneumoniae_ertapenem__Klebsiella_pneumoniae_ertapenem_R_GCA_003571605.1_GCA_003571605.1_rgi.txt,Resistant,16,train,,GCA_003571605.1
R__rgi_Klebsiella_pneumoniae_ertapenem__Klebsiella_pneumoniae_ertapenem_R_GCA_003571645.1_GCA_003571645.1_rgi.txt,Resistant,3603,train,,GCA_003571645.1
R__rgi_Klebsiella_pneumoniae_ertapenem__Klebsiella_pneumoniae_ertapenem_R_GCA_003571745.1_GCA_003571745.1_rgi.txt,Resistant,147,validation,,GCA_003571745.1
R__rgi_Klebsiella_pneumoniae_ertapenem__Klebsiella_pneumoniae_ertapenem_R_GCA_003950535.1_GCA_003950535.1_rgi.txt,Resistant,731,train,,GCA_003950535.1
R__rgi_Klebsiella_pneumoniae_ertapenem__Klebsiella_pneumoniae_ertapenem_R_GCA_003950545.1_GCA_003950545.1_rgi.txt,Resistant,Unknown,validation,,GCA_003950545.1
R__rgi_Klebsiella_pneumoniae_ertapenem__Klebsiella_pneumoniae_ertapenem_R_GCA_003951125.1_GCA_003951125.1_rgi.txt,Resistant,4,train,,GCA_003951125.1
R__rgi_Klebsiella_pneumoniae_ertapenem__Klebsiella_pneumoniae_ertapenem_R_GCA_003951175.1_GCA_003951175.1_rgi.txt,Resistant,Unknown,validation,,GCA_003951175.1
R__rgi_Klebsiella_pneumoniae_ertapenem__Klebsiella_pneumoniae_ertapenem_R_GCA_003951185.1_GCA_003951185.1_rgi.txt,Resistant,93,train,,GCA_003951185.1
R__rgi_Klebsiella_pneumoniae_ertapenem__Klebsiella_pneumoniae_ertapenem_R_GCA_003951235.1_GCA_003951235.1_rgi.txt,Resistant,93,train,,GCA_003951235.1
R__rgi_Klebsiella_pneumoniae_ertapenem__Klebsiella_pneumoniae_ertapenem_R_GCA_003951605.1_GCA_003951605.1_rgi.txt,Resistant,Unknown,validation,,GCA_003951605.1
R__rgi_Klebsiella_pneumoniae_ertapenem__Klebsiella_pneumoniae_ertapenem_R_GCA_003952045.1_GCA_003952045.1_rgi.txt,Resistant,237,train,,GCA_003952045.1
R__rgi_Klebsiella_pneumoniae_ertapenem__Klebsiella_pneumoniae_ertapenem_R_GCA_003952915.1_GCA_003952915.1_rgi.txt,Resistant,207,validation,,GCA_003952915.1
R__rgi_Klebsiella_pneumoniae_ertapenem__Klebsiella_pneumoniae_ertapenem_R_GCA_004322995.1_GCA_004322995.1_rgi.txt,Resistant,35,train,,GCA_004322995.1
R__rgi_Klebsiella_pneumoniae_ertapenem__Klebsiella_pneumoniae_ertapenem_R_GCA_004924315.1_GCA_004924315.1_rgi.txt,Resistant,23,train,,GCA_004924315.1
R__rgi_Klebsiella_pneumoniae_ertapenem__Klebsiella_pneumoniae_ertapenem_R_GCA_008704145.1_GCA_008704145.1_rgi.txt,Resistant,607,train,,GCA_008704145.1
R__rgi_Klebsiella_pneumoniae_ertapenem__Klebsiella_pneumoniae_ertapenem_R_GCA_013180465.1_GCA_013180465.1_rgi.txt,Resistant,437,validation,,GCA_013180465.1
R__rgi_Klebsiella_pneumoniae_ertapenem__Klebsiella_pneumoniae_ertapenem_R_GCA_013180515.1_GCA_013180515.1_rgi.txt,Resistant,437,validation,,GCA_013180515.1
R__rgi_Klebsiella_pneumoniae_ertapenem__Klebsiella_pneumoniae_ertapenem_R_GCA_014840245.1_GCA_014840245.1_rgi.txt,Resistant,14,train,,GCA_014840245.1
R__rgi_Klebsiella_pneumoniae_ertapenem__Klebsiella_pneumoniae_ertapenem_R_GCA_014840295.1_GCA_014840295.1_rgi.txt,Resistant,20,train,,GCA_014840295.1
R__rgi_Klebsiella_pneumoniae_ertapenem__Klebsiella_pneumoniae_ertapenem_R_GCA_014840315.1_GCA_014840315.1_rgi.txt,Resistant,15,train,,GCA_014840315.1
R__rgi_Klebsiella_pneumoniae_ertapenem__Klebsiella_pneumoniae_ertapenem_R_GCA_014840325.1_GCA_014840325.1_rgi.txt,Resistant,17,train,,GCA_014840325.1
R__rgi_Klebsiella_pneumoniae_ertapenem__Klebsiella_pneumoniae_ertapenem_R_GCA_014840345.1_GCA_014840345.1_rgi.txt,Resistant,11,train,,GCA_014840345.1
R__rgi_Klebsiella_pneumoniae_ertapenem__Klebsiella_pneumoniae_ertapenem_R_GCA_014840395.1_GCA_014840395.1_rgi.txt,Resistant,147,validation,,GCA_014840395.1
R__rgi_Klebsiella_pneumoniae_ertapenem__Klebsiella_pneumoniae_ertapenem_R_GCA_014840405.1_GCA_014840405.1_rgi.txt,Resistant,147,validation,,GCA_014840405.1
R__rgi_Klebsiella_pneumoniae_ertapenem__Klebsiella_pneumoniae_ertapenem_R_GCA_014840415.1_GCA_014840415.1_rgi.txt,Resistant,39,train,,GCA_014840415.1
R__rgi_Klebsiella_pneumoniae_ertapenem__Klebsiella_pneumoniae_ertapenem_R_GCA_014840475.1_GCA_014840475.1_rgi.txt,Resistant,14,train,,GCA_014840475.1
R__rgi_Klebsiella_pneumoniae_ertapenem__Klebsiella_pneumoniae_ertapenem_R_GCA_014840535.1_GCA_014840535.1_rgi.txt,Resistant,340,train,,GCA_014840535.1
R__rgi_Klebsiella_pneumoniae_ertapenem__Klebsiella_pneumoniae_ertapenem_R_GCA_014840555.1_GCA_014840555.1_rgi.txt,Resistant,11,train,,GCA_014840555.1
R__rgi_Klebsiella_pneumoniae_ertapenem__Klebsiella_pneumoniae_ertapenem_R_GCA_014840575.1_GCA_014840575.1_rgi.txt,Resistant,11,train,,GCA_014840575.1
R__rgi_Klebsiella_pneumoniae_ertapenem__Klebsiella_pneumoniae_ertapenem_R_GCA_014840605.1_GCA_014840605.1_rgi.txt,Resistant,101,validation,,GCA_014840605.1
R__rgi_Klebsiella_pneumoniae_ertapenem__Klebsiella_pneumoniae_ertapenem_R_GCA_014840645.1_GCA_014840645.1_rgi.txt,Resistant,11,train,,GCA_014840645.1
R__rgi_Klebsiella_pneumoniae_ertapenem__Klebsiella_pneumoniae_ertapenem_R_GCA_014842715.1_GCA_014842715.1_rgi.txt,Resistant,736,train,,GCA_014842715.1
R__rgi_Klebsiella_pneumoniae_ertapenem__Klebsiella_pneumoniae_ertapenem_R_GCA_014946935.1_GCA_014946935.1_rgi.txt,Resistant,15,train,,GCA_014946935.1
R__rgi_Klebsiella_pneumoniae_ertapenem__Klebsiella_pneumoniae_ertapenem_R_GCA_014946945.1_GCA_014946945.1_rgi.txt,Resistant,Unknown,validation,,GCA_014946945.1
R__rgi_Klebsiella_pneumoniae_ertapenem__Klebsiella_pneumoniae_ertapenem_R_GCA_014946955.1_GCA_014946955.1_rgi.txt,Resistant,736,train,,GCA_014946955.1
R__rgi_Klebsiella_pneumoniae_ertapenem__Klebsiella_pneumoniae_ertapenem_R_GCA_019927265.1_GCA_019927265.1_rgi.txt,Resistant,258,train,,GCA_019927265.1
R__rgi_Klebsiella_pneumoniae_ertapenem__Klebsiella_pneumoniae_ertapenem_R_GCA_019927625.1_GCA_019927625.1_rgi.txt,Resistant,15,train,,GCA_019927625.1
R__rgi_Klebsiella_pneumoniae_ertapenem__Klebsiella_pneumoniae_ertapenem_R_GCA_019927805.1_GCA_019927805.1_rgi.txt,Resistant,244,train,,GCA_019927805.1
R__rgi_Klebsiella_pneumoniae_ertapenem__Klebsiella_pneumoniae_ertapenem_R_GCA_019927905.1_GCA_019927905.1_rgi.txt,Resistant,3050,train,,GCA_019927905.1
R__rgi_Klebsiella_pneumoniae_ertapenem__Klebsiella_pneumoniae_ertapenem_R_GCA_019928105.1_GCA_019928105.1_rgi.txt,Resistant,16,train,,GCA_019928105.1
R__rgi_Klebsiella_pneumoniae_ertapenem__Klebsiella_pneumoniae_ertapenem_R_GCA_019928215.1_GCA_019928215.1_rgi.txt,Resistant,512,validation,,GCA_019928215.1
R__rgi_Klebsiella_pneumoniae_ertapenem__Klebsiella_pneumoniae_ertapenem_R_GCA_019928365.1_GCA_019928365.1_rgi.txt,Resistant,38,train,,GCA_019928365.1
R__rgi_Klebsiella_pneumoniae_ertapenem__Klebsiella_pneumoniae_ertapenem_R_GCA_019928395.1_GCA_019928395.1_rgi.txt,Resistant,2071,train,,GCA_019928395.1
R__rgi_Klebsiella_pneumoniae_ertapenem__Klebsiella_pneumoniae_ertapenem_R_GCA_019928405.1_GCA_019928405.1_rgi.txt,Resistant,147,validation,,GCA_019928405.1
R__rgi_Klebsiella_pneumoniae_ertapenem__Klebsiella_pneumoniae_ertapenem_R_GCA_019930265.1_GCA_019930265.1_rgi.txt,Resistant,394,train,,GCA_019930265.1
R__rgi_Klebsiella_pneumoniae_ertapenem__Klebsiella_pneumoniae_ertapenem_R_GCA_020406995.1_GCA_020406995.1_rgi.txt,Resistant,147,validation,,GCA_020406995.1
R__rgi_Klebsiella_pneumoniae_ertapenem__Klebsiella_pneumoniae_ertapenem_R_GCA_020985265.1_GCA_020985265.1_rgi.txt,Resistant,2712,train,,GCA_020985265.1
R__rgi_Klebsiella_pneumoniae_ertapenem__Klebsiella_pneumoniae_ertapenem_R_GCA_021773895.1_GCA_021773895.1_rgi.txt,Resistant,Unknown,validation,,GCA_021773895.1
R__rgi_Klebsiella_pneumoniae_ertapenem__Klebsiella_pneumoniae_ertapenem_R_GCA_021773985.1_GCA_021773985.1_rgi.txt,Resistant,Unknown,validation,,GCA_021773985.1
R__rgi_Klebsiella_pneumoniae_ertapenem__Klebsiella_pneumoniae_ertapenem_R_GCA_022299835.1_GCA_022299835.1_rgi.txt,Resistant,Unknown,validation,,GCA_022299835.1
R__rgi_Klebsiella_pneumoniae_ertapenem__Klebsiella_pneumoniae_ertapenem_R_GCA_022315575.1_GCA_022315575.1_rgi.txt,Resistant,Unknown,validation,,GCA_022315575.1
R__rgi_Klebsiella_pneumoniae_ertapenem__Klebsiella_pneumoniae_ertapenem_R_GCA_022315595.1_GCA_022315595.1_rgi.txt,Resistant,Unknown,validation,,GCA_022315595.1
R__rgi_Klebsiella_pneumoniae_ertapenem__Klebsiella_pneumoniae_ertapenem_R_GCA_022315615.1_GCA_022315615.1_rgi.txt,Resistant,Unknown,validation,,GCA_022315615.1
R__rgi_Klebsiella_pneumoniae_ertapenem__Klebsiella_pneumoniae_ertapenem_R_GCA_022315655.1_GCA_022315655.1_rgi.txt,Resistant,Unknown,validation,,GCA_022315655.1
R__rgi_Klebsiella_pneumoniae_ertapenem__Klebsiella_pneumoniae_ertapenem_R_GCA_022315675.1_GCA_022315675.1_rgi.txt,Resistant,Unknown,validation,,GCA_022315675.1
R__rgi_Klebsiella_pneumoniae_ertapenem__Klebsiella_pneumoniae_ertapenem_R_GCA_022315695.1_GCA_022315695.1_rgi.txt,Resistant,Unknown,validation,,GCA_022315695.1
R__rgi_Klebsiella_pneumoniae_ertapenem__Klebsiella_pneumoniae_ertapenem_R_GCA_022315715.1_GCA_022315715.1_rgi.txt,Resistant,Unknown,validation,,GCA_022315715.1
R__rgi_Klebsiella_pneumoniae_ertapenem__Klebsiella_pneumoniae_ertapenem_R_GCA_022315735.1_GCA_022315735.1_rgi.txt,Resistant,Unknown,validation,,GCA_022315735.1
R__rgi_Klebsiella_pneumoniae_ertapenem__Klebsiella_pneumoniae_ertapenem_R_GCA_022315755.1_GCA_022315755.1_rgi.txt,Resistant,Unknown,validation,,GCA_022315755.1
R__rgi_Klebsiella_pneumoniae_ertapenem__Klebsiella_pneumoniae_ertapenem_R_GCA_022315775.1_GCA_022315775.1_rgi.txt,Resistant,Unknown,validation,,GCA_022315775.1
R__rgi_Klebsiella_pneumoniae_ertapenem__Klebsiella_pneumoniae_ertapenem_R_GCA_022315795.1_GCA_022315795.1_rgi.txt,Resistant,Unknown,validation,,GCA_022315795.1
R__rgi_Klebsiella_pneumoniae_ertapenem__Klebsiella_pneumoniae_ertapenem_R_GCA_022315815.1_GCA_022315815.1_rgi.txt,Resistant,Unknown,validation,,GCA_022315815.1
R__rgi_Klebsiella_pneumoniae_ertapenem__Klebsiella_pneumoniae_ertapenem_R_GCA_022315835.1_GCA_022315835.1_rgi.txt,Resistant,Unknown,validation,,GCA_022315835.1
R__rgi_Klebsiella_pneumoniae_ertapenem__Klebsiella_pneumoniae_ertapenem_R_GCA_022315855.1_GCA_022315855.1_rgi.txt,Resistant,Unknown,validation,,GCA_022315855.1
R__rgi_Klebsiella_pneumoniae_ertapenem__Klebsiella_pneumoniae_ertapenem_R_GCA_022315875.1_GCA_022315875.1_rgi.txt,Resistant,Unknown,validation,,GCA_022315875.1
R__rgi_Klebsiella_pneumoniae_ertapenem__Klebsiella_pneumoniae_ertapenem_R_GCA_022315895.1_GCA_022315895.1_rgi.txt,Resistant,Unknown,validation,,GCA_022315895.1
R__rgi_Klebsiella_pneumoniae_ertapenem__Klebsiella_pneumoniae_ertapenem_R_GCA_022315915.1_GCA_022315915.1_rgi.txt,Resistant,Unknown,validation,,GCA_022315915.1
R__rgi_Klebsiella_pneumoniae_ertapenem__Klebsiella_pneumoniae_ertapenem_R_GCA_022315935.1_GCA_022315935.1_rgi.txt,Resistant,Unknown,validation,,GCA_022315935.1
R__rgi_Klebsiella_pneumoniae_ertapenem__Klebsiella_pneumoniae_ertapenem_R_GCA_022315955.1_GCA_022315955.1_rgi.txt,Resistant,Unknown,validation,,GCA_022315955.1
R__rgi_Klebsiella_pneumoniae_ertapenem__Klebsiella_pneumoniae_ertapenem_R_GCA_022315975.1_GCA_022315975.1_rgi.txt,Resistant,Unknown,validation,,GCA_022315975.1
R__rgi_Klebsiella_pneumoniae_ertapenem__Klebsiella_pneumoniae_ertapenem_R_GCA_022315985.1_GCA_022315985.1_rgi.txt,Resistant,Unknown,validation,,GCA_022315985.1
R__rgi_Klebsiella_pneumoniae_ertapenem__Klebsiella_pneumoniae_ertapenem_R_GCA_022316015.1_GCA_022316015.1_rgi.txt,Resistant,Unknown,validation,,GCA_022316015.1
R__rgi_Klebsiella_pneumoniae_ertapenem__Klebsiella_pneumoniae_ertapenem_R_GCA_022316035.1_GCA_022316035.1_rgi.txt,Resistant,Unknown,validation,,GCA_022316035.1
R__rgi_Klebsiella_pneumoniae_ertapenem__Klebsiella_pneumoniae_ertapenem_R_GCA_022316155.1_GCA_022316155.1_rgi.txt,Resistant,Unknown,validation,,GCA_022316155.1
R__rgi_Klebsiella_pneumoniae_ertapenem__Klebsiella_pneumoniae_ertapenem_R_GCA_022316255.1_GCA_022316255.1_rgi.txt,Resistant,Unknown,validation,,GCA_022316255.1
R__rgi_Klebsiella_pneumoniae_ertapenem__Klebsiella_pneumoniae_ertapenem_R_GCA_022316305.1_GCA_022316305.1_rgi.txt,Resistant,Unknown,validation,,GCA_022316305.1
R__rgi_Klebsiella_pneumoniae_ertapenem__Klebsiella_pneumoniae_ertapenem_R_GCA_022316345.1_GCA_022316345.1_rgi.txt,Resistant,Unknown,validation,,GCA_022316345.1
R__rgi_Klebsiella_pneumoniae_ertapenem__Klebsiella_pneumoniae_ertapenem_R_GCA_022316545.1_GCA_022316545.1_rgi.txt,Resistant,Unknown,validation,,GCA_022316545.1
R__rgi_Klebsiella_pneumoniae_ertapenem__Klebsiella_pneumoniae_ertapenem_R_GCA_022316805.1_GCA_022316805.1_rgi.txt,Resistant,Unknown,validation,,GCA_022316805.1
R__rgi_Klebsiella_pneumoniae_ertapenem__Klebsiella_pneumoniae_ertapenem_R_GCA_022316865.1_GCA_022316865.1_rgi.txt,Resistant,Unknown,validation,,GCA_022316865.1
R__rgi_Klebsiella_pneumoniae_ertapenem__Klebsiella_pneumoniae_ertapenem_R_GCA_024580135.1_GCA_024580135.1_rgi.txt,Resistant,Unknown,validation,,GCA_024580135.1
R__rgi_Klebsiella_pneumoniae_ertapenem__Klebsiella_pneumoniae_ertapenem_R_GCA_024580195.1_GCA_024580195.1_rgi.txt,Resistant,307,validation,,GCA_024580195.1
R__rgi_Klebsiella_pneumoniae_ertapenem__Klebsiella_pneumoniae_ertapenem_R_GCA_024580215.1_GCA_024580215.1_rgi.txt,Resistant,219,validation,,GCA_024580215.1
R__rgi_Klebsiella_pneumoniae_ertapenem__Klebsiella_pneumoniae_ertapenem_R_GCA_025367465.1_GCA_025367465.1_rgi.txt,Resistant,11,train,,GCA_025367465.1
R__rgi_Klebsiella_pneumoniae_ertapenem__Klebsiella_pneumoniae_ertapenem_R_GCA_025367575.1_GCA_025367575.1_rgi.txt,Resistant,11,train,,GCA_025367575.1
R__rgi_Klebsiella_pneumoniae_ertapenem__Klebsiella_pneumoniae_ertapenem_R_GCA_026413095.1_GCA_026413095.1_rgi.txt,Resistant,1198,train,,GCA_026413095.1
R__rgi_Klebsiella_pneumoniae_ertapenem__Klebsiella_pneumoniae_ertapenem_R_GCA_027144125 (1).2_GCA_027144125.2_rgi.txt,Resistant,Unknown,validation,,GCA_027144125.2
R__rgi_Klebsiella_pneumoniae_ertapenem__Klebsiella_pneumoniae_ertapenem_R_GCA_030026945.2_GCA_030026945.2_rgi.txt,Resistant,Unknown,validation,,GCA_030026945.2
R__rgi_Klebsiella_pneumoniae_ertapenem__Klebsiella_pneumoniae_ertapenem_R_GCA_030128905.1_GCA_030128905.1_rgi.txt,Resistant,147,validation,,GCA_030128905.1
R__rgi_Klebsiella_pneumoniae_ertapenem__Klebsiella_pneumoniae_ertapenem_R_GCA_030128965.1_GCA_030128965.1_rgi.txt,Resistant,273,train,,GCA_030128965.1
R__rgi_Klebsiella_pneumoniae_ertapenem__Klebsiella_pneumoniae_ertapenem_R_GCA_030128995.1_GCA_030128995.1_rgi.txt,Resistant,147,validation,,GCA_030128995.1
Kp_ertapenem_R_GIMC1045_Kpn60130323_573_80627_rgi.txt,Resistant,101,validation,573.80627,
Kp_ertapenem_R_GIMC1046_Kpn111240423_573_80625_rgi.txt,Resistant,101,validation,573.80625,
Kp_ertapenem_R_GKPN0001_573_78907_rgi.txt,Resistant,16,train,573.78907,
Kp_ertapenem_R_GKPN0004_573_78915_rgi.txt,Resistant,16,train,573.78915,
Kp_ertapenem_R_GKPN0005_573_78902_rgi.txt,Resistant,307,validation,573.78902,
Kp_ertapenem_R_GKPN0009_573_78904_rgi.txt,Resistant,Unknown,validation,573.78904,
Kp_ertapenem_R_GKPN0010_573_78874_rgi.txt,Resistant,16,train,573.78874,
Kp_ertapenem_R_GKPN0068_573_78912_rgi.txt,Resistant,11,train,573.78912,
Kp_ertapenem_R_GKPN0070_573_78911_rgi.txt,Resistant,11,train,573.78911,
Kp_ertapenem_R_GKPN0071_573_78913_rgi.txt,Resistant,Unknown,validation,573.78913,
Kp_ertapenem_R_GKPN0072_573_78909_rgi.txt,Resistant,16,train,573.78909,
Kp_ertapenem_R_GKPN0073_573_78901_rgi.txt,Resistant,16,train,573.78901,
Kp_ertapenem_R_GKPN0075_573_78903_rgi.txt,Resistant,16,train,573.78903,
Kp_ertapenem_R_GKPN0079_573_78900_rgi.txt,Resistant,16,train,573.789,
Kp_ertapenem_R_GKPN0080_573_78899_rgi.txt,Resistant,16,train,573.78899,
Kp_ertapenem_R_GKPN0084_573_78898_rgi.txt,Resistant,16,train,573.78898,
Kp_ertapenem_R_GYH-CZA-R_573_80641_rgi.txt,Resistant,11,train,573.80641,
Kp_ertapenem_R_H29_573_78452_rgi.txt,Resistant,512,validation,573.78452,
Kp_ertapenem_R_HD1198_573_78563_rgi.txt,Resistant,147,validation,573.78563,
Kp_ertapenem_R_HD1641_573_78554_rgi.txt,Resistant,11,train,573.78554,
Kp_ertapenem_R_HD1657_573_78549_rgi.txt,Resistant,11,train,573.78549,
Kp_ertapenem_R_HD1948_573_78536_rgi.txt,Resistant,45,validation,573.78536,
Kp_ertapenem_R_HD2064_573_78516_rgi.txt,Resistant,11,train,573.78516,
Kp_ertapenem_R_HD2513_573_78512_rgi.txt,Resistant,45,validation,573.78512,
Kp_ertapenem_R_HD2629_573_78503_rgi.txt,Resistant,11,train,573.78503,
Kp_ertapenem_R_HD2653_573_78498_rgi.txt,Resistant,45,validation,573.78498,
Kp_ertapenem_R_ICBKPS10_573_77906_rgi.txt,Resistant,11,train,573.77906,
Kp_ertapenem_R_ICBKPS7_573_77907_rgi.txt,Resistant,258,train,573.77907,
Kp_ertapenem_R_ISTTKP0124_573_80932_rgi.txt,Resistant,661,train,573.80932,
Kp_ertapenem_R_JH426Kpn_573_77894_rgi.txt,Resistant,252,train,573.77894,
Kp_ertapenem_R_JX-CRKP-K30_573_79324_rgi.txt,Resistant,11,train,573.79324,
Kp_ertapenem_R_JXZRKP2_573_80986_rgi.txt,Resistant,11,train,573.80986,
Kp_ertapenem_R_JXZRKP3_573_80987_rgi.txt,Resistant,11,train,573.80987,
Kp_ertapenem_R_JXkp1_573_81267_rgi.txt,Resistant,11,train,573.81267,
Kp_ertapenem_R_JXkp10_573_81266_rgi.txt,Resistant,11,train,573.81266,
Kp_ertapenem_R_JXkp11_573_81396_rgi.txt,Resistant,11,train,573.81396,
Kp_ertapenem_R_JXkp12_573_81397_rgi.txt,Resistant,11,train,573.81397,
Kp_ertapenem_R_JXkp15_573_81398_rgi.txt,Resistant,11,train,573.81398,
Kp_ertapenem_R_JXkp16_573_83625_rgi.txt,Resistant,11,train,573.83625,
Kp_ertapenem_R_JXkp17_573_83627_rgi.txt,Resistant,11,train,573.83627,
Kp_ertapenem_R_JXkp18_573_83626_rgi.txt,Resistant,11,train,573.83626,
Kp_ertapenem_R_JXkp19_573_83628_rgi.txt,Resistant,11,train,573.83628,
Kp_ertapenem_R_JXkp22_573_81308_rgi.txt,Resistant,11,train,573.81308,
Kp_ertapenem_R_JXkp24_573_81393_rgi.txt,Resistant,11,train,573.81393,
Kp_ertapenem_R_JXkp25_573_81390_rgi.txt,Resistant,11,train,573.8139,
Kp_ertapenem_R_JXkp26_573_81389_rgi.txt,Resistant,11,train,573.81389,
Kp_ertapenem_R_JXkp3_573_81269_rgi.txt,Resistant,11,train,573.81269,
Kp_ertapenem_R_JXkp5_573_81271_rgi.txt,Resistant,11,train,573.81271,
Kp_ertapenem_R_JXkp7_573_81268_rgi.txt,Resistant,11,train,573.81268,
Kp_ertapenem_R_K1_573_78940_rgi.txt,Resistant,11,train,573.7894,
Kp_ertapenem_R_K1-IR_573_78933_rgi.txt,Resistant,11,train,573.78933,
Kp_ertapenem_R_K158_spring_573_92116_rgi.txt,Resistant,MLST.klebsiella.-,validation,573.92116,
Kp_ertapenem_R_K159_spring_573_92121_rgi.txt,Resistant,530,train,573.92121,
Kp_ertapenem_R_K15_autumn_573_92152_rgi.txt,Resistant,392,train,573.92152,
Kp_ertapenem_R_K174_autumn_573_92150_rgi.txt,Resistant,392,train,573.9215,
Kp_ertapenem_R_K1KPC_573_77618_rgi.txt,Resistant,258,train,573.77618,
Kp_ertapenem_R_K2_573_78932_rgi.txt,Resistant,11,train,573.78932,
Kp_ertapenem_R_K2-IR_573_78941_rgi.txt,Resistant,11,train,573.78941,
Kp_ertapenem_R_K2KPC_573_77617_rgi.txt,Resistant,258,train,573.77617,
Kp_ertapenem_R_K3-IR_573_78938_rgi.txt,Resistant,11,train,573.78938,
Kp_ertapenem_R_K5_573_78931_rgi.txt,Resistant,11,train,573.78931,
Kp_ertapenem_R_K5-IR_573_78928_rgi.txt,Resistant,11,train,573.78928,
Kp_ertapenem_R_K56649_573_78867_rgi.txt,Resistant,11,train,573.78867,
Kp_ertapenem_R_K6-IR_573_78926_rgi.txt,Resistant,11,train,573.78926,
Kp_ertapenem_R_K60365_573_78869_rgi.txt,Resistant,11,train,573.78869,
Kp_ertapenem_R_K7_573_78925_rgi.txt,Resistant,11,train,573.78925,
Kp_ertapenem_R_K7-IR_573_78930_rgi.txt,Resistant,11,train,573.7893,
Kp_ertapenem_R_K8_573_78934_rgi.txt,Resistant,11,train,573.78934,
Kp_ertapenem_R_K8-IR_573_78939_rgi.txt,Resistant,11,train,573.78939,
Kp_ertapenem_R_K9_573_78937_rgi.txt,Resistant,37,train,573.78937,
Kp_ertapenem_R_K9-IR_573_78936_rgi.txt,Resistant,37,train,573.78936,
Kp_ertapenem_R_KC141_573_79323_rgi.txt,Resistant,11,train,573.79323,
Kp_ertapenem_R_KC231_573_84173_rgi.txt,Resistant,11,train,573.84173,
Kp_ertapenem_R_KC263_573_84174_rgi.txt,Resistant,1869,train,573.84174,
Kp_ertapenem_R_KE9621_573_79225_rgi.txt,Resistant,147,validation,573.79225,
Kp_ertapenem_R_KE9682_573_79219_rgi.txt,Resistant,Unknown,validation,573.79219,
Kp_ertapenem_R_KE9944_573_79204_rgi.txt,Resistant,Unknown,validation,573.79204,
Kp_ertapenem_R_KLEPN-0097_573_77509_rgi.txt,Resistant,1401,validation,573.77509,
Kp_ertapenem_R_KP-101LU_573_46829_rgi.txt,Resistant,147,validation,573.46829,
Kp_ertapenem_R_KP-106LU_573_46831_rgi.txt,Resistant,147,validation,573.46831,
Kp_ertapenem_R_KP-10PI_573_46832_rgi.txt,Resistant,147,validation,573.46832,
Kp_ertapenem_R_KP-11PI_573_46833_rgi.txt,Resistant,147,validation,573.46833,
Kp_ertapenem_R_KP-122LU_573_46834_rgi.txt,Resistant,147,validation,573.46834,
Kp_ertapenem_R_KP-134LU_573_46835_rgi.txt,Resistant,147,validation,573.46835,
Kp_ertapenem_R_KP-135LU_573_46837_rgi.txt,Resistant,147,validation,573.46837,
Kp_ertapenem_R_KP-13LU_573_46838_rgi.txt,Resistant,147,validation,573.46838,
Kp_ertapenem_R_KP-14442FI_573_46839_rgi.txt,Resistant,147,validation,573.46839,
Kp_ertapenem_R_KP-15PI_573_46841_rgi.txt,Resistant,147,validation,573.46841,
Kp_ertapenem_R_KP-16PI_573_46842_rgi.txt,Resistant,147,validation,573.46842,
Kp_ertapenem_R_KP-17PI_573_46843_rgi.txt,Resistant,147,validation,573.46843,
Kp_ertapenem_R_KP-18PI_573_46844_rgi.txt,Resistant,147,validation,573.46844,
Kp_ertapenem_R_KP-19PI_573_46845_rgi.txt,Resistant,147,validation,573.46845,
Kp_ertapenem_R_KP-20LU_573_46847_rgi.txt,Resistant,147,validation,573.46847,
Kp_ertapenem_R_KP-21POB_573_46849_rgi.txt,Resistant,147,validation,573.46849,
Kp_ertapenem_R_KP-22PI_573_46850_rgi.txt,Resistant,147,validation,573.4685,
Kp_ertapenem_R_KP-23PA_573_46851_rgi.txt,Resistant,147,validation,573.46851,
Kp_ertapenem_R_KP-24PI_573_46853_rgi.txt,Resistant,147,validation,573.46853,
Kp_ertapenem_R_KP-25PA_573_46854_rgi.txt,Resistant,147,validation,573.46854,
Kp_ertapenem_R_KP-26PI_573_46856_rgi.txt,Resistant,147,validation,573.46856,
Kp_ertapenem_R_KP-27PI_573_46857_rgi.txt,Resistant,147,validation,573.46857,
Kp_ertapenem_R_KP-28P_573_46859_rgi.txt,Resistant,147,validation,573.46859,
Kp_ertapenem_R_KP-2LU_573_46858_rgi.txt,Resistant,147,validation,573.46858,
Kp_ertapenem_R_KP-302858_573_77765_rgi.txt,Resistant,11,train,573.77765,
Kp_ertapenem_R_KP-311884_573_77773_rgi.txt,Resistant,11,train,573.77773,
Kp_ertapenem_R_KP-38LI_573_46862_rgi.txt,Resistant,147,validation,573.46862,
Kp_ertapenem_R_KP-39LI_573_46863_rgi.txt,Resistant,147,validation,573.46863,
Kp_ertapenem_R_KP-402944_573_77769_rgi.txt,Resistant,11,train,573.77769,
Kp_ertapenem_R_KP-405051_573_77771_rgi.txt,Resistant,11,train,573.77771,
Kp_ertapenem_R_KP-406507_573_77764_rgi.txt,Resistant,11,train,573.77764,
Kp_ertapenem_R_KP-406844_573_77779_rgi.txt,Resistant,11,train,573.77779,
Kp_ertapenem_R_KP-407151_573_77758_rgi.txt,Resistant,11,train,573.77758,
Kp_ertapenem_R_KP-407501_573_77760_rgi.txt,Resistant,11,train,573.7776,
Kp_ertapenem_R_KP-407520_573_77755_rgi.txt,Resistant,11,train,573.77755,
Kp_ertapenem_R_KP-409017_573_77751_rgi.txt,Resistant,11,train,573.77751,
Kp_ertapenem_R_KP-409289_573_77775_rgi.txt,Resistant,11,train,573.77775,
Kp_ertapenem_R_KP-410754_573_77748_rgi.txt,Resistant,11,train,573.77748,
Kp_ertapenem_R_KP-413914_573_77770_rgi.txt,Resistant,11,train,573.7777,
Kp_ertapenem_R_KP-414546_573_77752_rgi.txt,Resistant,11,train,573.77752,
Kp_ertapenem_R_KP-414946_573_77754_rgi.txt,Resistant,11,train,573.77754,
Kp_ertapenem_R_KP-414956_573_77778_rgi.txt,Resistant,11,train,573.77778,
Kp_ertapenem_R_KP-416254_573_77747_rgi.txt,Resistant,11,train,573.77747,
Kp_ertapenem_R_KP-416871_573_77749_rgi.txt,Resistant,11,train,573.77749,
Kp_ertapenem_R_KP-417514_573_77774_rgi.txt,Resistant,11,train,573.77774,
Kp_ertapenem_R_KP-42LI_573_46864_rgi.txt,Resistant,147,validation,573.46864,
Kp_ertapenem_R_KP-43LI_573_46865_rgi.txt,Resistant,147,validation,573.46865,
Kp_ertapenem_R_KP-447845_573_77777_rgi.txt,Resistant,11,train,573.77777,
Kp_ertapenem_R_KP-51LI_573_46867_rgi.txt,Resistant,147,validation,573.46867,
Kp_ertapenem_R_KP-7_573_81250_rgi.txt,Resistant,11,train,573.8125,
Kp_ertapenem_R_KP-74LU_573_46868_rgi.txt,Resistant,147,validation,573.46868,
Kp_ertapenem_R_KP-82LU_573_46870_rgi.txt,Resistant,147,validation,573.4687,
Kp_ertapenem_R_KP-83LU_573_46871_rgi.txt,Resistant,147,validation,573.46871,
Kp_ertapenem_R_KP-84LU_573_46872_rgi.txt,Resistant,147,validation,573.46872,
Kp_ertapenem_R_KP-8POA_573_46874_rgi.txt,Resistant,147,validation,573.46874,
Kp_ertapenem_R_KP-93LU_573_46876_rgi.txt,Resistant,147,validation,573.46876,
Kp_ertapenem_R_KP-9PI_573_46877_rgi.txt,Resistant,147,validation,573.46877,
Kp_ertapenem_R_KP-HB21H30535_573_78601_rgi.txt,Resistant,11,train,573.78601,
Kp_ertapenem_R_KP-HB21H30845_573_78597_rgi.txt,Resistant,11,train,573.78597,
Kp_ertapenem_R_KP12_573_78446_rgi.txt,Resistant,11,train,573.78446,
Kp_ertapenem_R_KP1923_573_80884_rgi.txt,Resistant,11,train,573.80884,
Kp_ertapenem_R_KP1936_573_80879_rgi.txt,Resistant,11,train,573.80879,
Kp_ertapenem_R_KP2010_573_78994_rgi.txt,Resistant,11,train,573.78994,
Kp_ertapenem_R_KP2048_573_80873_rgi.txt,Resistant,11,train,573.80873,
Kp_ertapenem_R_KP205_573_78863_rgi.txt,Resistant,11,train,573.78863,
Kp_ertapenem_R_KP2051_573_80869_rgi.txt,Resistant,11,train,573.80869,
Kp_ertapenem_R_KP2053_573_80870_rgi.txt,Resistant,11,train,573.8087,
Kp_ertapenem_R_KP2056_573_80867_rgi.txt,Resistant,11,train,573.80867,
Kp_ertapenem_R_KP2057_573_80865_rgi.txt,Resistant,11,train,573.80865,
Kp_ertapenem_R_KP2059_573_80863_rgi.txt,Resistant,11,train,573.80863,
Kp_ertapenem_R_KP2064_573_80859_rgi.txt,Resistant,11,train,573.80859,
Kp_ertapenem_R_KP2070_573_80858_rgi.txt,Resistant,11,train,573.80858,
Kp_ertapenem_R_KP2094_573_80850_rgi.txt,Resistant,11,train,573.8085,
Kp_ertapenem_R_KP2161_573_80864_rgi.txt,Resistant,11,train,573.80864,
Kp_ertapenem_R_KP2175_573_80860_rgi.txt,Resistant,11,train,573.8086,
Kp_ertapenem_R_KP2176_573_80857_rgi.txt,Resistant,11,train,573.80857,
Kp_ertapenem_R_KP2177_573_80856_rgi.txt,Resistant,11,train,573.80856,
Kp_ertapenem_R_KP2180_573_80855_rgi.txt,Resistant,11,train,573.80855,
Kp_ertapenem_R_KP2185_573_80854_rgi.txt,Resistant,11,train,573.80854,
Kp_ertapenem_R_KP2189_573_80851_rgi.txt,Resistant,11,train,573.80851,
Kp_ertapenem_R_KP2191_573_80847_rgi.txt,Resistant,11,train,573.80847,
Kp_ertapenem_R_KP2740_573_81251_rgi.txt,Resistant,11,train,573.81251,
Kp_ertapenem_R_KP694_573_84135_rgi.txt,Resistant,11,train,573.84135,
Kp_ertapenem_R_KP87_573_83599_rgi.txt,Resistant,1096,train,573.83599,
Kp_ertapenem_R_KPB80_573_78944_rgi.txt,Resistant,11,train,573.78944,
Kp_ertapenem_R_KPC-2VEB-1CTM-X-15SHV-106_573_78470_rgi.txt,Resistant,307,validation,573.7847,
Kp_ertapenem_R_KPN1009_573_78696_rgi.txt,Resistant,11,train,573.78696,
Kp_ertapenem_R_KPN2663_573_83640_rgi.txt,Resistant,11,train,573.8364,
Kp_ertapenem_R_KPN2788_573_83639_rgi.txt,Resistant,11,train,573.83639,
Kp_ertapenem_R_KPN683_573_83637_rgi.txt,Resistant,11,train,573.83637,
Kp_ertapenem_R_KPN728_573_83638_rgi.txt,Resistant,11,train,573.83638,
Kp_ertapenem_R_KPN845_573_83642_rgi.txt,Resistant,11,train,573.83642,
Kp_ertapenem_R_KP_RM_1_573_83592_rgi.txt,Resistant,101,validation,573.83592,
Kp_ertapenem_R_KPn_4.VN_573_41328_rgi.txt,Resistant,39,train,573.41328,
Kp_ertapenem_R_Klebsiella_pneumoniae_573_81934_rgi.txt,Resistant,512,validation,573.81934,
Kp_ertapenem_R_Kp4874_IMP_573_78864_rgi.txt,Resistant,11,train,573.78864,
Kp_ertapenem_R_KpHUPM_1_573_81743_rgi.txt,Resistant,512,validation,573.81743,
Kp_ertapenem_R_KpHUPM_10_573_81739_rgi.txt,Resistant,512,validation,573.81739,
Kp_ertapenem_R_KpHUPM_11_573_81736_rgi.txt,Resistant,512,validation,573.81736,
Kp_ertapenem_R_KpHUPM_12_573_81737_rgi.txt,Resistant,512,validation,573.81737,
Kp_ertapenem_R_KpHUPM_13_573_81735_rgi.txt,Resistant,512,validation,573.81735,
Kp_ertapenem_R_KpHUPM_14_573_81734_rgi.txt,Resistant,512,validation,573.81734,
Kp_ertapenem_R_KpHUPM_16_573_81733_rgi.txt,Resistant,512,validation,573.81733,
Kp_ertapenem_R_KpHUPM_17_573_81732_rgi.txt,Resistant,512,validation,573.81732,
Kp_ertapenem_R_KpHUPM_18_573_81731_rgi.txt,Resistant,512,validation,573.81731,
Kp_ertapenem_R_KpHUPM_19_573_81730_rgi.txt,Resistant,512,validation,573.8173,
Kp_ertapenem_R_KpHUPM_2_573_81745_rgi.txt,Resistant,512,validation,573.81745,
Kp_ertapenem_R_KpHUPM_20_573_81729_rgi.txt,Resistant,512,validation,573.81729,
Kp_ertapenem_R_KpHUPM_23_573_81728_rgi.txt,Resistant,512,validation,573.81728,
Kp_ertapenem_R_KpHUPM_24_573_81726_rgi.txt,Resistant,512,validation,573.81726,
Kp_ertapenem_R_KpHUPM_28_573_81725_rgi.txt,Resistant,512,validation,573.81725,
Kp_ertapenem_R_KpHUPM_33_573_81723_rgi.txt,Resistant,512,validation,573.81723,
Kp_ertapenem_R_KpHUPM_38_573_81724_rgi.txt,Resistant,512,validation,573.81724,
Kp_ertapenem_R_KpHUPM_4_573_81744_rgi.txt,Resistant,512,validation,573.81744,
Kp_ertapenem_R_KpHUPM_40_573_81722_rgi.txt,Resistant,512,validation,573.81722,
Kp_ertapenem_R_KpHUPM_41_573_81721_rgi.txt,Resistant,512,validation,573.81721,
Kp_ertapenem_R_KpHUPM_42_573_81718_rgi.txt,Resistant,512,validation,573.81718,
Kp_ertapenem_R_KpHUPM_44_573_81719_rgi.txt,Resistant,512,validation,573.81719,
Kp_ertapenem_R_KpHUPM_5_573_81742_rgi.txt,Resistant,512,validation,573.81742,
Kp_ertapenem_R_KpHUPM_6_573_81741_rgi.txt,Resistant,512,validation,573.81741,
Kp_ertapenem_R_KpHUPM_7_573_81740_rgi.txt,Resistant,512,validation,573.8174,
Kp_ertapenem_R_KpHUPM_8_573_81738_rgi.txt,Resistant,512,validation,573.81738,
Kp_ertapenem_R_KpMVR1_573_93176_rgi.txt,Resistant,MLST.klebsiella.-,validation,573.93176,
Kp_ertapenem_R_KpMVS1_573_93177_rgi.txt,Resistant,MLST.klebsiella.-,validation,573.93177,
Kp_ertapenem_R_KpMVS2_573_93175_rgi.txt,Resistant,MLST.klebsiella.-,validation,573.93175,
Kp_ertapenem_R_KpVA-1_573_1719_rgi.txt,Resistant,512,validation,573.1719,
Kp_ertapenem_R_KpVA-10_573_1728_rgi.txt,Resistant,512,validation,573.1728,
Kp_ertapenem_R_KpVA-11_573_1729_rgi.txt,Resistant,512,validation,573.1729,
Kp_ertapenem_R_KpVA-12_573_1730_rgi.txt,Resistant,512,validation,573.173,
Kp_ertapenem_R_KpVA-13_573_1731_rgi.txt,Resistant,512,validation,573.1731,
Kp_ertapenem_R_KpVA-14_573_1732_rgi.txt,Resistant,512,validation,573.1732,
Kp_ertapenem_R_KpVA-15_573_1733_rgi.txt,Resistant,512,validation,573.1733,
Kp_ertapenem_R_KpVA-2_573_1720_rgi.txt,Resistant,258,train,573.172,
Kp_ertapenem_R_KpVA-3_573_1721_rgi.txt,Resistant,258,train,573.1721,
Kp_ertapenem_R_KpVA-5_573_1723_rgi.txt,Resistant,258,train,573.1723,
Kp_ertapenem_R_KpVA-6_573_1724_rgi.txt,Resistant,258,train,573.1724,
Kp_ertapenem_R_KpVA-7_573_1725_rgi.txt,Resistant,258,train,573.1725,
Kp_ertapenem_R_KpVA-8_573_1726_rgi.txt,Resistant,512,validation,573.1726,
Kp_ertapenem_R_KpVA-9_573_1727_rgi.txt,Resistant,512,validation,573.1727,
Kp_ertapenem_R_Kp_15.MM_573_49996_rgi.txt,Resistant,307,validation,573.49996,
Kp_ertapenem_R_Kp_Goe__707967-2_573_77816_rgi.txt,Resistant,258,train,573.77816,
Kp_ertapenem_R_Kpn02028_573_82205_rgi.txt,Resistant,Unknown,validation,573.82205,
Kp_ertapenem_R_Kpn12_573_81446_rgi.txt,Resistant,11,train,573.81446,
Kp_ertapenem_R_Kpn13_573_81444_rgi.txt,Resistant,11,train,573.81444,
Kp_ertapenem_R_Kpn17_573_81447_rgi.txt,Resistant,11,train,573.81447,
Kp_ertapenem_R_Kpn19_573_81421_rgi.txt,Resistant,11,train,573.81421,
Kp_ertapenem_R_Kpn20_573_81443_rgi.txt,Resistant,307,validation,573.81443,
Kp_ertapenem_R_Kpn2112-Lar_573_79378_rgi.txt,Resistant,11,train,573.79378,
Kp_ertapenem_R_Kpn2192-Lar_573_79365_rgi.txt,Resistant,323,train,573.79365,
Kp_ertapenem_R_Kpn2282-Lar_573_79379_rgi.txt,Resistant,323,train,573.79379,
Kp_ertapenem_R_Kpn2308-Lar_573_79375_rgi.txt,Resistant,258,train,573.79375,
Kp_ertapenem_R_Kpn2335-Lar_573_79363_rgi.txt,Resistant,323,train,573.79363,
Kp_ertapenem_R_Kpn2341-Lar_573_79374_rgi.txt,Resistant,323,train,573.79374,
Kp_ertapenem_R_Kpn2358-Lar_573_79371_rgi.txt,Resistant,258,train,573.79371,
Kp_ertapenem_R_Kpn24_573_81449_rgi.txt,Resistant,11,train,573.81449,
Kp_ertapenem_R_Kpn29_573_81465_rgi.txt,Resistant,11,train,573.81465,
Kp_ertapenem_R_Kpn30_573_81415_rgi.txt,Resistant,11,train,573.81415,
Kp_ertapenem_R_Kpn31_573_81469_rgi.txt,Resistant,11,train,573.81469,
Kp_ertapenem_R_Kpn32_573_81468_rgi.txt,Resistant,11,train,573.81468,
Kp_ertapenem_R_Kpn35_573_81476_rgi.txt,Resistant,11,train,573.81476,
Kp_ertapenem_R_Kpn36_573_81418_rgi.txt,Resistant,11,train,573.81418,
Kp_ertapenem_R_Kpn37_573_81413_rgi.txt,Resistant,11,train,573.81413,
Kp_ertapenem_R_Kpn38_573_81485_rgi.txt,Resistant,11,train,573.81485,
Kp_ertapenem_R_Kpn4_573_81426_rgi.txt,Resistant,11,train,573.81426,
Kp_ertapenem_R_Kpn46_573_81483_rgi.txt,Resistant,11,train,573.81483,
Kp_ertapenem_R_Kpn48_573_81482_rgi.txt,Resistant,11,train,573.81482,
Kp_ertapenem_R_Kpn53_573_81455_rgi.txt,Resistant,11,train,573.81455,
Kp_ertapenem_R_Kpn57_573_81420_rgi.txt,Resistant,11,train,573.8142,
Kp_ertapenem_R_Kpn59_573_81430_rgi.txt,Resistant,11,train,573.8143,
Kp_ertapenem_R_Kpn63_573_81453_rgi.txt,Resistant,11,train,573.81453,
Kp_ertapenem_R_Kpn66_573_81438_rgi.txt,Resistant,11,train,573.81438,
Kp_ertapenem_R_Kpn69_573_81484_rgi.txt,Resistant,11,train,573.81484,
Kp_ertapenem_R_Kpn70_573_81434_rgi.txt,Resistant,11,train,573.81434,
Kp_ertapenem_R_Kpn72_573_81428_rgi.txt,Resistant,11,train,573.81428,
Kp_ertapenem_R_Kpn81_573_81473_rgi.txt,Resistant,11,train,573.81473,
Kp_ertapenem_R_Kpn8457-Lar_573_79360_rgi.txt,Resistant,258,train,573.7936,
Kp_ertapenem_R_Kpn_2_573_80938_rgi.txt,Resistant,45,validation,573.80938,
Kp_ertapenem_R_Kpn_XM13_573_80642_rgi.txt,Resistant,11,train,573.80642,
Kp_ertapenem_R_Kpn_XM9_573_77439_rgi.txt,Resistant,11,train,573.77439,
Kp_ertapenem_R_Kpngiani7132479_573_29942_rgi.txt,Resistant,307,validation,573.29942,
Kp_ertapenem_R_Kpngiani7132480_573_29946_rgi.txt,Resistant,512,validation,573.29946,
Kp_ertapenem_R_Kpngiani7132481_573_29948_rgi.txt,Resistant,512,validation,573.29948,
Kp_ertapenem_R_Kpngiani7132486_573_29944_rgi.txt,Resistant,512,validation,573.29944,
Kp_ertapenem_R_Kpngiani7132491_573_29954_rgi.txt,Resistant,512,validation,573.29954,
Kp_ertapenem_R_Kpngiani7132492_573_29969_rgi.txt,Resistant,512,validation,573.29969,
Kp_ertapenem_R_Kpngiani7132494_573_29971_rgi.txt,Resistant,147,validation,573.29971,
Kp_ertapenem_R_Kpngiani7132495_573_29955_rgi.txt,Resistant,512,validation,573.29955,
Kp_ertapenem_R_Kpngiani7132497_573_29943_rgi.txt,Resistant,512,validation,573.29943,
Kp_ertapenem_R_Kpngiani7132498_573_29970_rgi.txt,Resistant,147,validation,573.2997,
Kp_ertapenem_R_Kpngiani7132501_573_29938_rgi.txt,Resistant,45,validation,573.29938,
Kp_ertapenem_R_Kpngiani7132503_573_29952_rgi.txt,Resistant,512,validation,573.29952,
Kp_ertapenem_R_Kpngiani7132504_573_29961_rgi.txt,Resistant,101,validation,573.29961,
Kp_ertapenem_R_Kpngiani7132505_573_29951_rgi.txt,Resistant,512,validation,573.29951,
Kp_ertapenem_R_Kpngiani7132506_573_29940_rgi.txt,Resistant,512,validation,573.2994,
Kp_ertapenem_R_Kpngiani7132507_573_29949_rgi.txt,Resistant,512,validation,573.29949,
Kp_ertapenem_R_Kpngiani7132509_573_29968_rgi.txt,Resistant,512,validation,573.29968,
Kp_ertapenem_R_Kpngiani7132510_573_29978_rgi.txt,Resistant,512,validation,573.29978,
Kp_ertapenem_R_Kpngiani7132512_573_29988_rgi.txt,Resistant,512,validation,573.29988,
Kp_ertapenem_R_Kpngiani7132513_573_29974_rgi.txt,Resistant,512,validation,573.29974,
Kp_ertapenem_R_Kpngiani7132514_573_29981_rgi.txt,Resistant,512,validation,573.29981,
Kp_ertapenem_R_Kpngiani7132515_573_29976_rgi.txt,Resistant,512,validation,573.29976,
Kp_ertapenem_R_Kpngiani7132517_573_29990_rgi.txt,Resistant,512,validation,573.2999,
Kp_ertapenem_R_Kpngiani7132518_573_29977_rgi.txt,Resistant,512,validation,573.29977,
Kp_ertapenem_R_Kpngiani7132520_573_29980_rgi.txt,Resistant,512,validation,573.2998,
Kp_ertapenem_R_Kpngiani7132521_573_29987_rgi.txt,Resistant,512,validation,573.29987,
Kp_ertapenem_R_Kpngiani7132522_573_29982_rgi.txt,Resistant,512,validation,573.29982,
Kp_ertapenem_R_Kpngiani7132523_573_29965_rgi.txt,Resistant,512,validation,573.29965,
Kp_ertapenem_R_Kpngiani7132524_573_29984_rgi.txt,Resistant,512,validation,573.29984,
Kp_ertapenem_R_Kpngiani7132525_573_29979_rgi.txt,Resistant,512,validation,573.29979,
Kp_ertapenem_R_Kpngiani7132526_573_29967_rgi.txt,Resistant,101,validation,573.29967,
Kp_ertapenem_R_Kpngiani7132527_573_29983_rgi.txt,Resistant,101,validation,573.29983,
Kp_ertapenem_R_Kpngiani7132528_573_29975_rgi.txt,Resistant,101,validation,573.29975,
Kp_ertapenem_R_Kpngiani7132529_573_29985_rgi.txt,Resistant,101,validation,573.29985,
Kp_ertapenem_R_Kpngiani7132531_573_30011_rgi.txt,Resistant,512,validation,573.30011,
Kp_ertapenem_R_Kpngiani7132532_573_30002_rgi.txt,Resistant,15,train,573.30002,
Kp_ertapenem_R_Kpngiani7132533_573_30007_rgi.txt,Resistant,101,validation,573.30007,
Kp_ertapenem_R_Kpngiani7132534_573_30010_rgi.txt,Resistant,101,validation,573.3001,
Kp_ertapenem_R_Kpngiani7132538_573_30017_rgi.txt,Resistant,101,validation,573.30017,
Kp_ertapenem_R_Kpngiani7132539_573_30001_rgi.txt,Resistant,101,validation,573.30001,
Kp_ertapenem_R_Kpngiani7132540_573_30006_rgi.txt,Resistant,512,validation,573.30006,
Kp_ertapenem_R_Kpngiani7132541_573_29997_rgi.txt,Resistant,512,validation,573.29997,
Kp_ertapenem_R_Kpngiani7132543_573_30015_rgi.txt,Resistant,512,validation,573.30015,
Kp_ertapenem_R_Kpngiani7132544_573_30008_rgi.txt,Resistant,101,validation,573.30008,
Kp_ertapenem_R_Kpngiani7132545_573_30012_rgi.txt,Resistant,101,validation,573.30012,
Kp_ertapenem_R_Kpngiani7132547_573_30005_rgi.txt,Resistant,512,validation,573.30005,
Kp_ertapenem_R_Kpngiani7132548_573_30013_rgi.txt,Resistant,11,train,573.30013,
Kp_ertapenem_R_Kpngiani7132549_573_30009_rgi.txt,Resistant,101,validation,573.30009,
Kp_ertapenem_R_Kpngiani7132550_573_29991_rgi.txt,Resistant,307,validation,573.29991,
Kp_ertapenem_R_Kpngiani7132551_573_29994_rgi.txt,Resistant,512,validation,573.29994,
Kp_ertapenem_R_Kpngiani7132552_573_29998_rgi.txt,Resistant,512,validation,573.29998,
Kp_ertapenem_R_Kpngiani7132553_573_29996_rgi.txt,Resistant,101,validation,573.29996,
Kp_ertapenem_R_Kpngiani7132554_573_29993_rgi.txt,Resistant,512,validation,573.29993,
Kp_ertapenem_R_Kpngiani7132555_573_29992_rgi.txt,Resistant,101,validation,573.29992,
Kp_ertapenem_R_Kpngiani7132556_573_29995_rgi.txt,Resistant,2185,validation,573.29995,
Kp_ertapenem_R_Kpngiani7132557_573_29867_rgi.txt,Resistant,512,validation,573.29867,
Kp_ertapenem_R_Kpngiani7132559_573_29865_rgi.txt,Resistant,745,train,573.29865,
Kp_ertapenem_R_Kpngiani7132560_573_29862_rgi.txt,Resistant,512,validation,573.29862,
Kp_ertapenem_R_Kpngiani7132561_573_29877_rgi.txt,Resistant,512,validation,573.29877,
Kp_ertapenem_R_Kpngiani7132562_573_29863_rgi.txt,Resistant,101,validation,573.29863,
Kp_ertapenem_R_Kpngiani7132563_573_29873_rgi.txt,Resistant,512,validation,573.29873,
Kp_ertapenem_R_Kpngiani7132564_573_29870_rgi.txt,Resistant,101,validation,573.2987,
Kp_ertapenem_R_Kpngiani7132565_573_29869_rgi.txt,Resistant,307,validation,573.29869,
Kp_ertapenem_R_Kpngiani7132566_573_29872_rgi.txt,Resistant,258,train,573.29872,
Kp_ertapenem_R_Kpngiani7132567_573_29868_rgi.txt,Resistant,101,validation,573.29868,
Kp_ertapenem_R_Kpngiani7132568_573_29866_rgi.txt,Resistant,512,validation,573.29866,
Kp_ertapenem_R_Kpngiani7132570_573_29875_rgi.txt,Resistant,101,validation,573.29875,
Kp_ertapenem_R_Kpngiani7132571_573_29864_rgi.txt,Resistant,512,validation,573.29864,
Kp_ertapenem_R_Kpngiani7132572_573_29871_rgi.txt,Resistant,512,validation,573.29871,
Kp_ertapenem_R_Kpngiani7132577_573_29887_rgi.txt,Resistant,258,train,573.29887,
Kp_ertapenem_R_Kpngiani7132579_573_29886_rgi.txt,Resistant,258,train,573.29886,
Kp_ertapenem_R_Kpngiani7132581_573_29890_rgi.txt,Resistant,307,validation,573.2989,
Kp_ertapenem_R_Kpngiani7132582_573_29880_rgi.txt,Resistant,307,validation,573.2988,
Kp_ertapenem_R_Kpngiani7132583_573_29891_rgi.txt,Resistant,307,validation,573.29891,
Kp_ertapenem_R_Kpngiani7132584_573_29881_rgi.txt,Resistant,307,validation,573.29881,
Kp_ertapenem_R_Kpngiani7132585_573_29888_rgi.txt,Resistant,512,validation,573.29888,
Kp_ertapenem_R_Kpngiani7132586_573_29893_rgi.txt,Resistant,307,validation,573.29893,
Kp_ertapenem_R_Kpngiani7132590_573_29884_rgi.txt,Resistant,307,validation,573.29884,
Kp_ertapenem_R_Kpngiani7132591_573_29894_rgi.txt,Resistant,307,validation,573.29894,
Kp_ertapenem_R_Kpngiani7132593_573_29915_rgi.txt,Resistant,512,validation,573.29915,
Kp_ertapenem_R_Kpngiani7132595_573_29911_rgi.txt,Resistant,512,validation,573.29911,
Kp_ertapenem_R_Kpngiani7132596_573_29908_rgi.txt,Resistant,512,validation,573.29908,
Kp_ertapenem_R_Kpngiani7132597_573_29909_rgi.txt,Resistant,512,validation,573.29909,
Kp_ertapenem_R_Kpngiani7132598_573_29897_rgi.txt,Resistant,512,validation,573.29897,
Kp_ertapenem_R_Kpngiani7132599_573_29907_rgi.txt,Resistant,101,validation,573.29907,
Kp_ertapenem_R_Kpngiani7132600_573_29896_rgi.txt,Resistant,512,validation,573.29896,
Kp_ertapenem_R_Kpngiani7132601_573_29914_rgi.txt,Resistant,3498,train,573.29914,
Kp_ertapenem_R_Kpngiani7132602_573_29899_rgi.txt,Resistant,512,validation,573.29899,
Kp_ertapenem_R_Kpngiani7132603_573_29912_rgi.txt,Resistant,512,validation,573.29912,
Kp_ertapenem_R_Kpngiani7132604_573_29903_rgi.txt,Resistant,512,validation,573.29903,
Kp_ertapenem_R_Kpngiani7132605_573_29901_rgi.txt,Resistant,512,validation,573.29901,
Kp_ertapenem_R_Kpngiani7132606_573_29905_rgi.txt,Resistant,101,validation,573.29905,
Kp_ertapenem_R_Kpngiani7132607_573_29902_rgi.txt,Resistant,512,validation,573.29902,
Kp_ertapenem_R_Kpngiani7132609_573_29906_rgi.txt,Resistant,512,validation,573.29906,
Kp_ertapenem_R_Kpngiani7132610_573_29900_rgi.txt,Resistant,1507,train,573.299,
Kp_ertapenem_R_Kpngiani7132611_573_29913_rgi.txt,Resistant,1519,validation,573.29913,
Kp_ertapenem_R_Kpngiani7132612_573_29904_rgi.txt,Resistant,258,train,573.29904,
Kp_ertapenem_R_Kpngiani7132613_573_29917_rgi.txt,Resistant,512,validation,573.29917,
Kp_ertapenem_R_Kpngiani7132614_573_29924_rgi.txt,Resistant,307,validation,573.29924,
Kp_ertapenem_R_Kpngiani7132615_573_29922_rgi.txt,Resistant,512,validation,573.29922,
Kp_ertapenem_R_Kpngiani7132616_573_29916_rgi.txt,Resistant,101,validation,573.29916,
Kp_ertapenem_R_Kpngiani7132617_573_29927_rgi.txt,Resistant,14,train,573.29927,
Kp_ertapenem_R_Kpngiani7132618_573_29929_rgi.txt,Resistant,512,validation,573.29929,
Kp_ertapenem_R_Kpngiani7132620_573_29932_rgi.txt,Resistant,512,validation,573.29932,
Kp_ertapenem_R_Kpngiani7132622_573_29930_rgi.txt,Resistant,512,validation,573.2993,
Kp_ertapenem_R_Kpngiani7132623_573_29934_rgi.txt,Resistant,512,validation,573.29934,
Kp_ertapenem_R_Kpngiani7132625_573_29933_rgi.txt,Resistant,512,validation,573.29933,
Kp_ertapenem_R_Kpngiani7132626_573_29926_rgi.txt,Resistant,512,validation,573.29926,
Kp_ertapenem_R_Kpngiani7132627_573_29919_rgi.txt,Resistant,512,validation,573.29919,
Kp_ertapenem_R_Kpngiani7132628_573_29928_rgi.txt,Resistant,512,validation,573.29928,
Kp_ertapenem_R_Kpngiani7132629_573_29923_rgi.txt,Resistant,307,validation,573.29923,
Kp_ertapenem_R_Kpngiani7132630_573_29935_rgi.txt,Resistant,512,validation,573.29935,
Kp_ertapenem_R_Kpngiani7132631_573_29931_rgi.txt,Resistant,512,validation,573.29931,
Kp_ertapenem_R_Kpngiani7132632_573_29925_rgi.txt,Resistant,512,validation,573.29925,
Kp_ertapenem_R_L2329_573_81247_rgi.txt,Resistant,11,train,573.81247,
Kp_ertapenem_R_LACPHL-BACT-2024-00162_573_77478_rgi.txt,Resistant,17,train,573.77478,
Kp_ertapenem_R_LACPHL-BACT-2024-00167_573_77480_rgi.txt,Resistant,258,train,573.7748,
Kp_ertapenem_R_LACPHL-BACT-2024-00215_573_77801_rgi.txt,Resistant,258,train,573.77801,
Kp_ertapenem_R_LACPHL-BACT-2024-00218_573_77781_rgi.txt,Resistant,17,train,573.77781,
Kp_ertapenem_R_LACPHL-BACT-2024-00223_573_77783_rgi.txt,Resistant,258,train,573.77783,
Kp_ertapenem_R_LACPHL-BACT-2024-00254_573_78699_rgi.txt,Resistant,258,train,573.78699,
Kp_ertapenem_R_LE-08_573_77789_rgi.txt,Resistant,512,validation,573.77789,
Kp_ertapenem_R_LE-10_573_77798_rgi.txt,Resistant,512,validation,573.77798,
Kp_ertapenem_R_LE-14_573_77799_rgi.txt,Resistant,512,validation,573.77799,
Kp_ertapenem_R_LE-16_573_77790_rgi.txt,Resistant,512,validation,573.7779,
Kp_ertapenem_R_LE-25_573_77791_rgi.txt,Resistant,307,validation,573.77791,
Kp_ertapenem_R_LE-31_573_77815_rgi.txt,Resistant,512,validation,573.77815,
Kp_ertapenem_R_LZQ108_573_78366_rgi.txt,Resistant,11,train,573.78366,
Kp_ertapenem_R_LZQ109_573_78364_rgi.txt,Resistant,11,train,573.78364,
Kp_ertapenem_R_LZQ111_573_78367_rgi.txt,Resistant,11,train,573.78367,
Kp_ertapenem_R_LZQ115_573_78365_rgi.txt,Resistant,11,train,573.78365,
Kp_ertapenem_R_LZQ38_573_78378_rgi.txt,Resistant,11,train,573.78378,
Kp_ertapenem_R_LZQ44_573_78379_rgi.txt,Resistant,11,train,573.78379,
Kp_ertapenem_R_LZQ48_573_78374_rgi.txt,Resistant,11,train,573.78374,
Kp_ertapenem_R_LZQ51_573_78376_rgi.txt,Resistant,11,train,573.78376,
Kp_ertapenem_R_LZQ52_573_78377_rgi.txt,Resistant,11,train,573.78377,
Kp_ertapenem_R_LZQ54_573_78373_rgi.txt,Resistant,11,train,573.78373,
Kp_ertapenem_R_LZQ57_573_78372_rgi.txt,Resistant,11,train,573.78372,
Kp_ertapenem_R_LZQ61_573_78371_rgi.txt,Resistant,11,train,573.78371,
Kp_ertapenem_R_LZQ67_573_78369_rgi.txt,Resistant,11,train,573.78369,
Kp_ertapenem_R_LZQ70_573_78370_rgi.txt,Resistant,11,train,573.7837,
Kp_ertapenem_R_LZQ8_573_78381_rgi.txt,Resistant,11,train,573.78381,
Kp_ertapenem_R_LZQ9_573_78382_rgi.txt,Resistant,11,train,573.78382,
Kp_ertapenem_R_MDRT1_573_77433_rgi.txt,Resistant,11,train,573.77433,
Kp_ertapenem_R_MMR010_573_80688_rgi.txt,Resistant,11,train,573.80688,
Kp_ertapenem_R_MR015_573_80682_rgi.txt,Resistant,11,train,573.80682,
Kp_ertapenem_R_MR023_573_80676_rgi.txt,Resistant,11,train,573.80676,
Kp_ertapenem_R_MR024_573_80675_rgi.txt,Resistant,11,train,573.80675,
Kp_ertapenem_R_MR025_573_80677_rgi.txt,Resistant,11,train,573.80677,
Kp_ertapenem_R_MR026_573_80674_rgi.txt,Resistant,11,train,573.80674,
Kp_ertapenem_R_MR027_573_80673_rgi.txt,Resistant,11,train,573.80673,
Kp_ertapenem_R_MR029_573_80672_rgi.txt,Resistant,11,train,573.80672,
Kp_ertapenem_R_MR030_573_80671_rgi.txt,Resistant,11,train,573.80671,
Kp_ertapenem_R_MR031_573_80668_rgi.txt,Resistant,11,train,573.80668,
Kp_ertapenem_R_MR032_573_80667_rgi.txt,Resistant,11,train,573.80667,
Kp_ertapenem_R_MR034_573_80665_rgi.txt,Resistant,11,train,573.80665,
Kp_ertapenem_R_MR035_573_80664_rgi.txt,Resistant,11,train,573.80664,
Kp_ertapenem_R_MR036_573_80663_rgi.txt,Resistant,11,train,573.80663,
Kp_ertapenem_R_MR037_573_80662_rgi.txt,Resistant,11,train,573.80662,
Kp_ertapenem_R_MR038_573_80661_rgi.txt,Resistant,11,train,573.80661,
Kp_ertapenem_R_MR039_573_80660_rgi.txt,Resistant,11,train,573.8066,
Kp_ertapenem_R_MR040_573_80659_rgi.txt,Resistant,11,train,573.80659,
Kp_ertapenem_R_MR044_573_80656_rgi.txt,Resistant,11,train,573.80656,
Kp_ertapenem_R_MR047_573_80654_rgi.txt,Resistant,11,train,573.80654,
Kp_ertapenem_R_MR049_573_80669_rgi.txt,Resistant,11,train,573.80669,
Kp_ertapenem_R_MR053_573_80653_rgi.txt,Resistant,11,train,573.80653,
Kp_ertapenem_R_MR054_573_80651_rgi.txt,Resistant,11,train,573.80651,
Kp_ertapenem_R_MR056_573_80649_rgi.txt,Resistant,11,train,573.80649,
Kp_ertapenem_R_MRSN14213_573_24322_rgi.txt,Resistant,258,train,573.24322,
Kp_ertapenem_R_MUGSI_102_573_24326_rgi.txt,Resistant,258,train,573.24326,
Kp_ertapenem_R_MUGSI_110_573_24328_rgi.txt,Resistant,340,train,573.24328,
Kp_ertapenem_R_MUGSI_111_573_24329_rgi.txt,Resistant,340,train,573.24329,
Kp_ertapenem_R_MUGSI_113_573_24331_rgi.txt,Resistant,258,train,573.24331,
Kp_ertapenem_R_MUGSI_115_573_24333_rgi.txt,Resistant,258,train,573.24333,
Kp_ertapenem_R_MUGSI_116_573_24334_rgi.txt,Resistant,1178,train,573.24334,
Kp_ertapenem_R_MUGSI_119_573_24337_rgi.txt,Resistant,Unknown,validation,573.24337,
Kp_ertapenem_R_MUGSI_120_573_24338_rgi.txt,Resistant,340,train,573.24338,
Kp_ertapenem_R_MUGSI_122_573_24340_rgi.txt,Resistant,258,train,573.2434,
Kp_ertapenem_R_MUGSI_124_573_24341_rgi.txt,Resistant,258,train,573.24341,
Kp_ertapenem_R_MUGSI_125_573_24342_rgi.txt,Resistant,Unknown,validation,573.24342,
Kp_ertapenem_R_MUGSI_126_573_24343_rgi.txt,Resistant,258,train,573.24343,
Kp_ertapenem_R_MUGSI_127_573_24344_rgi.txt,Resistant,258,train,573.24344,
Kp_ertapenem_R_MUGSI_128_573_24345_rgi.txt,Resistant,258,train,573.24345,
Kp_ertapenem_R_MUGSI_129_573_24346_rgi.txt,Resistant,258,train,573.24346,
Kp_ertapenem_R_MUGSI_131_573_24348_rgi.txt,Resistant,485,validation,573.24348,
Kp_ertapenem_R_MUGSI_133_573_24349_rgi.txt,Resistant,45,validation,573.24349,
Kp_ertapenem_R_MUGSI_139_573_24351_rgi.txt,Resistant,16,train,573.24351,
Kp_ertapenem_R_MUGSI_140_573_24352_rgi.txt,Resistant,Unknown,validation,573.24352,
Kp_ertapenem_R_MUGSI_141_573_24353_rgi.txt,Resistant,834,train,573.24353,
Kp_ertapenem_R_MUGSI_142_573_24354_rgi.txt,Resistant,34,train,573.24354,
Kp_ertapenem_R_MUGSI_143_573_24355_rgi.txt,Resistant,258,train,573.24355,
Kp_ertapenem_R_MUGSI_146_573_24356_rgi.txt,Resistant,258,train,573.24356,
Kp_ertapenem_R_MUGSI_149_573_24357_rgi.txt,Resistant,258,train,573.24357,
Kp_ertapenem_R_MUGSI_153_573_24359_rgi.txt,Resistant,258,train,573.24359,
Kp_ertapenem_R_MUGSI_157_573_24360_rgi.txt,Resistant,258,train,573.2436,
Kp_ertapenem_R_MUGSI_158_573_24361_rgi.txt,Resistant,Unknown,validation,573.24361,
Kp_ertapenem_R_MUGSI_16_573_24363_rgi.txt,Resistant,258,train,573.24363,
Kp_ertapenem_R_MUGSI_161_573_24365_rgi.txt,Resistant,340,train,573.24365,
Kp_ertapenem_R_MUGSI_165_573_24366_rgi.txt,Resistant,258,train,573.24366,
Kp_ertapenem_R_MUGSI_166_573_24367_rgi.txt,Resistant,258,train,573.24367,
Kp_ertapenem_R_MUGSI_173_573_24368_rgi.txt,Resistant,258,train,573.24368,
Kp_ertapenem_R_MUGSI_181_573_24370_rgi.txt,Resistant,258,train,573.2437,
Kp_ertapenem_R_MUGSI_184_573_24371_rgi.txt,Resistant,37,train,573.24371,
Kp_ertapenem_R_MUGSI_191_573_24374_rgi.txt,Resistant,258,train,573.24374,
Kp_ertapenem_R_MUGSI_194_573_24375_rgi.txt,Resistant,258,train,573.24375,
Kp_ertapenem_R_MUGSI_2_573_24376_rgi.txt,Resistant,163,train,573.24376,
Kp_ertapenem_R_MUGSI_21_573_24378_rgi.txt,Resistant,512,validation,573.24378,
Kp_ertapenem_R_MUGSI_22_573_24379_rgi.txt,Resistant,258,train,573.24379,
Kp_ertapenem_R_MUGSI_23_573_24382_rgi.txt,Resistant,258,train,573.24382,
Kp_ertapenem_R_MUGSI_30_573_24389_rgi.txt,Resistant,258,train,573.24389,
Kp_ertapenem_R_MUGSI_307_573_24390_rgi.txt,Resistant,258,train,573.2439,
Kp_ertapenem_R_MUGSI_31_573_24393_rgi.txt,Resistant,258,train,573.24393,
Kp_ertapenem_R_MUGSI_310_573_24394_rgi.txt,Resistant,15,train,573.24394,
Kp_ertapenem_R_MUGSI_311_573_24395_rgi.txt,Resistant,252,train,573.24395,
Kp_ertapenem_R_MUGSI_314_573_24397_rgi.txt,Resistant,14,train,573.24397,
Kp_ertapenem_R_MUGSI_32_573_24401_rgi.txt,Resistant,258,train,573.24401,
Kp_ertapenem_R_MUGSI_320_573_24402_rgi.txt,Resistant,147,validation,573.24402,
Kp_ertapenem_R_MUGSI_33_573_24403_rgi.txt,Resistant,258,train,573.24403,
Kp_ertapenem_R_MUGSI_34_573_24404_rgi.txt,Resistant,258,train,573.24404,
Kp_ertapenem_R_MUGSI_35_573_24405_rgi.txt,Resistant,258,train,573.24405,
Kp_ertapenem_R_MUGSI_37_573_24406_rgi.txt,Resistant,258,train,573.24406,
Kp_ertapenem_R_MUGSI_39_573_24408_rgi.txt,Resistant,15,train,573.24408,
Kp_ertapenem_R_MUGSI_4_573_24409_rgi.txt,Resistant,258,train,573.24409,
Kp_ertapenem_R_MUGSI_42_573_24411_rgi.txt,Resistant,147,validation,573.24411,
Kp_ertapenem_R_MUGSI_43_573_24412_rgi.txt,Resistant,258,train,573.24412,
Kp_ertapenem_R_MUGSI_46_573_24414_rgi.txt,Resistant,258,train,573.24414,
Kp_ertapenem_R_MUGSI_49_573_24415_rgi.txt,Resistant,258,train,573.24415,
Kp_ertapenem_R_MUGSI_5_573_24416_rgi.txt,Resistant,1213,validation,573.24416,
Kp_ertapenem_R_MUGSI_54_573_24420_rgi.txt,Resistant,340,train,573.2442,
Kp_ertapenem_R_MUGSI_57_573_24421_rgi.txt,Resistant,258,train,573.24421,
Kp_ertapenem_R_MUGSI_58_573_24422_rgi.txt,Resistant,258,train,573.24422,
Kp_ertapenem_R_MUGSI_59_573_24423_rgi.txt,Resistant,258,train,573.24423,
Kp_ertapenem_R_MUGSI_61_573_24424_rgi.txt,Resistant,258,train,573.24424,
Kp_ertapenem_R_MUGSI_63_573_24425_rgi.txt,Resistant,258,train,573.24425,
Kp_ertapenem_R_MUGSI_64_573_24426_rgi.txt,Resistant,1213,validation,573.24426,
Kp_ertapenem_R_MUGSI_65_573_24427_rgi.txt,Resistant,258,train,573.24427,
Kp_ertapenem_R_MUGSI_66_573_24428_rgi.txt,Resistant,418,train,573.24428,
Kp_ertapenem_R_MUGSI_68_573_24430_rgi.txt,Resistant,258,train,573.2443,
Kp_ertapenem_R_MUGSI_74_573_24433_rgi.txt,Resistant,258,train,573.24433,
Kp_ertapenem_R_MUGSI_75_573_24434_rgi.txt,Resistant,258,train,573.24434,
Kp_ertapenem_R_MUGSI_76_573_24435_rgi.txt,Resistant,258,train,573.24435,
Kp_ertapenem_R_MUGSI_77_573_24436_rgi.txt,Resistant,258,train,573.24436,
Kp_ertapenem_R_MUGSI_78_573_24437_rgi.txt,Resistant,258,train,573.24437,
Kp_ertapenem_R_MUGSI_8_573_24439_rgi.txt,Resistant,258,train,573.24439,
Kp_ertapenem_R_MUGSI_80_573_24440_rgi.txt,Resistant,Unknown,validation,573.2444,
Kp_ertapenem_R_MUGSI_82_573_24441_rgi.txt,Resistant,1737,train,573.24441,
Kp_ertapenem_R_MUGSI_83_573_24442_rgi.txt,Resistant,1626,train,573.24442,
Kp_ertapenem_R_MUGSI_85_573_24444_rgi.txt,Resistant,307,validation,573.24444,
Kp_ertapenem_R_MUGSI_86_573_24445_rgi.txt,Resistant,258,train,573.24445,
Kp_ertapenem_R_MUGSI_88_573_24447_rgi.txt,Resistant,258,train,573.24447,
Kp_ertapenem_R_MUGSI_91_573_24449_rgi.txt,Resistant,1966,train,573.24449,
Kp_ertapenem_R_MUGSI_92_573_24450_rgi.txt,Resistant,258,train,573.2445,
Kp_ertapenem_R_MUGSI_94_573_24451_rgi.txt,Resistant,258,train,573.24451,
Kp_ertapenem_R_MUGSI_95_573_24452_rgi.txt,Resistant,258,train,573.24452,
Kp_ertapenem_R_MUGSI_96_573_24453_rgi.txt,Resistant,258,train,573.24453,
Kp_ertapenem_R_MUGSI_97_573_24454_rgi.txt,Resistant,258,train,573.24454,
Kp_ertapenem_R_MUGSI_98_573_24455_rgi.txt,Resistant,258,train,573.24455,
Kp_ertapenem_R_NA-28_573_77794_rgi.txt,Resistant,101,validation,573.77794,
Kp_ertapenem_R_NA-31_573_77813_rgi.txt,Resistant,101,validation,573.77813,
Kp_ertapenem_R_NC75_573_77918_rgi.txt,Resistant,11,train,573.77918,
Kp_ertapenem_R_NC9_573_77915_rgi.txt,Resistant,11,train,573.77915,
Kp_ertapenem_R_NNKP_2024_4_573_81843_rgi.txt,Resistant,512,validation,573.81843,
Kp_ertapenem_R_PA-15_573_77788_rgi.txt,Resistant,101,validation,573.77788,
Kp_ertapenem_R_PB12_573_81760_rgi.txt,Resistant,11,train,573.8176,
Kp_ertapenem_R_PB463_573_5698_rgi.txt,Resistant,1318,train,573.5698,
Kp_ertapenem_R_PB509_573_5811_rgi.txt,Resistant,1318,train,573.5811,
Kp_ertapenem_R_PL1_573_78639_rgi.txt,Resistant,512,validation,573.78639,
Kp_ertapenem_R_PL2_573_78640_rgi.txt,Resistant,512,validation,573.7864,
Kp_ertapenem_R_PL3_573_78641_rgi.txt,Resistant,512,validation,573.78641,
Kp_ertapenem_R_PL4_573_78676_rgi.txt,Resistant,512,validation,573.78676,
Kp_ertapenem_R_PR-10_573_83545_rgi.txt,Resistant,307,validation,573.83545,
Kp_ertapenem_R_PR-11_573_83543_rgi.txt,Resistant,512,validation,573.83543,
Kp_ertapenem_R_PR-15_573_83542_rgi.txt,Resistant,307,validation,573.83542,
Kp_ertapenem_R_PR-17_573_83541_rgi.txt,Resistant,Unknown,validation,573.83541,
Kp_ertapenem_R_PR-24_573_83538_rgi.txt,Resistant,512,validation,573.83538,
Kp_ertapenem_R_PR-33_573_83539_rgi.txt,Resistant,512,validation,573.83539,
Kp_ertapenem_R_PR-6_573_83547_rgi.txt,Resistant,512,validation,573.83547,
Kp_ertapenem_R_PR-8_573_83544_rgi.txt,Resistant,307,validation,573.83544,
Kp_ertapenem_R_PS-4_573_83537_rgi.txt,Resistant,512,validation,573.83537,
Kp_ertapenem_R_PS-5_573_83536_rgi.txt,Resistant,395,train,573.83536,
Kp_ertapenem_R_R1_573_81337_rgi.txt,Resistant,11,train,573.81337,
Kp_ertapenem_R_R14_573_81335_rgi.txt,Resistant,11,train,573.81335,
Kp_ertapenem_R_R15_573_81339_rgi.txt,Resistant,11,train,573.81339,
Kp_ertapenem_R_R17_573_81332_rgi.txt,Resistant,11,train,573.81332,
Kp_ertapenem_R_R2_573_81340_rgi.txt,Resistant,11,train,573.8134,
Kp_ertapenem_R_R24_573_81331_rgi.txt,Resistant,11,train,573.81331,
Kp_ertapenem_R_R25_573_81322_rgi.txt,Resistant,11,train,573.81322,
Kp_ertapenem_R_R33_573_81333_rgi.txt,Resistant,11,train,573.81333,
Kp_ertapenem_R_R38_573_81321_rgi.txt,Resistant,11,train,573.81321,
Kp_ertapenem_R_R41_573_81316_rgi.txt,Resistant,11,train,573.81316,
Kp_ertapenem_R_R47_573_81319_rgi.txt,Resistant,11,train,573.81319,
Kp_ertapenem_R_R48_573_81317_rgi.txt,Resistant,11,train,573.81317,
Kp_ertapenem_R_R6_573_81325_rgi.txt,Resistant,592,train,573.81325,
Kp_ertapenem_R_R70_573_81285_rgi.txt,Resistant,11,train,573.81285,
Kp_ertapenem_R_R71_573_81303_rgi.txt,Resistant,11,train,573.81303,
Kp_ertapenem_R_R72_573_81292_rgi.txt,Resistant,11,train,573.81292,
Kp_ertapenem_R_R75_573_81306_rgi.txt,Resistant,11,train,573.81306,
Kp_ertapenem_R_R76_573_81301_rgi.txt,Resistant,11,train,573.81301,
Kp_ertapenem_R_R77_573_81312_rgi.txt,Resistant,11,train,573.81312,
Kp_ertapenem_R_R8_573_81330_rgi.txt,Resistant,11,train,573.8133,
Kp_ertapenem_R_R81_573_81294_rgi.txt,Resistant,11,train,573.81294,
Kp_ertapenem_R_RHURS_0039_573_79178_rgi.txt,Resistant,258,train,573.79178,
Kp_ertapenem_R_RHURS_0308_573_79176_rgi.txt,Resistant,512,validation,573.79176,
Kp_ertapenem_R_S100_573_81409_rgi.txt,Resistant,39,train,573.81409,
Kp_ertapenem_R_SAS-02_573_77797_rgi.txt,Resistant,512,validation,573.77797,
Kp_ertapenem_R_SAS-12_573_77780_rgi.txt,Resistant,512,validation,573.7778,
Kp_ertapenem_R_SI-198_573_78684_rgi.txt,Resistant,307,validation,573.78684,
Kp_ertapenem_R_SIDKP002_573_78190_rgi.txt,Resistant,313,train,573.7819,
Kp_ertapenem_R_SKLX018651_573_78400_rgi.txt,Resistant,11,train,573.784,
Kp_ertapenem_R_SKLX033820_573_78397_rgi.txt,Resistant,11,train,573.78397,
Kp_ertapenem_R_SKLX034833_573_78392_rgi.txt,Resistant,152,train,573.78392,
Kp_ertapenem_R_SKLX043500_573_78444_rgi.txt,Resistant,11,train,573.78444,
Kp_ertapenem_R_SKLX043620_573_78438_rgi.txt,Resistant,11,train,573.78438,
Kp_ertapenem_R_SKLX045174_573_78390_rgi.txt,Resistant,15,train,573.7839,
Kp_ertapenem_R_SKLX048273_573_78387_rgi.txt,Resistant,660,train,573.78387,
Kp_ertapenem_R_SKLX049058_573_78385_rgi.txt,Resistant,660,train,573.78385,
Kp_ertapenem_R_SKLX049409_573_78437_rgi.txt,Resistant,11,train,573.78437,
Kp_ertapenem_R_SKLX049763_573_78436_rgi.txt,Resistant,11,train,573.78436,
Kp_ertapenem_R_SKLX064510_573_78439_rgi.txt,Resistant,11,train,573.78439,
Kp_ertapenem_R_SKLX065941_573_78435_rgi.txt,Resistant,11,train,573.78435,
Kp_ertapenem_R_SKLX068180_573_78426_rgi.txt,Resistant,11,train,573.78426,
Kp_ertapenem_R_SKLX072197_573_78432_rgi.txt,Resistant,11,train,573.78432,
Kp_ertapenem_R_SKLX072973_573_78431_rgi.txt,Resistant,11,train,573.78431,
Kp_ertapenem_R_SKLX073449_573_78425_rgi.txt,Resistant,11,train,573.78425,
Kp_ertapenem_R_SKLX074265_573_78423_rgi.txt,Resistant,11,train,573.78423,
Kp_ertapenem_R_SKLX080450_573_78384_rgi.txt,Resistant,660,train,573.78384,
Kp_ertapenem_R_SKLX091389_573_78418_rgi.txt,Resistant,11,train,573.78418,
Kp_ertapenem_R_SKLX092986_573_78417_rgi.txt,Resistant,11,train,573.78417,
Kp_ertapenem_R_SKLX101083_573_78406_rgi.txt,Resistant,11,train,573.78406,
Kp_ertapenem_R_SKLX105588_573_78404_rgi.txt,Resistant,11,train,573.78404,
Kp_ertapenem_R_SKLX106629_573_78402_rgi.txt,Resistant,11,train,573.78402,
Kp_ertapenem_R_ST307_573_81663_rgi.txt,Resistant,307,validation,573.81663,
Kp_ertapenem_R_Sy161667_573_80991_rgi.txt,Resistant,11,train,573.80991,
Kp_ertapenem_R_Sy161707_573_80996_rgi.txt,Resistant,11,train,573.80996,
Kp_ertapenem_R_Sy162315_573_80997_rgi.txt,Resistant,11,train,573.80997,
Kp_ertapenem_R_Sy162316_573_80998_rgi.txt,Resistant,11,train,573.80998,
Kp_ertapenem_R_Sy163503_573_81000_rgi.txt,Resistant,11,train,573.81,
Kp_ertapenem_R_Sy164427_573_80993_rgi.txt,Resistant,11,train,573.80993,
Kp_ertapenem_R_T231205122_573_83458_rgi.txt,Resistant,11,train,573.83458,
Kp_ertapenem_R_T231209233_573_81667_rgi.txt,Resistant,11,train,573.81667,
Kp_ertapenem_R_T240101011_573_81664_rgi.txt,Resistant,11,train,573.81664,
Kp_ertapenem_R_T240103123_573_83459_rgi.txt,Resistant,11,train,573.83459,
Kp_ertapenem_R_T240112425_573_81672_rgi.txt,Resistant,11,train,573.81672,
Kp_ertapenem_R_T2401301048_573_81653_rgi.txt,Resistant,11,train,573.81653,
Kp_ertapenem_R_T240213416_573_81650_rgi.txt,Resistant,11,train,573.8165,
Kp_ertapenem_R_T240312416_573_81652_rgi.txt,Resistant,11,train,573.81652,
Kp_ertapenem_R_T240321700_573_81624_rgi.txt,Resistant,11,train,573.81624,
Kp_ertapenem_R_T240321732_573_81626_rgi.txt,Resistant,11,train,573.81626,
Kp_ertapenem_R_T2403311006_573_83455_rgi.txt,Resistant,11,train,573.83455,
Kp_ertapenem_R_T240404117_573_81649_rgi.txt,Resistant,11,train,573.81649,
Kp_ertapenem_R_T240406168_573_81642_rgi.txt,Resistant,11,train,573.81642,
Kp_ertapenem_R_T240406172_573_81645_rgi.txt,Resistant,11,train,573.81645,
Kp_ertapenem_R_T240410272_573_81640_rgi.txt,Resistant,11,train,573.8164,
Kp_ertapenem_R_T240419536_573_83453_rgi.txt,Resistant,11,train,573.83453,
Kp_ertapenem_R_T240421578_573_81646_rgi.txt,Resistant,11,train,573.81646,
Kp_ertapenem_R_T240503076_573_83454_rgi.txt,Resistant,11,train,573.83454,
Kp_ertapenem_R_T240515393_573_81637_rgi.txt,Resistant,11,train,573.81637,
Kp_ertapenem_R_T2407288_573_81627_rgi.txt,Resistant,11,train,573.81627,
Kp_ertapenem_R_TJKP220321384_573_83682_rgi.txt,Resistant,11,train,573.83682,
Kp_ertapenem_R_TO-17_573_77812_rgi.txt,Resistant,512,validation,573.77812,
Kp_ertapenem_R_TO-18_573_77810_rgi.txt,Resistant,1685,train,573.7781,
Kp_ertapenem_R_TO-19_573_77811_rgi.txt,Resistant,101,validation,573.77811,
Kp_ertapenem_R_TO-20_573_77809_rgi.txt,Resistant,101,validation,573.77809,
Kp_ertapenem_R_TO-21_573_77808_rgi.txt,Resistant,101,validation,573.77808,
Kp_ertapenem_R_TO-22_573_77807_rgi.txt,Resistant,512,validation,573.77807,
Kp_ertapenem_R_TO-23_573_77806_rgi.txt,Resistant,101,validation,573.77806,
Kp_ertapenem_R_TO-24_573_77805_rgi.txt,Resistant,307,validation,573.77805,
Kp_ertapenem_R_VE-09_573_77787_rgi.txt,Resistant,512,validation,573.77787,
Kp_ertapenem_R_VE-19_573_77795_rgi.txt,Resistant,101,validation,573.77795,
Kp_ertapenem_R_W2-15-ERG14_573_5719_rgi.txt,Resistant,3837,train,573.5719,
Kp_ertapenem_R_W2-15-ERG3_573_5824_rgi.txt,Resistant,3837,train,573.5824,
Kp_ertapenem_R_WHY-CZA-R_573_77534_rgi.txt,Resistant,716,train,573.77534,
Kp_ertapenem_R_WYKP1009_573_79440_rgi.txt,Resistant,11,train,573.7944,
Kp_ertapenem_R_WYKP104_573_79028_rgi.txt,Resistant,11,train,573.79028,
Kp_ertapenem_R_WYKP188_573_80773_rgi.txt,Resistant,11,train,573.80773,
Kp_ertapenem_R_WYKP194_573_80775_rgi.txt,Resistant,86,train,573.80775,
Kp_ertapenem_R_WYKP393_573_79034_rgi.txt,Resistant,11,train,573.79034,
Kp_ertapenem_R_WYKP409_573_79038_rgi.txt,Resistant,11,train,573.79038,
Kp_ertapenem_R_WYKP457_573_79041_rgi.txt,Resistant,11,train,573.79041,
Kp_ertapenem_R_WYKP477_573_79042_rgi.txt,Resistant,11,train,573.79042,
Kp_ertapenem_R_WYKP487_573_79044_rgi.txt,Resistant,11,train,573.79044,
Kp_ertapenem_R_WYKP527_573_79045_rgi.txt,Resistant,11,train,573.79045,
Kp_ertapenem_R_WYKP756_573_79421_rgi.txt,Resistant,11,train,573.79421,
Kp_ertapenem_R_WYKP856_573_79436_rgi.txt,Resistant,828,train,573.79436,
Kp_ertapenem_R_WYKP865_573_79423_rgi.txt,Resistant,11,train,573.79423,
Kp_ertapenem_R_WYKP871_573_79426_rgi.txt,Resistant,11,train,573.79426,
Kp_ertapenem_R_WYKP894_573_79424_rgi.txt,Resistant,11,train,573.79424,
Kp_ertapenem_R_WYKP895_573_79438_rgi.txt,Resistant,11,train,573.79438,
Kp_ertapenem_R_WYKP908_573_79425_rgi.txt,Resistant,11,train,573.79425,
Kp_ertapenem_R_WYKP926_573_79439_rgi.txt,Resistant,11,train,573.79439,
Kp_ertapenem_R_WYKP938_573_79427_rgi.txt,Resistant,11,train,573.79427,
Kp_ertapenem_R_WYKP949_573_79429_rgi.txt,Resistant,11,train,573.79429,
Kp_ertapenem_R_WYKP968_573_79430_rgi.txt,Resistant,11,train,573.7943,
Kp_ertapenem_R_WYKP995_573_79431_rgi.txt,Resistant,11,train,573.79431,
Kp_ertapenem_R_XYJ-CZA-R_573_80819_rgi.txt,Resistant,11,train,573.80819,
Kp_ertapenem_R_ZJSR138_573_80780_rgi.txt,Resistant,687,validation,573.8078,
Kp_ertapenem_R_ZR378_573_81527_rgi.txt,Resistant,307,validation,573.81527,
Kp_ertapenem_R_ZZX-CZA-R_573_77535_rgi.txt,Resistant,11,train,573.77535,
Kp_ertapenem_R_bo743_573_80904_rgi.txt,Resistant,512,validation,573.80904,
Kp_ertapenem_R_hv-CRKP_573_81248_rgi.txt,Resistant,11,train,573.81248,
Kp_ertapenem_S_003D_573_84188_rgi.txt,Susceptible,967,validation,573.84188,
Kp_ertapenem_S_02_573_80980_rgi.txt,Susceptible,792,train,573.8098,
Kp_ertapenem_S_025D_573_84186_rgi.txt,Susceptible,147,validation,573.84186,
Kp_ertapenem_S_032D_573_84185_rgi.txt,Susceptible,147,validation,573.84185,
Kp_ertapenem_S_050D_573_84179_rgi.txt,Susceptible,252,train,573.84179,
Kp_ertapenem_S_061D_573_84183_rgi.txt,Susceptible,20,train,573.84183,
Kp_ertapenem_S_063D_573_84182_rgi.txt,Susceptible,24,train,573.84182,
Kp_ertapenem_S_1_573_77738_rgi.txt,Susceptible,273,train,573.77738,
Kp_ertapenem_S_10034940-1_573_77537_rgi.txt,Susceptible,23,train,573.77537,
Kp_ertapenem_S_10034940-3_573_77540_rgi.txt,Susceptible,23,train,573.7754,
Kp_ertapenem_S_10035210-1_573_81907_rgi.txt,Susceptible,1653,train,573.81907,
Kp_ertapenem_S_10035210-3_573_77543_rgi.txt,Susceptible,1653,train,573.77543,
Kp_ertapenem_S_1021096_573_81056_rgi.txt,Susceptible,4,train,573.81056,
Kp_ertapenem_S_1030572_573_81050_rgi.txt,Susceptible,23,train,573.8105,
Kp_ertapenem_S_1041VMA17_573_81586_rgi.txt,Susceptible,101,validation,573.81586,
Kp_ertapenem_S_10718_22_573_78751_rgi.txt,Susceptible,147,validation,573.78751,
Kp_ertapenem_S_1078DZ24_573_81581_rgi.txt,Susceptible,11,train,573.81581,
Kp_ertapenem_S_107F7_573_78189_rgi.txt,Susceptible,11,train,573.78189,
Kp_ertapenem_S_107_kpn_573_78054_rgi.txt,Susceptible,23,train,573.78054,
Kp_ertapenem_S_1080525_573_81052_rgi.txt,Susceptible,147,validation,573.81052,
Kp_ertapenem_S_1088441_573_81053_rgi.txt,Susceptible,39,train,573.81053,
Kp_ertapenem_S_1091362_573_81051_rgi.txt,Susceptible,147,validation,573.81051,
Kp_ertapenem_S_1096796_573_81047_rgi.txt,Susceptible,147,validation,573.81047,
Kp_ertapenem_S_1096799_573_81040_rgi.txt,Susceptible,147,validation,573.8104,
Kp_ertapenem_S_1134E14_573_81574_rgi.txt,Susceptible,395,train,573.81574,
Kp_ertapenem_S_1167_kpn_573_78049_rgi.txt,Susceptible,147,validation,573.78049,
Kp_ertapenem_S_1173SG22_573_81557_rgi.txt,Susceptible,23,train,573.81557,
Kp_ertapenem_S_117916_573_81045_rgi.txt,Susceptible,39,train,573.81045,
Kp_ertapenem_S_1184_573_80928_rgi.txt,Susceptible,4,train,573.80928,
Kp_ertapenem_S_1185_573_80926_rgi.txt,Susceptible,1310,train,573.80926,
Kp_ertapenem_S_1189_573_80929_rgi.txt,Susceptible,147,validation,573.80929,
Kp_ertapenem_S_118U_573_83679_rgi.txt,Susceptible,469,train,573.83679,
Kp_ertapenem_S_118U-R_573_84149_rgi.txt,Susceptible,469,train,573.84149,
Kp_ertapenem_S_118U-WT_573_84148_rgi.txt,Susceptible,469,train,573.84148,
Kp_ertapenem_S_1191_573_80925_rgi.txt,Susceptible,1310,train,573.80925,
Kp_ertapenem_S_1192_573_80927_rgi.txt,Susceptible,MLST.-.-,validation,573.80927,
Kp_ertapenem_S_1193_573_80923_rgi.txt,Susceptible,1178,train,573.80923,
Kp_ertapenem_S_1195_573_80921_rgi.txt,Susceptible,MLST.-.-,validation,573.80921,
Kp_ertapenem_S_1196_23_573_78739_rgi.txt,Susceptible,307,validation,573.78739,
Kp_ertapenem_S_1197_573_80924_rgi.txt,Susceptible,4,train,573.80924,
Kp_ertapenem_S_1197_23_573_78720_rgi.txt,Susceptible,307,validation,573.7872,
Kp_ertapenem_S_1198_573_80920_rgi.txt,Susceptible,4,train,573.8092,
Kp_ertapenem_S_1198_23_573_78744_rgi.txt,Susceptible,23,train,573.78744,
Kp_ertapenem_S_1201_573_80919_rgi.txt,Susceptible,1307,train,573.80919,
Kp_ertapenem_S_1202_573_80918_rgi.txt,Susceptible,147,validation,573.80918,
Kp_ertapenem_S_1204_573_80916_rgi.txt,Susceptible,147,validation,573.80916,
Kp_ertapenem_S_1209_573_80915_rgi.txt,Susceptible,870,train,573.80915,
Kp_ertapenem_S_1214_573_80913_rgi.txt,Susceptible,231,train,573.80913,
Kp_ertapenem_S_1216_573_80917_rgi.txt,Susceptible,231,train,573.80917,
Kp_ertapenem_S_1233_573_80910_rgi.txt,Susceptible,291,validation,573.8091,
Kp_ertapenem_S_1238_AV_925_17062024_573_83615_rgi.txt,Susceptible,429,validation,573.83615,
Kp_ertapenem_S_1244_573_80911_rgi.txt,Susceptible,1307,train,573.80911,
Kp_ertapenem_S_1247_573_80914_rgi.txt,Susceptible,147,validation,573.80914,
Kp_ertapenem_S_1249_573_80909_rgi.txt,Susceptible,29,train,573.80909,
Kp_ertapenem_S_1251_573_80908_rgi.txt,Susceptible,147,validation,573.80908,
Kp_ertapenem_S_1253_573_80905_rgi.txt,Susceptible,MLST.-.-,validation,573.80905,
Kp_ertapenem_S_1254_573_80906_rgi.txt,Susceptible,MLST.-.-,validation,573.80906,
Kp_ertapenem_S_1255_573_80907_rgi.txt,Susceptible,791,train,573.80907,
Kp_ertapenem_S_1274M7018_573_81597_rgi.txt,Susceptible,231,train,573.81597,
Kp_ertapenem_S_1313SG22_573_81609_rgi.txt,Susceptible,39,train,573.81609,
Kp_ertapenem_S_133_573_24250_rgi.txt,Susceptible,Unknown,validation,573.2425,
Kp_ertapenem_S_1333_kpn_573_78046_rgi.txt,Susceptible,395,train,573.78046,
Kp_ertapenem_S_13434E18_573_81553_rgi.txt,Susceptible,11,train,573.81553,
Kp_ertapenem_S_135M7011_573_81555_rgi.txt,Susceptible,20,train,573.81555,
Kp_ertapenem_S_136A6_573_78188_rgi.txt,Susceptible,147,validation,573.78188,
Kp_ertapenem_S_1385_573_83961_rgi.txt,Susceptible,377,train,573.83961,
Kp_ertapenem_S_1386_573_83978_rgi.txt,Susceptible,377,train,573.83978,
Kp_ertapenem_S_1388_573_83975_rgi.txt,Susceptible,2096,train,573.83975,
Kp_ertapenem_S_1391_573_83977_rgi.txt,Susceptible,377,train,573.83977,
Kp_ertapenem_S_1398_573_83974_rgi.txt,Susceptible,MLST.-.-,validation,573.83974,
Kp_ertapenem_S_1399_573_83972_rgi.txt,Susceptible,2096,train,573.83972,
Kp_ertapenem_S_1400_573_83970_rgi.txt,Susceptible,2096,train,573.8397,
Kp_ertapenem_S_1401_573_83971_rgi.txt,Susceptible,101,validation,573.83971,
Kp_ertapenem_S_142.2_573_83444_rgi.txt,Susceptible,215,validation,573.83444,
Kp_ertapenem_S_1427_573_83965_rgi.txt,Susceptible,101,validation,573.83965,
Kp_ertapenem_S_1431_573_83956_rgi.txt,Susceptible,2096,train,573.83956,
Kp_ertapenem_S_1456_kpn_573_78044_rgi.txt,Susceptible,395,train,573.78044,
Kp_ertapenem_S_1523_kpn_573_78042_rgi.txt,Susceptible,147,validation,573.78042,
Kp_ertapenem_S_155_kpn_573_78052_rgi.txt,Susceptible,147,validation,573.78052,
Kp_ertapenem_S_158274-1_573_77539_rgi.txt,Susceptible,39,train,573.77539,
Kp_ertapenem_S_158_kpn_573_78053_rgi.txt,Susceptible,147,validation,573.78053,
Kp_ertapenem_S_161H9_573_78185_rgi.txt,Susceptible,11,train,573.78185,
Kp_ertapenem_S_161J6_573_78187_rgi.txt,Susceptible,11,train,573.78187,
Kp_ertapenem_S_16427GOR12_573_83690_rgi.txt,Susceptible,20,train,573.8369,
Kp_ertapenem_S_169BUR08_573_81561_rgi.txt,Susceptible,584,train,573.81561,
Kp_ertapenem_S_17_573_77735_rgi.txt,Susceptible,14,train,573.77735,
Kp_ertapenem_S_17.1_573_83435_rgi.txt,Susceptible,1564,validation,573.83435,
Kp_ertapenem_S_17.3_573_83449_rgi.txt,Susceptible,1564,validation,573.83449,
Kp_ertapenem_S_172_kpn_573_78051_rgi.txt,Susceptible,874,train,573.78051,
Kp_ertapenem_S_1738DZ24_573_81566_rgi.txt,Susceptible,39,train,573.81566,
Kp_ertapenem_S_173F9_573_78184_rgi.txt,Susceptible,1726,train,573.78184,
Kp_ertapenem_S_174C8_573_78173_rgi.txt,Susceptible,39,train,573.78173,
Kp_ertapenem_S_1759SG22_573_81573_rgi.txt,Susceptible,395,train,573.81573,
Kp_ertapenem_S_178_573_24255_rgi.txt,Susceptible,198,train,573.24255,
Kp_ertapenem_S_178J3_573_78172_rgi.txt,Susceptible,420,train,573.78172,
Kp_ertapenem_S_17_Alex_S307_573_78808_rgi.txt,Susceptible,967,validation,573.78808,
Kp_ertapenem_S_180_573_24257_rgi.txt,Susceptible,1966,train,573.24257,
Kp_ertapenem_S_183B3_573_78183_rgi.txt,Susceptible,307,validation,573.78183,
Kp_ertapenem_S_1844E18_573_83691_rgi.txt,Susceptible,111,validation,573.83691,
Kp_ertapenem_S_184B1_573_78171_rgi.txt,Susceptible,281,train,573.78171,
Kp_ertapenem_S_187-1f_573_83432_rgi.txt,Susceptible,278,train,573.83432,
Kp_ertapenem_S_187-2g_573_83428_rgi.txt,Susceptible,Unknown,validation,573.83428,
Kp_ertapenem_S_18Gaza2023_573_81701_rgi.txt,Susceptible,353,train,573.81701,
Kp_ertapenem_S_18S04225-1_573_81943_rgi.txt,Susceptible,25,train,573.81943,
Kp_ertapenem_S_18S04228-1_573_82105_rgi.txt,Susceptible,1480,train,573.82105,
Kp_ertapenem_S_18S04230-1_573_81940_rgi.txt,Susceptible,25,train,573.8194,
Kp_ertapenem_S_18S04232-1_573_82128_rgi.txt,Susceptible,25,train,573.82128,
Kp_ertapenem_S_18Y001710_573_77684_rgi.txt,Susceptible,Unknown,validation,573.77684,
Kp_ertapenem_S_19_573_77736_rgi.txt,Susceptible,353,train,573.77736,
Kp_ertapenem_S_19014_573_78433_rgi.txt,Susceptible,11,train,573.78433,
Kp_ertapenem_S_1909kSG22_573_81602_rgi.txt,Susceptible,395,train,573.81602,
Kp_ertapenem_S_190J7_573_78170_rgi.txt,Susceptible,1248,train,573.7817,
Kp_ertapenem_S_191_kpn_573_78050_rgi.txt,Susceptible,377,train,573.7805,
Kp_ertapenem_S_1921kSG22_573_81580_rgi.txt,Susceptible,147,validation,573.8158,
Kp_ertapenem_S_193_573_24259_rgi.txt,Susceptible,38,train,573.24259,
Kp_ertapenem_S_1933SG22_573_81577_rgi.txt,Susceptible,39,train,573.81577,
Kp_ertapenem_S_1937kSG22_573_81607_rgi.txt,Susceptible,395,train,573.81607,
Kp_ertapenem_S_195C6_573_78169_rgi.txt,Susceptible,405,validation,573.78169,
Kp_ertapenem_S_1989_kpn_573_78045_rgi.txt,Susceptible,874,train,573.78045,
Kp_ertapenem_S_19BUR14_573_81605_rgi.txt,Susceptible,218,train,573.81605,
Kp_ertapenem_S_2-C37-1_573_77824_rgi.txt,Susceptible,231,train,573.77824,
Kp_ertapenem_S_200H7_573_78160_rgi.txt,Susceptible,15,train,573.7816,
Kp_ertapenem_S_2020CK-00441_573_83694_rgi.txt,Susceptible,23,train,573.83694,
Kp_ertapenem_S_2023CK-01337_573_80983_rgi.txt,Susceptible,15,train,573.80983,
Kp_ertapenem_S_2023CK-01686_573_77403_rgi.txt,Susceptible,133,train,573.77403,
Kp_ertapenem_S_2024CK-00033_573_77402_rgi.txt,Susceptible,11,train,573.77402,
Kp_ertapenem_S_2024CK-00187_573_83417_rgi.txt,Susceptible,45,validation,573.83417,
Kp_ertapenem_S_2024CK-00457_573_77404_rgi.txt,Susceptible,45,validation,573.77404,
Kp_ertapenem_S_2024CK-00646_573_77405_rgi.txt,Susceptible,15,train,573.77405,
Kp_ertapenem_S_2024CK-3593430_573_78865_rgi.txt,Susceptible,784,train,573.78865,
Kp_ertapenem_S_2049DZ24_573_81564_rgi.txt,Susceptible,147,validation,573.81564,
Kp_ertapenem_S_2050ckDZ24_573_81590_rgi.txt,Susceptible,Unknown,validation,573.8159,
Kp_ertapenem_S_2060mDZ24_573_81546_rgi.txt,Susceptible,147,validation,573.81546,
Kp_ertapenem_S_2064DZ24_573_81592_rgi.txt,Susceptible,Unknown,validation,573.81592,
Kp_ertapenem_S_206B3_573_78161_rgi.txt,Susceptible,48,validation,573.78161,
Kp_ertapenem_S_20IR1006_573_79434_rgi.txt,Susceptible,Unknown,validation,573.79434,
Kp_ertapenem_S_20IR1021_573_79432_rgi.txt,Susceptible,17,train,573.79432,
Kp_ertapenem_S_20IR1029_573_79433_rgi.txt,Susceptible,25,train,573.79433,
Kp_ertapenem_S_2110_2SG22_573_81549_rgi.txt,Susceptible,395,train,573.81549,
Kp_ertapenem_S_212D10_573_78166_rgi.txt,Susceptible,336,train,573.78166,
Kp_ertapenem_S_213G4_573_78162_rgi.txt,Susceptible,1109,train,573.78162,
Kp_ertapenem_S_213Grvolos_573_80950_rgi.txt,Susceptible,11,train,573.8095,
Kp_ertapenem_S_214I8_573_78167_rgi.txt,Susceptible,147,validation,573.78167,
Kp_ertapenem_S_217-63_573_80933_rgi.txt,Susceptible,25,train,573.80933,
Kp_ertapenem_S_217J9_573_78168_rgi.txt,Susceptible,392,train,573.78168,
Kp_ertapenem_S_218-74_573_80934_rgi.txt,Susceptible,65,train,573.80934,
Kp_ertapenem_S_219-96_573_80937_rgi.txt,Susceptible,133,train,573.80937,
Kp_ertapenem_S_221-24_573_80936_rgi.txt,Susceptible,967,validation,573.80936,
Kp_ertapenem_S_2218_kpn_573_78043_rgi.txt,Susceptible,48,validation,573.78043,
Kp_ertapenem_S_222.2023_573_78872_rgi.txt,Susceptible,429,validation,573.78872,
Kp_ertapenem_S_2270_kpn_573_78040_rgi.txt,Susceptible,874,train,573.7804,
Kp_ertapenem_S_2276_kpn_573_78041_rgi.txt,Susceptible,147,validation,573.78041,
Kp_ertapenem_S_227J7_573_78156_rgi.txt,Susceptible,383,validation,573.78156,
Kp_ertapenem_S_229D3_573_78157_rgi.txt,Susceptible,383,validation,573.78157,
Kp_ertapenem_S_229I7_573_78155_rgi.txt,Susceptible,Unknown,validation,573.78155,
Kp_ertapenem_S_22BUR14_573_81614_rgi.txt,Susceptible,218,train,573.81614,
Kp_ertapenem_S_22S00272-1_573_82127_rgi.txt,Susceptible,292,train,573.82127,
Kp_ertapenem_S_22S00273-1_573_82116_rgi.txt,Susceptible,25,train,573.82116,
Kp_ertapenem_S_22S00275-1_573_82104_rgi.txt,Susceptible,25,train,573.82104,
Kp_ertapenem_S_22S00276-1_573_81938_rgi.txt,Susceptible,25,train,573.81938,
Kp_ertapenem_S_22S00281-1_573_82120_rgi.txt,Susceptible,25,train,573.8212,
Kp_ertapenem_S_22S00291-1_573_82107_rgi.txt,Susceptible,25,train,573.82107,
Kp_ertapenem_S_22S00292-1_573_82125_rgi.txt,Susceptible,5,train,573.82125,
Kp_ertapenem_S_22S00294-1_573_82099_rgi.txt,Susceptible,219,validation,573.82099,
Kp_ertapenem_S_233-1c_573_83426_rgi.txt,Susceptible,1418,train,573.83426,
Kp_ertapenem_S_233-3b_573_83439_rgi.txt,Susceptible,1418,train,573.83439,
Kp_ertapenem_S_2332DZ24_573_81608_rgi.txt,Susceptible,512,validation,573.81608,
Kp_ertapenem_S_235-2b_573_83441_rgi.txt,Susceptible,278,train,573.83441,
Kp_ertapenem_S_235C9_573_78164_rgi.txt,Susceptible,147,validation,573.78164,
Kp_ertapenem_S_236-2a_573_83446_rgi.txt,Susceptible,278,train,573.83446,
Kp_ertapenem_S_236593_573_81046_rgi.txt,Susceptible,307,validation,573.81046,
Kp_ertapenem_S_2366DZ24_573_81576_rgi.txt,Susceptible,Unknown,validation,573.81576,
Kp_ertapenem_S_2368_1DZ24_573_81601_rgi.txt,Susceptible,307,validation,573.81601,
Kp_ertapenem_S_238-1c_573_83422_rgi.txt,Susceptible,163,train,573.83422,
Kp_ertapenem_S_238F8_573_78152_rgi.txt,Susceptible,607,train,573.78152,
Kp_ertapenem_S_239_573_24266_rgi.txt,Susceptible,873,train,573.24266,
Kp_ertapenem_S_239G2_573_78151_rgi.txt,Susceptible,39,train,573.78151,
Kp_ertapenem_S_240525668_573_81648_rgi.txt,Susceptible,Unknown,validation,573.81648,
Kp_ertapenem_S_240612295_573_81639_rgi.txt,Susceptible,Unknown,validation,573.81639,
Kp_ertapenem_S_2424koDZ24_573_81621_rgi.txt,Susceptible,23,train,573.81621,
Kp_ertapenem_S_246_573_24268_rgi.txt,Susceptible,17,train,573.24268,
Kp_ertapenem_S_246-3a_573_83442_rgi.txt,Susceptible,12,train,573.83442,
Kp_ertapenem_S_2466_22_573_78722_rgi.txt,Susceptible,11,train,573.78722,
Kp_ertapenem_S_2468_22_573_78734_rgi.txt,Susceptible,395,train,573.78734,
Kp_ertapenem_S_247_kpn_573_78047_rgi.txt,Susceptible,874,train,573.78047,
Kp_ertapenem_S_249231_573_81049_rgi.txt,Susceptible,13,validation,573.81049,
Kp_ertapenem_S_24_kpn_573_78058_rgi.txt,Susceptible,15,train,573.78058,
Kp_ertapenem_S_255_573_24270_rgi.txt,Susceptible,38,train,573.2427,
Kp_ertapenem_S_2564_22_573_78748_rgi.txt,Susceptible,147,validation,573.78748,
Kp_ertapenem_S_257I7_573_78147_rgi.txt,Susceptible,39,train,573.78147,
Kp_ertapenem_S_257J6_573_78149_rgi.txt,Susceptible,17,train,573.78149,
Kp_ertapenem_S_25Gaza2023_573_81695_rgi.txt,Susceptible,353,train,573.81695,
Kp_ertapenem_S_2609_573_77413_rgi.txt,Susceptible,11,train,573.77413,
Kp_ertapenem_S_2619_573_77422_rgi.txt,Susceptible,11,train,573.77422,
Kp_ertapenem_S_261H7_573_78150_rgi.txt,Susceptible,147,validation,573.7815,
Kp_ertapenem_S_2634E14_573_81578_rgi.txt,Susceptible,218,train,573.81578,
Kp_ertapenem_S_2660_573_77424_rgi.txt,Susceptible,11,train,573.77424,
Kp_ertapenem_S_266C1_573_78148_rgi.txt,Susceptible,22,train,573.78148,
Kp_ertapenem_S_267-1a_573_83445_rgi.txt,Susceptible,469,train,573.83445,
Kp_ertapenem_S_2673_22_573_78711_rgi.txt,Susceptible,17,train,573.78711,
Kp_ertapenem_S_2674_22_573_78705_rgi.txt,Susceptible,147,validation,573.78705,
Kp_ertapenem_S_26968_6#15_573_66249_rgi.txt,Susceptible,2938,train,573.66249,
Kp_ertapenem_S_26975_4#155_573_66290_rgi.txt,Susceptible,323,train,573.6629,
Kp_ertapenem_S_26994_7#23_573_66355_rgi.txt,Susceptible,147,validation,573.66355,
Kp_ertapenem_S_27097_7#59_573_66428_rgi.txt,Susceptible,20,train,573.66428,
Kp_ertapenem_S_27261_7#1_573_66436_rgi.txt,Susceptible,37,train,573.66436,
Kp_ertapenem_S_27261_7#187_573_66458_rgi.txt,Susceptible,20,train,573.66458,
Kp_ertapenem_S_27261_8#10_573_66455_rgi.txt,Susceptible,20,train,573.66455,
Kp_ertapenem_S_27261_8#135_573_66495_rgi.txt,Susceptible,20,train,573.66495,
Kp_ertapenem_S_27261_8#2_573_66460_rgi.txt,Susceptible,37,train,573.6646,
Kp_ertapenem_S_27261_8#29_573_66462_rgi.txt,Susceptible,7,train,573.66462,
Kp_ertapenem_S_27261_8#59_573_66471_rgi.txt,Susceptible,37,train,573.66471,
Kp_ertapenem_S_27261_8#61_573_66476_rgi.txt,Susceptible,37,train,573.66476,
Kp_ertapenem_S_2727_22_573_78750_rgi.txt,Susceptible,23,train,573.7875,
Kp_ertapenem_S_27322_4#16_573_66516_rgi.txt,Susceptible,337,train,573.66516,
Kp_ertapenem_S_275_573_24273_rgi.txt,Susceptible,5380,train,573.24273,
Kp_ertapenem_S_2799_kpn_573_78038_rgi.txt,Susceptible,15,train,573.78038,
Kp_ertapenem_S_281_573_83958_rgi.txt,Susceptible,377,train,573.83958,
Kp_ertapenem_S_281-2c_573_84001_rgi.txt,Susceptible,1966,train,573.84001,
Kp_ertapenem_S_283_573_83960_rgi.txt,Susceptible,2096,train,573.8396,
Kp_ertapenem_S_285_573_83959_rgi.txt,Susceptible,2096,train,573.83959,
Kp_ertapenem_S_285_573_24275_rgi.txt,Susceptible,37,train,573.24275,
Kp_ertapenem_S_2858_22_573_78727_rgi.txt,Susceptible,395,train,573.78727,
Kp_ertapenem_S_285G7_573_78143_rgi.txt,Susceptible,234,train,573.78143,
Kp_ertapenem_S_289X9_573_78145_rgi.txt,Susceptible,147,validation,573.78145,
Kp_ertapenem_S_29105_1#161_573_66550_rgi.txt,Susceptible,101,validation,573.6655,
Kp_ertapenem_S_29339_1#47_573_66562_rgi.txt,Susceptible,273,train,573.66562,
Kp_ertapenem_S_297J2_573_78141_rgi.txt,Susceptible,1436,train,573.78141,
Kp_ertapenem_S_3_573_77732_rgi.txt,Susceptible,412,validation,573.77732,
Kp_ertapenem_S_3008_kpn_573_78039_rgi.txt,Susceptible,23,train,573.78039,
Kp_ertapenem_S_3018_kpn_573_78035_rgi.txt,Susceptible,377,train,573.78035,
Kp_ertapenem_S_302-3b_573_84000_rgi.txt,Susceptible,168,validation,573.84,
Kp_ertapenem_S_3025_kpn_573_78033_rgi.txt,Susceptible,23,train,573.78033,
Kp_ertapenem_S_3026_kpn_573_78034_rgi.txt,Susceptible,15,train,573.78034,
Kp_ertapenem_S_3039_kpn_573_78030_rgi.txt,Susceptible,39,train,573.7803,
Kp_ertapenem_S_303J6_573_78144_rgi.txt,Susceptible,1880,train,573.78144,
Kp_ertapenem_S_3040_kpn_573_78028_rgi.txt,Susceptible,39,train,573.78028,
Kp_ertapenem_S_3050_kpn_573_78026_rgi.txt,Susceptible,395,train,573.78026,
Kp_ertapenem_S_3057_kpn_573_78025_rgi.txt,Susceptible,395,train,573.78025,
Kp_ertapenem_S_3065_kpn_573_78024_rgi.txt,Susceptible,39,train,573.78024,
Kp_ertapenem_S_3067_kpn_573_78021_rgi.txt,Susceptible,395,train,573.78021,
Kp_ertapenem_S_3076_kpn_573_78019_rgi.txt,Susceptible,395,train,573.78019,
Kp_ertapenem_S_3079_kpn_573_78018_rgi.txt,Susceptible,147,validation,573.78018,
Kp_ertapenem_S_308_573_24279_rgi.txt,Susceptible,716,train,573.24279,
Kp_ertapenem_S_310_573_24281_rgi.txt,Susceptible,35,train,573.24281,
Kp_ertapenem_S_3100_kpn_573_78016_rgi.txt,Susceptible,15,train,573.78016,
Kp_ertapenem_S_311_573_24282_rgi.txt,Susceptible,25,train,573.24282,
Kp_ertapenem_S_3111_kpn_573_78013_rgi.txt,Susceptible,395,train,573.78013,
Kp_ertapenem_S_312J9_573_78138_rgi.txt,Susceptible,147,validation,573.78138,
Kp_ertapenem_S_313_573_24283_rgi.txt,Susceptible,37,train,573.24283,
Kp_ertapenem_S_3153DZ24_573_81550_rgi.txt,Susceptible,395,train,573.8155,
Kp_ertapenem_S_316J2_573_78134_rgi.txt,Susceptible,11,train,573.78134,
Kp_ertapenem_S_3170_1SG22_573_81612_rgi.txt,Susceptible,395,train,573.81612,
Kp_ertapenem_S_318B5_573_78132_rgi.txt,Susceptible,11,train,573.78132,
Kp_ertapenem_S_318H10_573_78133_rgi.txt,Susceptible,101,validation,573.78133,
Kp_ertapenem_S_319F5_573_78139_rgi.txt,Susceptible,Unknown,validation,573.78139,
Kp_ertapenem_S_3200PDZ24_573_81593_rgi.txt,Susceptible,395,train,573.81593,
Kp_ertapenem_S_320G7_573_78131_rgi.txt,Susceptible,39,train,573.78131,
Kp_ertapenem_S_321_573_83979_rgi.txt,Susceptible,2096,train,573.83979,
Kp_ertapenem_S_322_573_83982_rgi.txt,Susceptible,2096,train,573.83982,
Kp_ertapenem_S_3226_1SG22_573_81619_rgi.txt,Susceptible,15,train,573.81619,
Kp_ertapenem_S_322A10_573_78130_rgi.txt,Susceptible,25,train,573.7813,
Kp_ertapenem_S_324_573_24284_rgi.txt,Susceptible,323,train,573.24284,
Kp_ertapenem_S_3246_573_77611_rgi.txt,Susceptible,268,train,573.77611,
Kp_ertapenem_S_3261_573_79054_rgi.txt,Susceptible,395,train,573.79054,
Kp_ertapenem_S_327-1b_573_83421_rgi.txt,Susceptible,469,train,573.83421,
Kp_ertapenem_S_328-1b_573_83437_rgi.txt,Susceptible,405,validation,573.83437,
Kp_ertapenem_S_32_Alex_S188_573_78813_rgi.txt,Susceptible,39,train,573.78813,
Kp_ertapenem_S_330G4_573_78129_rgi.txt,Susceptible,234,train,573.78129,
Kp_ertapenem_S_335_573_24285_rgi.txt,Susceptible,551,train,573.24285,
Kp_ertapenem_S_335-2b_573_83450_rgi.txt,Susceptible,Unknown,validation,573.8345,
Kp_ertapenem_S_335K10_573_78137_rgi.txt,Susceptible,147,validation,573.78137,
Kp_ertapenem_S_337Gr_573_80952_rgi.txt,Susceptible,11,train,573.80952,
Kp_ertapenem_S_338J9_573_78127_rgi.txt,Susceptible,15,train,573.78127,
Kp_ertapenem_S_33_Alex_S308_573_78811_rgi.txt,Susceptible,39,train,573.78811,
Kp_ertapenem_S_340-1b_573_83419_rgi.txt,Susceptible,278,train,573.83419,
Kp_ertapenem_S_341-2b_573_83448_rgi.txt,Susceptible,286,validation,573.83448,
Kp_ertapenem_S_342-1b_573_83451_rgi.txt,Susceptible,914,train,573.83451,
Kp_ertapenem_S_3420_22_573_78733_rgi.txt,Susceptible,395,train,573.78733,
Kp_ertapenem_S_343-2b_573_83436_rgi.txt,Susceptible,1204,train,573.83436,
Kp_ertapenem_S_3440PDZ24_573_81570_rgi.txt,Susceptible,395,train,573.8157,
Kp_ertapenem_S_344B3_573_78126_rgi.txt,Susceptible,73,train,573.78126,
Kp_ertapenem_S_345-1b_573_83425_rgi.txt,Susceptible,Unknown,validation,573.83425,
Kp_ertapenem_S_346-3b_573_83427_rgi.txt,Susceptible,696,train,573.83427,
Kp_ertapenem_S_347-2b_573_83424_rgi.txt,Susceptible,58,train,573.83424,
Kp_ertapenem_S_348-2b_573_83420_rgi.txt,Susceptible,10285,train,573.8342,
Kp_ertapenem_S_349_573_24287_rgi.txt,Susceptible,20,train,573.24287,
Kp_ertapenem_S_354J5_573_78135_rgi.txt,Susceptible,17,train,573.78135,
Kp_ertapenem_S_358C9_573_78124_rgi.txt,Susceptible,234,train,573.78124,
Kp_ertapenem_S_36_573_24290_rgi.txt,Susceptible,258,train,573.2429,
Kp_ertapenem_S_3635_22_573_78730_rgi.txt,Susceptible,395,train,573.7873,
Kp_ertapenem_S_371_573_24293_rgi.txt,Susceptible,16,train,573.24293,
Kp_ertapenem_S_374_573_24294_rgi.txt,Susceptible,307,validation,573.24294,
Kp_ertapenem_S_3857DZ24_573_81598_rgi.txt,Susceptible,307,validation,573.81598,
Kp_ertapenem_S_3873pDZ24_573_81611_rgi.txt,Susceptible,1079,validation,573.81611,
Kp_ertapenem_S_38_kpn_573_78057_rgi.txt,Susceptible,39,train,573.78057,
Kp_ertapenem_S_39-1_58_573_81909_rgi.txt,Susceptible,253,train,573.81909,
Kp_ertapenem_S_39-2_20_573_81908_rgi.txt,Susceptible,253,train,573.81908,
Kp_ertapenem_S_395-2_573_81711_rgi.txt,Susceptible,307,validation,573.81711,
Kp_ertapenem_S_396_573_24295_rgi.txt,Susceptible,628,train,573.24295,
Kp_ertapenem_S_397_573_24296_rgi.txt,Susceptible,2158,train,573.24296,
S__rgi_Klebsiella_pneumoniae_ertapenem__Kpneumoniae_Klebsiella_pneumoniae_strain_4-5_35491_rgi.txt,Susceptible,Unknown,validation,,
Kp_ertapenem_S_400_573_24298_rgi.txt,Susceptible,38,train,573.24298,
Kp_ertapenem_S_401_573_24299_rgi.txt,Susceptible,33,validation,573.24299,
Kp_ertapenem_S_402_573_24300_rgi.txt,Susceptible,38,train,573.243,
Kp_ertapenem_S_415_573_24302_rgi.txt,Susceptible,405,validation,573.24302,
Kp_ertapenem_S_42BUR11_573_81556_rgi.txt,Susceptible,218,train,573.81556,
Kp_ertapenem_S_43082_573_77908_rgi.txt,Susceptible,1271,train,573.77908,
Kp_ertapenem_S_4435_1SG22_573_81589_rgi.txt,Susceptible,395,train,573.81589,
Kp_ertapenem_S_4436mSG22_573_81567_rgi.txt,Susceptible,23,train,573.81567,
Kp_ertapenem_S_4482_1SG22_573_81620_rgi.txt,Susceptible,395,train,573.8162,
Kp_ertapenem_S_4487_1SG22_573_81572_rgi.txt,Susceptible,147,validation,573.81572,
Kp_ertapenem_S_4492_1SG22_573_81584_rgi.txt,Susceptible,395,train,573.81584,
Kp_ertapenem_S_4526_1SG22_573_81610_rgi.txt,Susceptible,39,train,573.8161,
Kp_ertapenem_S_45KAL09_573_81552_rgi.txt,Susceptible,101,validation,573.81552,
Kp_ertapenem_S_47BUR14_573_81613_rgi.txt,Susceptible,48,validation,573.81613,
Kp_ertapenem_S_47_Alex_S306_573_78814_rgi.txt,Susceptible,22,train,573.78814,
Kp_ertapenem_S_48HiT18_573_83692_rgi.txt,Susceptible,17,train,573.83692,
Kp_ertapenem_S_4973636_573_83647_rgi.txt,Susceptible,Unknown,validation,573.83647,
Kp_ertapenem_S_49_Alex_S309_573_78810_rgi.txt,Susceptible,15,train,573.7881,
Kp_ertapenem_S_4BUR14_573_81603_rgi.txt,Susceptible,48,validation,573.81603,
Kp_ertapenem_S_5012_22_573_78753_rgi.txt,Susceptible,253,train,573.78753,
Kp_ertapenem_S_5015_22_573_78728_rgi.txt,Susceptible,307,validation,573.78728,
Kp_ertapenem_S_5018_22_573_78737_rgi.txt,Susceptible,Unknown,validation,573.78737,
Kp_ertapenem_S_510363-22_573_81838_rgi.txt,Susceptible,610,train,573.81838,
Kp_ertapenem_S_511433-22_573_81837_rgi.txt,Susceptible,610,train,573.81837,
Kp_ertapenem_S_5378_22_573_78721_rgi.txt,Susceptible,395,train,573.78721,
Kp_ertapenem_S_55508_573_77914_rgi.txt,Susceptible,17,train,573.77914,
Kp_ertapenem_S_56.11.10.2023_573_78467_rgi.txt,Susceptible,14,train,573.78467,
Kp_ertapenem_S_56406_573_77912_rgi.txt,Susceptible,1271,train,573.77912,
Kp_ertapenem_S_573_82137_573_82137_rgi.txt,Susceptible,395,train,573.82137,
Kp_ertapenem_S_5_Alex_S320_573_78809_rgi.txt,Susceptible,342,train,573.78809,
Kp_ertapenem_S_5_kpn_573_78059_rgi.txt,Susceptible,23,train,573.78059,
Kp_ertapenem_S_6228_22_573_78749_rgi.txt,Susceptible,23,train,573.78749,
Kp_ertapenem_S_63224_sr_573_79266_rgi.txt,Susceptible,1564,validation,573.79266,
Kp_ertapenem_S_63364_sr_573_79265_rgi.txt,Susceptible,313,train,573.79265,
Kp_ertapenem_S_64_2_573_77923_rgi.txt,Susceptible,25,train,573.77923,
Kp_ertapenem_S_6678335_573_79014_rgi.txt,Susceptible,307,validation,573.79014,
Kp_ertapenem_S_6678340_573_79007_rgi.txt,Susceptible,307,validation,573.79007,
Kp_ertapenem_S_6678351_573_83670_rgi.txt,Susceptible,340,train,573.8367,
Kp_ertapenem_S_6678632_573_79003_rgi.txt,Susceptible,307,validation,573.79003,
Kp_ertapenem_S_6678931_573_83675_rgi.txt,Susceptible,65,train,573.83675,
Kp_ertapenem_S_669M7017_573_81560_rgi.txt,Susceptible,54,train,573.8156,
Kp_ertapenem_S_66HiT18_573_81606_rgi.txt,Susceptible,Unknown,validation,573.81606,
Kp_ertapenem_S_6700152_573_83664_rgi.txt,Susceptible,405,validation,573.83664,
Kp_ertapenem_S_6700324_573_83666_rgi.txt,Susceptible,405,validation,573.83666,
Kp_ertapenem_S_6700349_573_81685_rgi.txt,Susceptible,1774,train,573.81685,
Kp_ertapenem_S_6700362_573_81684_rgi.txt,Susceptible,1774,train,573.81684,
Kp_ertapenem_S_6700703-2_573_81676_rgi.txt,Susceptible,983,train,573.81676,
Kp_ertapenem_S_6700708_573_81682_rgi.txt,Susceptible,39,train,573.81682,
Kp_ertapenem_S_6700771_573_83652_rgi.txt,Susceptible,35,train,573.83652,
Kp_ertapenem_S_6700823_573_81679_rgi.txt,Susceptible,45,validation,573.81679,
Kp_ertapenem_S_6700828_573_81678_rgi.txt,Susceptible,1805,validation,573.81678,
Kp_ertapenem_S_6715841_573_83654_rgi.txt,Susceptible,320,validation,573.83654,
Kp_ertapenem_S_6715863_573_83655_rgi.txt,Susceptible,395,train,573.83655,
Kp_ertapenem_S_6715894_573_83661_rgi.txt,Susceptible,320,validation,573.83661,
Kp_ertapenem_S_6715899_573_83659_rgi.txt,Susceptible,395,train,573.83659,
Kp_ertapenem_S_6716601_573_83649_rgi.txt,Susceptible,405,validation,573.83649,
Kp_ertapenem_S_6720473_573_83663_rgi.txt,Susceptible,320,validation,573.83663,
Kp_ertapenem_S_6720488_573_83662_rgi.txt,Susceptible,307,validation,573.83662,
Kp_ertapenem_S_6722046_573_83669_rgi.txt,Susceptible,39,train,573.83669,
Kp_ertapenem_S_6722093_573_83674_rgi.txt,Susceptible,395,train,573.83674,
Kp_ertapenem_S_6722132_573_83665_rgi.txt,Susceptible,Unknown,validation,573.83665,
Kp_ertapenem_S_6722856_573_83650_rgi.txt,Susceptible,395,train,573.8365,
Kp_ertapenem_S_6730035_573_83676_rgi.txt,Susceptible,101,validation,573.83676,
Kp_ertapenem_S_6730723_573_83657_rgi.txt,Susceptible,147,validation,573.83657,
Kp_ertapenem_S_6731312_573_83651_rgi.txt,Susceptible,834,train,573.83651,
Kp_ertapenem_S_6741_22_573_78718_rgi.txt,Susceptible,11,train,573.78718,
Kp_ertapenem_S_676998_573_81044_rgi.txt,Susceptible,685,train,573.81044,
Kp_ertapenem_S_6887_573_79260_rgi.txt,Susceptible,45,validation,573.7926,
Kp_ertapenem_S_6991_22_573_78723_rgi.txt,Susceptible,395,train,573.78723,
Kp_ertapenem_S_6Gaza2023_573_81689_rgi.txt,Susceptible,225,train,573.81689,
Kp_ertapenem_S_70965949_573_79257_rgi.txt,Susceptible,14,train,573.79257,
Kp_ertapenem_S_70971171_573_79255_rgi.txt,Susceptible,101,validation,573.79255,
Kp_ertapenem_S_70983262_573_79254_rgi.txt,Susceptible,35,train,573.79254,
Kp_ertapenem_S_71014117_573_79253_rgi.txt,Susceptible,14,train,573.79253,
Kp_ertapenem_S_71038355_573_79252_rgi.txt,Susceptible,45,validation,573.79252,
Kp_ertapenem_S_71076107_573_79251_rgi.txt,Susceptible,39,train,573.79251,
Kp_ertapenem_S_720143_573_81042_rgi.txt,Susceptible,346,train,573.81042,
Kp_ertapenem_S_7242_22_573_78731_rgi.txt,Susceptible,395,train,573.78731,
Kp_ertapenem_S_731045_573_81039_rgi.txt,Susceptible,147,validation,573.81039,
Kp_ertapenem_S_732311_573_81043_rgi.txt,Susceptible,307,validation,573.81043,
Kp_ertapenem_S_742302_573_81033_rgi.txt,Susceptible,15,train,573.81033,
Kp_ertapenem_S_756694_573_81032_rgi.txt,Susceptible,405,validation,573.81032,
Kp_ertapenem_S_775268_573_81034_rgi.txt,Susceptible,101,validation,573.81034,
Kp_ertapenem_S_783-2_573_77924_rgi.txt,Susceptible,11,train,573.77924,
Kp_ertapenem_S_79_kpn_573_78055_rgi.txt,Susceptible,23,train,573.78055,
Kp_ertapenem_S_7Gaza2023_573_81692_rgi.txt,Susceptible,225,train,573.81692,
Kp_ertapenem_S_80528_573_77426_rgi.txt,Susceptible,323,train,573.77426,
Kp_ertapenem_S_8287_22_573_78707_rgi.txt,Susceptible,147,validation,573.78707,
Kp_ertapenem_S_835819_573_81048_rgi.txt,Susceptible,395,train,573.81048,
Kp_ertapenem_S_838840_573_81038_rgi.txt,Susceptible,Unknown,validation,573.81038,
Kp_ertapenem_S_838Gr_573_78694_rgi.txt,Susceptible,11,train,573.78694,
Kp_ertapenem_S_83BUR14_573_81571_rgi.txt,Susceptible,48,validation,573.81571,
Kp_ertapenem_S_844839_573_81036_rgi.txt,Susceptible,395,train,573.81036,
Kp_ertapenem_S_846745_573_81008_rgi.txt,Susceptible,147,validation,573.81008,
Kp_ertapenem_S_8597_22_573_78738_rgi.txt,Susceptible,11,train,573.78738,
Kp_ertapenem_S_8774E18_573_81575_rgi.txt,Susceptible,36,train,573.81575,
Kp_ertapenem_S_882410_573_81011_rgi.txt,Susceptible,307,validation,573.81011,
Kp_ertapenem_S_882763_573_81015_rgi.txt,Susceptible,147,validation,573.81015,
Kp_ertapenem_S_890587_573_81014_rgi.txt,Susceptible,147,validation,573.81014,
Kp_ertapenem_S_896049_573_81013_rgi.txt,Susceptible,147,validation,573.81013,
Kp_ertapenem_S_896137_573_81031_rgi.txt,Susceptible,584,train,573.81031,
Kp_ertapenem_S_8_kpn_573_78060_rgi.txt,Susceptible,147,validation,573.7806,
Kp_ertapenem_S_9040_22_573_78724_rgi.txt,Susceptible,395,train,573.78724,
Kp_ertapenem_S_908691_573_81012_rgi.txt,Susceptible,147,validation,573.81012,
Kp_ertapenem_S_917432_573_81029_rgi.txt,Susceptible,395,train,573.81029,
Kp_ertapenem_S_927262_573_81009_rgi.txt,Susceptible,395,train,573.81009,
Kp_ertapenem_S_927280_573_81028_rgi.txt,Susceptible,147,validation,573.81028,
Kp_ertapenem_S_928507_573_81022_rgi.txt,Susceptible,147,validation,573.81022,
Kp_ertapenem_S_930_573_77990_rgi.txt,Susceptible,685,train,573.7799,
Kp_ertapenem_S_931183_573_81026_rgi.txt,Susceptible,147,validation,573.81026,
Kp_ertapenem_S_932969_573_81027_rgi.txt,Susceptible,268,train,573.81027,
Kp_ertapenem_S_941870_573_81020_rgi.txt,Susceptible,147,validation,573.8102,
Kp_ertapenem_S_944560_573_81024_rgi.txt,Susceptible,23,train,573.81024,
Kp_ertapenem_S_944575_573_81030_rgi.txt,Susceptible,307,validation,573.8103,
Kp_ertapenem_S_953369_573_81025_rgi.txt,Susceptible,147,validation,573.81025,
Kp_ertapenem_S_963668_573_81018_rgi.txt,Susceptible,395,train,573.81018,
Kp_ertapenem_S_9702_22_573_78709_rgi.txt,Susceptible,147,validation,573.78709,
Kp_ertapenem_S_98229_573_80901_rgi.txt,Susceptible,11,train,573.80901,
Kp_ertapenem_S_98890_573_80902_rgi.txt,Susceptible,11,train,573.80902,
Kp_ertapenem_S_993_1207AV_142L_10.04.2024_573_83614_rgi.txt,Susceptible,Unknown,validation,573.83614,
Kp_ertapenem_S_9BUR14_573_81551_rgi.txt,Susceptible,147,validation,573.81551,
Kp_ertapenem_S_A122_573_78464_rgi.txt,Susceptible,Unknown,validation,573.78464,
Kp_ertapenem_S_A165Gr_573_80948_rgi.txt,Susceptible,11,train,573.80948,
Kp_ertapenem_S_A19-1_573_78857_rgi.txt,Susceptible,25,train,573.78857,
Kp_ertapenem_S_A2-2_573_78851_rgi.txt,Susceptible,1213,validation,573.78851,
Kp_ertapenem_S_A2-3_573_78854_rgi.txt,Susceptible,Unknown,validation,573.78854,
Kp_ertapenem_S_A21-1_573_78859_rgi.txt,Susceptible,611,train,573.78859,
Kp_ertapenem_S_A3-1_573_78853_rgi.txt,Susceptible,222,train,573.78853,
Kp_ertapenem_S_A4-2_573_78856_rgi.txt,Susceptible,964,validation,573.78856,
Kp_ertapenem_S_A6-1_573_78855_rgi.txt,Susceptible,34,train,573.78855,
Kp_ertapenem_S_ABOVE55_573_77550_rgi.txt,Susceptible,25,train,573.7755,
Kp_ertapenem_S_AGA0025_573_83526_rgi.txt,Susceptible,29,train,573.83526,
Kp_ertapenem_S_AIIMSBBSRODBLD3727KP_573_80807_rgi.txt,Susceptible,147,validation,573.80807,
Kp_ertapenem_S_AJ156_573_78947_rgi.txt,Susceptible,1454,train,573.78947,
Kp_ertapenem_S_AJ174-2_573_79314_rgi.txt,Susceptible,86,train,573.79314,
Kp_ertapenem_S_AM_CKDN230030166-1A_HGKHYDSX7_573_78693_rgi.txt,Susceptible,661,train,573.78693,
Kp_ertapenem_S_AR3365-Yvys_573_78892_rgi.txt,Susceptible,65,train,573.78892,
Kp_ertapenem_S_AR8230_573_83777_rgi.txt,Susceptible,1,validation,573.83777,
Kp_ertapenem_S_AR8231_573_83775_rgi.txt,Susceptible,458,train,573.83775,
Kp_ertapenem_S_AR8232_573_83774_rgi.txt,Susceptible,15,train,573.83774,
Kp_ertapenem_S_AR8233_573_83776_rgi.txt,Susceptible,140,train,573.83776,
Kp_ertapenem_S_AR8235_573_83773_rgi.txt,Susceptible,15,train,573.83773,
Kp_ertapenem_S_AR8288_573_83770_rgi.txt,Susceptible,147,validation,573.8377,
Kp_ertapenem_S_AR8314_573_83762_rgi.txt,Susceptible,1,validation,573.83762,
Kp_ertapenem_S_AR8315_573_83760_rgi.txt,Susceptible,2035,validation,573.8376,
Kp_ertapenem_S_AR8334_573_83752_rgi.txt,Susceptible,1189,train,573.83752,
Kp_ertapenem_S_AR8335_573_83755_rgi.txt,Susceptible,70,train,573.83755,
Kp_ertapenem_S_AR8381_573_83750_rgi.txt,Susceptible,485,validation,573.8375,
Kp_ertapenem_S_AR8395_573_83747_rgi.txt,Susceptible,213,train,573.83747,
Kp_ertapenem_S_AR8396_573_83748_rgi.txt,Susceptible,213,train,573.83748,
Kp_ertapenem_S_AR8419_573_83734_rgi.txt,Susceptible,485,validation,573.83734,
Kp_ertapenem_S_AR8447_573_83732_rgi.txt,Susceptible,147,validation,573.83732,
Kp_ertapenem_S_AR8476_573_83723_rgi.txt,Susceptible,34,train,573.83723,
Kp_ertapenem_S_AR8498_573_83716_rgi.txt,Susceptible,893,train,573.83716,
Kp_ertapenem_S_AR8508_573_83711_rgi.txt,Susceptible,Unknown,validation,573.83711,
Kp_ertapenem_S_AR8513_573_83708_rgi.txt,Susceptible,449,train,573.83708,
Kp_ertapenem_S_AR8523_573_83705_rgi.txt,Susceptible,1106,train,573.83705,
Kp_ertapenem_S_AR8531_573_83703_rgi.txt,Susceptible,45,validation,573.83703,
Kp_ertapenem_S_AR8534_573_83700_rgi.txt,Susceptible,168,validation,573.837,
Kp_ertapenem_S_AR8535_573_83696_rgi.txt,Susceptible,15,train,573.83696,
Kp_ertapenem_S_AR8537_573_83697_rgi.txt,Susceptible,914,train,573.83697,
Kp_ertapenem_S_AR8539_573_83699_rgi.txt,Susceptible,Unknown,validation,573.83699,
Kp_ertapenem_S_A_31_573_83500_rgi.txt,Susceptible,3,train,573.835,
Kp_ertapenem_S_A_44_573_84065_rgi.txt,Susceptible,Unknown,validation,573.84065,
Kp_ertapenem_S_A_CKDN230030134-1A_HGKHYDSX7_573_78692_rgi.txt,Susceptible,15,train,573.78692,
Kp_ertapenem_S_B20158_573_83693_rgi.txt,Susceptible,289,train,573.83693,
Kp_ertapenem_S_BATC1_573_81713_rgi.txt,Susceptible,Unknown,validation,573.81713,
Kp_ertapenem_S_BCR1_573_83519_rgi.txt,Susceptible,15,train,573.83519,
Kp_ertapenem_S_BG4752_573_79147_rgi.txt,Susceptible,Unknown,validation,573.79147,
Kp_ertapenem_S_BG4757_573_79146_rgi.txt,Susceptible,Unknown,validation,573.79146,
Kp_ertapenem_S_BG4761_573_79145_rgi.txt,Susceptible,Unknown,validation,573.79145,
Kp_ertapenem_S_BG4793_573_79142_rgi.txt,Susceptible,Unknown,validation,573.79142,
Kp_ertapenem_S_BG4823_573_79134_rgi.txt,Susceptible,Unknown,validation,573.79134,
Kp_ertapenem_S_BG4890_573_79129_rgi.txt,Susceptible,Unknown,validation,573.79129,
Kp_ertapenem_S_BG4916_573_79131_rgi.txt,Susceptible,Unknown,validation,573.79131,
Kp_ertapenem_S_BG4930_573_79123_rgi.txt,Susceptible,Unknown,validation,573.79123,
Kp_ertapenem_S_BG4994_573_79125_rgi.txt,Susceptible,Unknown,validation,573.79125,
Kp_ertapenem_S_BG5018_573_79117_rgi.txt,Susceptible,Unknown,validation,573.79117,
Kp_ertapenem_S_BG5033_573_79114_rgi.txt,Susceptible,Unknown,validation,573.79114,
Kp_ertapenem_S_BG5036_573_79112_rgi.txt,Susceptible,Unknown,validation,573.79112,
Kp_ertapenem_S_BG5070_573_79100_rgi.txt,Susceptible,Unknown,validation,573.791,
Kp_ertapenem_S_BG5071_573_79097_rgi.txt,Susceptible,Unknown,validation,573.79097,
Kp_ertapenem_S_BG5111_573_79098_rgi.txt,Susceptible,Unknown,validation,573.79098,
Kp_ertapenem_S_BG5120_573_79090_rgi.txt,Susceptible,Unknown,validation,573.7909,
Kp_ertapenem_S_BG5121_573_79091_rgi.txt,Susceptible,Unknown,validation,573.79091,
Kp_ertapenem_S_BG5123_573_79087_rgi.txt,Susceptible,Unknown,validation,573.79087,
Kp_ertapenem_S_BG5155_573_79089_rgi.txt,Susceptible,Unknown,validation,573.79089,
Kp_ertapenem_S_BG5162_573_79083_rgi.txt,Susceptible,Unknown,validation,573.79083,
Kp_ertapenem_S_BG5165_573_79082_rgi.txt,Susceptible,Unknown,validation,573.79082,
Kp_ertapenem_S_BG5171_573_79078_rgi.txt,Susceptible,Unknown,validation,573.79078,
Kp_ertapenem_S_BG5178_573_79068_rgi.txt,Susceptible,Unknown,validation,573.79068,
Kp_ertapenem_S_BG5179_573_79079_rgi.txt,Susceptible,Unknown,validation,573.79079,
Kp_ertapenem_S_BG5194_573_79081_rgi.txt,Susceptible,Unknown,validation,573.79081,
Kp_ertapenem_S_BG5219_573_79066_rgi.txt,Susceptible,Unknown,validation,573.79066,
Kp_ertapenem_S_BGI264_573_79077_rgi.txt,Susceptible,Unknown,validation,573.79077,
Kp_ertapenem_S_BGS1023_573_79059_rgi.txt,Susceptible,Unknown,validation,573.79059,
Kp_ertapenem_S_BGS2989_573_79058_rgi.txt,Susceptible,Unknown,validation,573.79058,
Kp_ertapenem_S_BGS3725_573_79062_rgi.txt,Susceptible,Unknown,validation,573.79062,
Kp_ertapenem_S_BGS571_573_79064_rgi.txt,Susceptible,Unknown,validation,573.79064,
Kp_ertapenem_S_BGS834_573_79065_rgi.txt,Susceptible,Unknown,validation,573.79065,
Kp_ertapenem_S_BP10h_573_83513_rgi.txt,Susceptible,Unknown,validation,573.83513,
Kp_ertapenem_S_BP122h_573_83512_rgi.txt,Susceptible,Unknown,validation,573.83512,
Kp_ertapenem_S_BP12h_573_83510_rgi.txt,Susceptible,Unknown,validation,573.8351,
Kp_ertapenem_S_BP206h_573_83509_rgi.txt,Susceptible,530,train,573.83509,
Kp_ertapenem_S_BP217h_573_83507_rgi.txt,Susceptible,Unknown,validation,573.83507,
Kp_ertapenem_S_BP23h_573_83508_rgi.txt,Susceptible,Unknown,validation,573.83508,
Kp_ertapenem_S_BP310Ae_573_83506_rgi.txt,Susceptible,107,train,573.83506,
Kp_ertapenem_S_BP372h_573_83505_rgi.txt,Susceptible,Unknown,validation,573.83505,
Kp_ertapenem_S_BP46Ah_573_83503_rgi.txt,Susceptible,70,train,573.83503,
Kp_ertapenem_S_BUH1_573_81257_rgi.txt,Susceptible,198,train,573.81257,
Kp_ertapenem_S_BUH1_573_81252_rgi.txt,Susceptible,66,train,573.81252,
Kp_ertapenem_S_BUH2_573_81256_rgi.txt,Susceptible,198,train,573.81256,
Kp_ertapenem_S_BUH3_573_81255_rgi.txt,Susceptible,198,train,573.81255,
Kp_ertapenem_S_BioB-1_573_83624_rgi.txt,Susceptible,626,train,573.83624,
Kp_ertapenem_S_C20-1_573_77825_rgi.txt,Susceptible,231,train,573.77825,
Kp_ertapenem_S_C5707951_573_77913_rgi.txt,Susceptible,25,train,573.77913,
Kp_ertapenem_S_CAM_1_HF_IV_KESB1_573_78474_rgi.txt,Susceptible,Unknown,validation,573.78474,
Kp_ertapenem_S_CAM_1_HF_IV_KESB3_573_78475_rgi.txt,Susceptible,Unknown,validation,573.78475,
Kp_ertapenem_S_CAM_1_HF_I_KESB1_573_78473_rgi.txt,Susceptible,753,train,573.78473,
Kp_ertapenem_S_CAM_1_HF_I_KESB2_573_78472_rgi.txt,Susceptible,Unknown,validation,573.78472,
Kp_ertapenem_S_CAM_1_HF_I_KESB3_573_78471_rgi.txt,Susceptible,Unknown,validation,573.78471,
Kp_ertapenem_S_CAM_2_CS_ESBL1_573_78477_rgi.txt,Susceptible,Unknown,validation,573.78477,
Kp_ertapenem_S_CAM_2_HF_II_ESBL1_573_78476_rgi.txt,Susceptible,111,validation,573.78476,
Kp_ertapenem_S_CAM_3_CS_ESBL3_573_78478_rgi.txt,Susceptible,Unknown,validation,573.78478,
Kp_ertapenem_S_CAM_3_HF_III_ESBL1_573_78480_rgi.txt,Susceptible,Unknown,validation,573.7848,
Kp_ertapenem_S_CAM_3_HF_II_ESBL5_573_78479_rgi.txt,Susceptible,Unknown,validation,573.78479,
Kp_ertapenem_S_CAM_5_HF_III_ESBL1_573_78481_rgi.txt,Susceptible,Unknown,validation,573.78481,
Kp_ertapenem_S_CCRKp_108I10_573_83607_rgi.txt,Susceptible,383,validation,573.83607,
Kp_ertapenem_S_CFI_001_VIM2_573_77409_rgi.txt,Susceptible,14,train,573.77409,
Kp_ertapenem_S_CFI_014_VIM4_573_77415_rgi.txt,Susceptible,15,train,573.77415,
Kp_ertapenem_S_CFI_110_OXA232_573_77417_rgi.txt,Susceptible,101,validation,573.77417,
Kp_ertapenem_S_CFI_128_NDM1_573_77412_rgi.txt,Susceptible,14,train,573.77412,
Kp_ertapenem_S_CFI_147_OXA48_573_77416_rgi.txt,Susceptible,101,validation,573.77416,
Kp_ertapenem_S_CHURS_000694_573_79166_rgi.txt,Susceptible,15,train,573.79166,
Kp_ertapenem_S_CHURS_000958_573_79168_rgi.txt,Susceptible,15,train,573.79168,
Kp_ertapenem_S_CHURS_001262_573_79172_rgi.txt,Susceptible,15,train,573.79172,
Kp_ertapenem_S_CHURS_170652_573_79186_rgi.txt,Susceptible,34,train,573.79186,
Kp_ertapenem_S_CHURS_170744_573_79188_rgi.txt,Susceptible,1628,validation,573.79188,
Kp_ertapenem_S_CHURS_170943_573_79185_rgi.txt,Susceptible,34,train,573.79185,
Kp_ertapenem_S_CHURS_171503_573_79181_rgi.txt,Susceptible,Unknown,validation,573.79181,
Kp_ertapenem_S_CHURS_171703_573_79184_rgi.txt,Susceptible,1628,validation,573.79184,
Kp_ertapenem_S_CHURS_174873_573_79182_rgi.txt,Susceptible,Unknown,validation,573.79182,
Kp_ertapenem_S_CHURS_175802_573_79183_rgi.txt,Susceptible,1825,train,573.79183,
Kp_ertapenem_S_CHURS_183019_573_79165_rgi.txt,Susceptible,Unknown,validation,573.79165,
Kp_ertapenem_S_CHURS_9_1075_573_79187_rgi.txt,Susceptible,17,train,573.79187,
Kp_ertapenem_S_CIP_107_2_573_81675_rgi.txt,Susceptible,Unknown,validation,573.81675,
Kp_ertapenem_S_CKP10_573_79393_rgi.txt,Susceptible,17,train,573.79393,
Kp_ertapenem_S_CKP2_573_79398_rgi.txt,Susceptible,11,train,573.79398,
Kp_ertapenem_S_CKP4_573_79396_rgi.txt,Susceptible,152,train,573.79396,
Kp_ertapenem_S_CKP6_573_79395_rgi.txt,Susceptible,253,train,573.79395,
Kp_ertapenem_S_CKP8_573_79394_rgi.txt,Susceptible,Unknown,validation,573.79394,
Kp_ertapenem_S_CN-122-D_573_79311_rgi.txt,Susceptible,252,train,573.79311,
Kp_ertapenem_S_CN-129-D_573_79298_rgi.txt,Susceptible,661,train,573.79298,
Kp_ertapenem_S_CN-131-D_573_79292_rgi.txt,Susceptible,Unknown,validation,573.79292,
Kp_ertapenem_S_CN-137-D_573_79297_rgi.txt,Susceptible,Unknown,validation,573.79297,
Kp_ertapenem_S_CN-304-F_573_79285_rgi.txt,Susceptible,659,validation,573.79285,
Kp_ertapenem_S_CN-305-F_573_79281_rgi.txt,Susceptible,37,train,573.79281,
Kp_ertapenem_S_CN-308-F_573_79283_rgi.txt,Susceptible,Unknown,validation,573.79283,
Kp_ertapenem_S_CN-312-F_573_79280_rgi.txt,Susceptible,585,train,573.7928,
Kp_ertapenem_S_CN-314-F_573_79279_rgi.txt,Susceptible,315,train,573.79279,
Kp_ertapenem_S_CN-317-F_573_79282_rgi.txt,Susceptible,485,validation,573.79282,
Kp_ertapenem_S_CN-326-F_573_79278_rgi.txt,Susceptible,869,validation,573.79278,
Kp_ertapenem_S_CN-330-D_573_79294_rgi.txt,Susceptible,315,train,573.79294,
Kp_ertapenem_S_CN-336-D_573_79296_rgi.txt,Susceptible,17,train,573.79296,
Kp_ertapenem_S_CN-338-D_573_79293_rgi.txt,Susceptible,881,validation,573.79293,
Kp_ertapenem_S_CN-340-D_573_79309_rgi.txt,Susceptible,1805,validation,573.79309,
Kp_ertapenem_S_CN-346-D_573_79291_rgi.txt,Susceptible,189,train,573.79291,
Kp_ertapenem_S_CN-348-D_573_79313_rgi.txt,Susceptible,587,train,573.79313,
Kp_ertapenem_S_CN-356-D_573_79306_rgi.txt,Susceptible,585,train,573.79306,
Kp_ertapenem_S_CN-357-D_573_79312_rgi.txt,Susceptible,327,train,573.79312,
Kp_ertapenem_S_CN-362-D_573_79310_rgi.txt,Susceptible,1876,train,573.7931,
Kp_ertapenem_S_CN-502-F_573_79295_rgi.txt,Susceptible,14,train,573.79295,
Kp_ertapenem_S_CN-665-F_573_79304_rgi.txt,Susceptible,Unknown,validation,573.79304,
Kp_ertapenem_S_CN-668-F_573_79307_rgi.txt,Susceptible,17,train,573.79307,
Kp_ertapenem_S_CN-674-F_573_79302_rgi.txt,Susceptible,515,train,573.79302,
Kp_ertapenem_S_CN-677-F_573_79300_rgi.txt,Susceptible,35,train,573.793,
Kp_ertapenem_S_CN-684-F_573_79303_rgi.txt,Susceptible,20,train,573.79303,
Kp_ertapenem_S_CN-686-F_573_79305_rgi.txt,Susceptible,25,train,573.79305,
Kp_ertapenem_S_CN-69-F_573_79289_rgi.txt,Susceptible,Unknown,validation,573.79289,
Kp_ertapenem_S_CN-696-D_573_79275_rgi.txt,Susceptible,Unknown,validation,573.79275,
Kp_ertapenem_S_CN-71-F_573_79290_rgi.txt,Susceptible,1779,train,573.7929,
Kp_ertapenem_S_CN-711-D_573_79277_rgi.txt,Susceptible,437,validation,573.79277,
Kp_ertapenem_S_CN-713-D_573_79272_rgi.txt,Susceptible,1798,train,573.79272,
Kp_ertapenem_S_CN-721-D_573_79271_rgi.txt,Susceptible,617,train,573.79271,
Kp_ertapenem_S_CN-722-D_573_79274_rgi.txt,Susceptible,1798,train,573.79274,
Kp_ertapenem_S_CN-734-D_573_79273_rgi.txt,Susceptible,560,train,573.79273,
Kp_ertapenem_S_CN-747-D_573_79270_rgi.txt,Susceptible,540,train,573.7927,
Kp_ertapenem_S_CN-75-F_573_79287_rgi.txt,Susceptible,35,train,573.79287,
Kp_ertapenem_S_CN-76-F_573_79284_rgi.txt,Susceptible,Unknown,validation,573.79284,
Kp_ertapenem_S_CN-78-F_573_79288_rgi.txt,Susceptible,309,train,573.79288,
Kp_ertapenem_S_CN-79-F_573_79286_rgi.txt,Susceptible,1619,train,573.79286,
Kp_ertapenem_S_CN-83-D_573_79301_rgi.txt,Susceptible,20,train,573.79301,
Kp_ertapenem_S_CR2021_573_77554_rgi.txt,Susceptible,Unknown,validation,573.77554,
Kp_ertapenem_S_CRE125_573_78119_rgi.txt,Susceptible,25,train,573.78119,
Kp_ertapenem_S_CRE139_573_78118_rgi.txt,Susceptible,23,train,573.78118,
Kp_ertapenem_S_CRE147_573_78122_rgi.txt,Susceptible,11,train,573.78122,
Kp_ertapenem_S_CRE167_573_78120_rgi.txt,Susceptible,23,train,573.7812,
Kp_ertapenem_S_CRE187_573_78121_rgi.txt,Susceptible,Unknown,validation,573.78121,
Kp_ertapenem_S_CRE301_573_78315_rgi.txt,Susceptible,Unknown,validation,573.78315,
Kp_ertapenem_S_CRE321_573_78318_rgi.txt,Susceptible,11,train,573.78318,
Kp_ertapenem_S_CRE378_573_78321_rgi.txt,Susceptible,893,train,573.78321,
Kp_ertapenem_S_CRE398_573_78319_rgi.txt,Susceptible,592,train,573.78319,
Kp_ertapenem_S_CRE50_573_84177_rgi.txt,Susceptible,412,validation,573.84177,
Kp_ertapenem_S_CRE524_573_78604_rgi.txt,Susceptible,Unknown,validation,573.78604,
Kp_ertapenem_S_CRKP-1_573_80772_rgi.txt,Susceptible,685,train,573.80772,
Kp_ertapenem_S_CRKP-11_573_80767_rgi.txt,Susceptible,1140,train,573.80767,
Kp_ertapenem_S_CRKP-127_573_80733_rgi.txt,Susceptible,656,train,573.80733,
Kp_ertapenem_S_CRKP-128_573_80732_rgi.txt,Susceptible,656,train,573.80732,
Kp_ertapenem_S_CRKP-142_573_80725_rgi.txt,Susceptible,15,train,573.80725,
Kp_ertapenem_S_CRKP-145_573_80724_rgi.txt,Susceptible,15,train,573.80724,
Kp_ertapenem_S_CRKP-148_573_80723_rgi.txt,Susceptible,15,train,573.80723,
Kp_ertapenem_S_CRKP-149_573_80720_rgi.txt,Susceptible,15,train,573.8072,
Kp_ertapenem_S_CRKP-151_573_80718_rgi.txt,Susceptible,15,train,573.80718,
Kp_ertapenem_S_CRKP-152_573_80716_rgi.txt,Susceptible,15,train,573.80716,
Kp_ertapenem_S_CRKP-153_573_80717_rgi.txt,Susceptible,15,train,573.80717,
Kp_ertapenem_S_CRKP-154_573_80719_rgi.txt,Susceptible,15,train,573.80719,
Kp_ertapenem_S_CRKP-155_573_80715_rgi.txt,Susceptible,15,train,573.80715,
Kp_ertapenem_S_CRKP-156_573_80712_rgi.txt,Susceptible,15,train,573.80712,
Kp_ertapenem_S_CRKP-157_573_80714_rgi.txt,Susceptible,15,train,573.80714,
Kp_ertapenem_S_CRKP-26_573_80764_rgi.txt,Susceptible,15,train,573.80764,
Kp_ertapenem_S_CRKP-39_573_80763_rgi.txt,Susceptible,15,train,573.80763,
Kp_ertapenem_S_CRKP-47_573_80762_rgi.txt,Susceptible,15,train,573.80762,
Kp_ertapenem_S_CRKP-53_573_80760_rgi.txt,Susceptible,15,train,573.8076,
Kp_ertapenem_S_CRKP-72_573_80746_rgi.txt,Susceptible,15,train,573.80746,
Kp_ertapenem_S_CRKP-76_573_80750_rgi.txt,Susceptible,15,train,573.8075,
Kp_ertapenem_S_CRKP-95_573_80738_rgi.txt,Susceptible,15,train,573.80738,
Kp_ertapenem_S_CRKP36_573_78816_rgi.txt,Susceptible,15,train,573.78816,
Kp_ertapenem_S_CRhvKp09_573_84286_rgi.txt,Susceptible,36,train,573.84286,
Kp_ertapenem_S_CRhvKp1421_573_84280_rgi.txt,Susceptible,268,train,573.8428,
Kp_ertapenem_S_CRhvKp1432_573_81785_rgi.txt,Susceptible,268,train,573.81785,
Kp_ertapenem_S_CRhvKp1653_573_81787_rgi.txt,Susceptible,65,train,573.81787,
Kp_ertapenem_S_CRhvKp175_573_83623_rgi.txt,Susceptible,11,train,573.83623,
Kp_ertapenem_S_CRhvKp196_573_81823_rgi.txt,Susceptible,15,train,573.81823,
Kp_ertapenem_S_CRhvKp1980-2_573_81878_rgi.txt,Susceptible,11,train,573.81878,
Kp_ertapenem_S_CRhvKp413_573_81779_rgi.txt,Susceptible,15,train,573.81779,
Kp_ertapenem_S_CRhvKp547_573_81790_rgi.txt,Susceptible,14,train,573.8179,
Kp_ertapenem_S_CRhvKp710_573_81775_rgi.txt,Susceptible,34,train,573.81775,
Kp_ertapenem_S_CT208_573_81750_rgi.txt,Susceptible,485,validation,573.8175,
Kp_ertapenem_S_CT209_573_81749_rgi.txt,Susceptible,147,validation,573.81749,
Kp_ertapenem_S_CV4_573_83695_rgi.txt,Susceptible,307,validation,573.83695,
Kp_ertapenem_S_CXW216_573_77898_rgi.txt,Susceptible,231,train,573.77898,
Kp_ertapenem_S_C_CKDN230030136-1A_HGKHYDSX7_573_78691_rgi.txt,Susceptible,1310,train,573.78691,
Kp_ertapenem_S_D1125bin18_573_78351_rgi.txt,Susceptible,6,train,573.78351,
Kp_ertapenem_S_D17_573_79449_rgi.txt,Susceptible,592,train,573.79449,
Kp_ertapenem_S_D17_573_78450_rgi.txt,Susceptible,147,validation,573.7845,
Kp_ertapenem_S_D3017_573_79249_rgi.txt,Susceptible,1593,train,573.79249,
Kp_ertapenem_S_D3029bin9_573_78356_rgi.txt,Susceptible,29,train,573.78356,
Kp_ertapenem_S_D3037bin22_573_78355_rgi.txt,Susceptible,180,train,573.78355,
Kp_ertapenem_S_D3096bin4_573_78354_rgi.txt,Susceptible,412,validation,573.78354,
Kp_ertapenem_S_D3120bin11_573_78353_rgi.txt,Susceptible,29,train,573.78353,
Kp_ertapenem_S_D5167bin3_573_78352_rgi.txt,Susceptible,661,train,573.78352,
Kp_ertapenem_S_D677076_573_77911_rgi.txt,Susceptible,405,validation,573.77911,
Kp_ertapenem_S_DCC2_573_81712_rgi.txt,Susceptible,Unknown,validation,573.81712,
Kp_ertapenem_S_DCC3_573_81717_rgi.txt,Susceptible,2055,train,573.81717,
Kp_ertapenem_S_DR_54-CIP_573_83502_rgi.txt,Susceptible,294,validation,573.83502,
Kp_ertapenem_S_DR_55-CIP_573_83501_rgi.txt,Susceptible,294,validation,573.83501,
Kp_ertapenem_S_E08_573_78451_rgi.txt,Susceptible,661,train,573.78451,
Kp_ertapenem_S_E13-46_573_78871_rgi.txt,Susceptible,15,train,573.78871,
Kp_ertapenem_S_E13-47_573_78880_rgi.txt,Susceptible,15,train,573.7888,
Kp_ertapenem_S_E13-62_573_78881_rgi.txt,Susceptible,15,train,573.78881,
Kp_ertapenem_S_E13-63_573_78879_rgi.txt,Susceptible,15,train,573.78879,
Kp_ertapenem_S_E22_573_83492_rgi.txt,Susceptible,20,train,573.83492,
Kp_ertapenem_S_EC4684_573_81752_rgi.txt,Susceptible,383,validation,573.81752,
Kp_ertapenem_S_ESBL10_573_77709_rgi.txt,Susceptible,131,train,573.77709,
Kp_ertapenem_S_ESBL13_573_77720_rgi.txt,Susceptible,29,train,573.7772,
Kp_ertapenem_S_ESBL14_573_77711_rgi.txt,Susceptible,322,train,573.77711,
Kp_ertapenem_S_ESBL16_573_77786_rgi.txt,Susceptible,40,train,573.77786,
Kp_ertapenem_S_ESBL17_573_77713_rgi.txt,Susceptible,29,train,573.77713,
Kp_ertapenem_S_ESBL18_573_77721_rgi.txt,Susceptible,29,train,573.77721,
Kp_ertapenem_S_ESBL19_573_77712_rgi.txt,Susceptible,29,train,573.77712,
Kp_ertapenem_S_ESBL20170347_573_82061_rgi.txt,Susceptible,Unknown,validation,573.82061,
Kp_ertapenem_S_ESBL21_573_77710_rgi.txt,Susceptible,584,train,573.7771,
Kp_ertapenem_S_ESBL3_573_77715_rgi.txt,Susceptible,29,train,573.77715,
Kp_ertapenem_S_ESBL4_573_77716_rgi.txt,Susceptible,462,train,573.77716,
Kp_ertapenem_S_ESBL6_573_77714_rgi.txt,Susceptible,29,train,573.77714,
Kp_ertapenem_S_ESBL7_573_77717_rgi.txt,Susceptible,29,train,573.77717,
Kp_ertapenem_S_ESBL8_573_77718_rgi.txt,Susceptible,29,train,573.77718,
Kp_ertapenem_S_ESBL9_573_77719_rgi.txt,Susceptible,29,train,573.77719,
Kp_ertapenem_S_EX1012_573_79247_rgi.txt,Susceptible,242,train,573.79247,
S__rgi_Klebsiella_pneumoniae_ertapenem__Kpn_Klebsiella_pneumoniae_strain_EuSCAPE_BE015_GCA_900506555_1_rgi.txt,Susceptible,405,validation,,GCA_900506555.1
S__rgi_Klebsiella_pneumoniae_ertapenem__Kpn_S_Klebsiella_pneumoniae_strain_EuSCAPE_BE017_GCA_900506595_1.txt,Susceptible,29,train,,GCA_900506595.1
S__rgi_Klebsiella_pneumoniae_ertapenem__Kpn_S_Klebsiella_pneumoniae_strain_EuSCAPE_BE080_GCA_900506915_1.txt,Susceptible,405,validation,,GCA_900506915.1
S__rgi_Klebsiella_pneumoniae_ertapenem__Kpn_S_Klebsiella_pneumoniae_strain_EuSCAPE_BE088_GCA_900506985_1.txt,Susceptible,405,validation,,GCA_900506985.1
S__rgi_Klebsiella_pneumoniae_ertapenem__Kpn_S_Klebsiella_pneumoniae_strain_EuSCAPE_BE107_GCA_900507725_1.txt,Susceptible,268,train,,GCA_900507725.1
S__rgi_Klebsiella_pneumoniae_ertapenem__Kpn_Klebsiella_pneumoniae_strain_EuSCAPE_CZ010_GCA_900508435_1_rgi.txt,Susceptible,14,train,,GCA_900508435.1
S__rgi_Klebsiella_pneumoniae_ertapenem__Kpn_Klebsiella_pneumoniae_strain_EuSCAPE_CZ012_GCA_900510985_1_rgi.txt,Susceptible,1333,train,,GCA_900510985.1
S__rgi_Klebsiella_pneumoniae_ertapenem__Kpn_S_Klebsiella_pneumoniae_strain_EuSCAPE_DE039_GCA_900512435_1.txt,Susceptible,17,train,,GCA_900512435.1
S__rgi_Klebsiella_pneumoniae_ertapenem__Kpn_S_Klebsiella_pneumoniae_strain_EuSCAPE_DE057_GCA_900512565_1.txt,Susceptible,17,train,,GCA_900512565.1
S__rgi_Klebsiella_pneumoniae_ertapenem__Kpn_Klebsiella_pneumoniae_strain_EuSCAPE_DE069_GCA_900512595_1_rgi.txt,Susceptible,11,train,,GCA_900512595.1
S__rgi_Klebsiella_pneumoniae_ertapenem__Kpn_Klebsiella_pneumoniae_strain_EuSCAPE_DE088_GCA_900512745_1_rgi.txt,Susceptible,48,validation,,GCA_900512745.1
S__rgi_Klebsiella_pneumoniae_ertapenem__Kpn_S_Klebsiella_pneumoniae_strain_EuSCAPE_ES063_GCA_900516355_1.txt,Susceptible,163,train,,GCA_900516355.1
S__rgi_Klebsiella_pneumoniae_ertapenem__Kpn_Klebsiella_pneumoniae_strain_EuSCAPE_ES102_GCA_900516655_1_rgi.txt,Susceptible,405,validation,,GCA_900516655.1
S__rgi_Klebsiella_pneumoniae_ertapenem__Kpn_S_Klebsiella_pneumoniae_strain_EuSCAPE_ES109_GCA_900501655_1.txt,Susceptible,405,validation,,GCA_900501655.1
S__rgi_Klebsiella_pneumoniae_ertapenem__Kpn_S_Klebsiella_pneumoniae_strain_EuSCAPE_ES222_GCA_900517345_1.txt,Susceptible,65,train,,GCA_900517345.1
S__rgi_Klebsiella_pneumoniae_ertapenem__Kpn_Klebsiella_pneumoniae_strain_EuSCAPE_ES228_GCA_900517385_1_rgi.txt,Susceptible,405,validation,,GCA_900517385.1
S__rgi_Klebsiella_pneumoniae_ertapenem__Kpn_Klebsiella_pneumoniae_strain_EuSCAPE_ES232_GCA_900517355_1_rgi.txt,Susceptible,3646,train,,GCA_900517355.1
S__rgi_Klebsiella_pneumoniae_ertapenem__Kpn_S_Klebsiella_pneumoniae_strain_EuSCAPE_ES235_GCA_900517425_1.txt,Susceptible,35,train,,GCA_900517425.1
S__rgi_Klebsiella_pneumoniae_ertapenem__Kpn_Klebsiella_pneumoniae_strain_EuSCAPE_ES237_GCA_900517465_1_rgi.txt,Susceptible,147,validation,,GCA_900517465.1
S__rgi_Klebsiella_pneumoniae_ertapenem__Kpn_S_Klebsiella_pneumoniae_strain_EuSCAPE_ES242_GCA_900517475_1.txt,Susceptible,20,train,,GCA_900517475.1
S__rgi_Klebsiella_pneumoniae_ertapenem__Kpn_Klebsiella_pneumoniae_strain_EuSCAPE_ES246_GCA_900517525_1_rgi.txt,Susceptible,16,train,,GCA_900517525.1
S__rgi_Klebsiella_pneumoniae_ertapenem__Kpn_Klebsiella_pneumoniae_strain_EuSCAPE_ES252_GCA_900517565_1_rgi.txt,Susceptible,15,train,,GCA_900517565.1
S__rgi_Klebsiella_pneumoniae_ertapenem__Kpn_Klebsiella_pneumoniae_strain_EuSCAPE_ES254_GCA_900517585_1_rgi.txt,Susceptible,104,train,,GCA_900517585.1
S__rgi_Klebsiella_pneumoniae_ertapenem__Kpn_Klebsiella_pneumoniae_strain_EuSCAPE_ES269_GCA_900500945_1_rgi.txt,Susceptible,15,train,,GCA_900500945.1
S__rgi_Klebsiella_pneumoniae_ertapenem__Kpn_Klebsiella_pneumoniae_strain_EuSCAPE_ES275_GCA_900517495_1_rgi.txt,Susceptible,792,train,,GCA_900517495.1
S__rgi_Klebsiella_pneumoniae_ertapenem__Kpn_Klebsiella_pneumoniae_strain_EuSCAPE_ES281_GCA_900517635_1_rgi.txt,Susceptible,134,train,,GCA_900517635.1
S__rgi_Klebsiella_pneumoniae_ertapenem__Kpn_Klebsiella_pneumoniae_strain_EuSCAPE_ES283_GCA_900517675_1_rgi.txt,Susceptible,101,validation,,GCA_900517675.1
S__rgi_Klebsiella_pneumoniae_ertapenem__Kpn_Klebsiella_pneumoniae_strain_EuSCAPE_FR013_GCA_900510395_1_rgi.txt,Susceptible,3649,validation,,GCA_900510395.1
S__rgi_Klebsiella_pneumoniae_ertapenem__Kpn_S_Klebsiella_pneumoniae_strain_EuSCAPE_FR019_GCA_900510445_1.txt,Susceptible,3147,train,,GCA_900510445.1
S__rgi_Klebsiella_pneumoniae_ertapenem__Kpn_Klebsiella_pneumoniae_strain_EuSCAPE_FR067_GCA_900510945_1_rgi.txt,Susceptible,14,train,,GCA_900510945.1
S__rgi_Klebsiella_pneumoniae_ertapenem__Kpn_Klebsiella_pneumoniae_strain_EuSCAPE_GR021_GCA_900501165_1_rgi.txt,Susceptible,3370,train,,GCA_900501165.1
S__rgi_Klebsiella_pneumoniae_ertapenem__Kpn_S_Klebsiella_pneumoniae_strain_EuSCAPE_GR129_GCA_900501535_1.txt,Susceptible,35,train,,GCA_900501535.1
S__rgi_Klebsiella_pneumoniae_ertapenem__Kpn_S_Klebsiella_pneumoniae_strain_EuSCAPE_HR007_GCA_900505665_1.txt,Susceptible,437,validation,,GCA_900505665.1
S__rgi_Klebsiella_pneumoniae_ertapenem__Kpn_S_Klebsiella_pneumoniae_strain_EuSCAPE_HR017_GCA_900505775_1.txt,Susceptible,437,validation,,GCA_900505775.1
S__rgi_Klebsiella_pneumoniae_ertapenem__Kpn_Klebsiella_pneumoniae_strain_EuSCAPE_HR024_GCA_900505795_1_rgi.txt,Susceptible,437,validation,,GCA_900505795.1
S__rgi_Klebsiella_pneumoniae_ertapenem__Kpn_S_Klebsiella_pneumoniae_strain_EuSCAPE_HR027_GCA_900505835_1.txt,Susceptible,163,train,,GCA_900505835.1
S__rgi_Klebsiella_pneumoniae_ertapenem__Kpn_Klebsiella_pneumoniae_strain_EuSCAPE_HR056_GCA_900505985_1_rgi.txt,Susceptible,1107,train,,GCA_900505985.1
S__rgi_Klebsiella_pneumoniae_ertapenem__Kpn_Klebsiella_pneumoniae_strain_EuSCAPE_HU006_GCA_900516395_1_rgi.txt,Susceptible,15,train,,GCA_900516395.1
S__rgi_Klebsiella_pneumoniae_ertapenem__Kpn_S_Klebsiella_pneumoniae_strain_EuSCAPE_HU015_GCA_900516755_1.txt,Susceptible,15,train,,GCA_900516755.1
S__rgi_Klebsiella_pneumoniae_ertapenem__Kpn_S_Klebsiella_pneumoniae_strain_EuSCAPE_HU024_GCA_900516855_1.txt,Susceptible,11,train,,GCA_900516855.1
S__rgi_Klebsiella_pneumoniae_ertapenem__Kpn_Klebsiella_pneumoniae_strain_EuSCAPE_HU027_GCA_900516865_1_rgi.txt,Susceptible,11,train,,GCA_900516865.1
S__rgi_Klebsiella_pneumoniae_ertapenem__Kpn_S_Klebsiella_pneumoniae_strain_EuSCAPE_HU062_GCA_900517055_1.txt,Susceptible,189,train,,GCA_900517055.1
S__rgi_Klebsiella_pneumoniae_ertapenem__Kpn_Klebsiella_pneumoniae_strain_EuSCAPE_HU065_GCA_900517105_1_rgi.txt,Susceptible,200,train,,GCA_900517105.1
S__rgi_Klebsiella_pneumoniae_ertapenem__Kpn_S_Klebsiella_pneumoniae_strain_EuSCAPE_IE013_GCA_900506305_1.txt,Susceptible,643,train,,GCA_900506305.1
S__rgi_Klebsiella_pneumoniae_ertapenem__Kpn_S_Klebsiella_pneumoniae_strain_EuSCAPE_IE019_GCA_900506355_1.txt,Susceptible,11,train,,GCA_900506355.1
S__rgi_Klebsiella_pneumoniae_ertapenem__Klebsiella_pneumoniae_ertapenem_S_strainEuSCAPE_IE022_GCA_9005063451_rgi.txt,Susceptible,15,train,,GCA_900506345.1
S__rgi_Klebsiella_pneumoniae_ertapenem__Kpn_S_Klebsiella_pneumoniae_strain_EuSCAPE_IL061_GCA_900513595_1.txt,Susceptible,13,validation,,GCA_900513595.1
S__rgi_Klebsiella_pneumoniae_ertapenem__Kpn_S_Klebsiella_pneumoniae_strain_EuSCAPE_IT002_GCA_900513995_1.txt,Susceptible,45,validation,,GCA_900513995.1
S__rgi_Klebsiella_pneumoniae_ertapenem__Klebsiella_pneumoniae_ertapenem_S_strainEuSCAPE_IT031_GCA_9005085151_rgi.txt,Susceptible,186,train,,GCA_900508515.1
S__rgi_Klebsiella_pneumoniae_ertapenem__Kpn_S_Klebsiella_pneumoniae_strain_EuSCAPE_IT039_GCA_900512995_1.txt,Susceptible,45,validation,,GCA_900512995.1
S__rgi_Klebsiella_pneumoniae_ertapenem__Kpn_Klebsiella_pneumoniae_strain_EuSCAPE_IT115_GCA_900508565_1_rgi.txt,Susceptible,35,train,,GCA_900508565.1
S__rgi_Klebsiella_pneumoniae_ertapenem__Kpn_Klebsiella_pneumoniae_strain_EuSCAPE_IT119_GCA_900514845_1_rgi.txt,Susceptible,3657,train,,GCA_900514845.1
S__rgi_Klebsiella_pneumoniae_ertapenem__Kpn_Klebsiella_pneumoniae_strain_EuSCAPE_IT151_GCA_900515175_1_rgi.txt,Susceptible,17,train,,GCA_900515175.1
S__rgi_Klebsiella_pneumoniae_ertapenem__Klebsiella_pneumoniae_ertapenem_S_strainEuSCAPE_IT385_GCA_9005155251_rgi.txt,Susceptible,3663,train,,GCA_900515525.1
S__rgi_Klebsiella_pneumoniae_ertapenem__Kpn_S_Klebsiella_pneumoniae_strain_EuSCAPE_LT007_GCA_900512025_1.txt,Susceptible,437,validation,,GCA_900512025.1
S__rgi_Klebsiella_pneumoniae_ertapenem__Kpn_S_Klebsiella_pneumoniae_strain_EuSCAPE_LU001_GCA_900517785_1.txt,Susceptible,45,validation,,GCA_900517785.1
S__rgi_Klebsiella_pneumoniae_ertapenem__Kpn_Klebsiella_pneumoniae_strain_EuSCAPE_ME017_GCA_900513965_1_rgi.txt,Susceptible,274,train,,GCA_900513965.1
S__rgi_Klebsiella_pneumoniae_ertapenem__Kpn_S_Klebsiella_pneumoniae_strain_EuSCAPE_PL005_GCA_900510075_1.txt,Susceptible,25,train,,GCA_900510075.1
S__rgi_Klebsiella_pneumoniae_ertapenem__Kpn_Klebsiella_pneumoniae_strain_EuSCAPE_PL010_GCA_900510105_1_rgi.txt,Susceptible,11,train,,GCA_900510105.1
S__rgi_Klebsiella_pneumoniae_ertapenem__Kpn_S_Klebsiella_pneumoniae_strain_EuSCAPE_PL024_GCA_900511425_1.txt,Susceptible,152,train,,GCA_900511425.1
S__rgi_Klebsiella_pneumoniae_ertapenem__Kpn_Klebsiella_pneumoniae_strain_EuSCAPE_PL025_GCA_900510195_1_rgi.txt,Susceptible,11,train,,GCA_900510195.1
S__rgi_Klebsiella_pneumoniae_ertapenem__Kpn_Klebsiella_pneumoniae_strain_EuSCAPE_PL036_GCA_900510285_1_rgi.txt,Susceptible,11,train,,GCA_900510285.1
S__rgi_Klebsiella_pneumoniae_ertapenem__Klebsiella_pneumoniae_ertapenem_S_strainEuSCAPE_PL055_GCA_9005103151_rgi.txt,Susceptible,3132,train,,GCA_900510315.1
S__rgi_Klebsiella_pneumoniae_ertapenem__Kpn_Klebsiella_pneumoniae_strain_EuSCAPE_PT029_GCA_900502855_1_rgi.txt,Susceptible,17,train,,GCA_900502855.1
S__rgi_Klebsiella_pneumoniae_ertapenem__Kpn_Klebsiella_pneumoniae_strain_EuSCAPE_PT042_GCA_900501755_1_rgi.txt,Susceptible,17,train,,GCA_900501755.1
S__rgi_Klebsiella_pneumoniae_ertapenem__Kpn_S_Klebsiella_pneumoniae_strain_EuSCAPE_PT065_GCA_900501975_1.txt,Susceptible,17,train,,GCA_900501975.1
S__rgi_Klebsiella_pneumoniae_ertapenem__Kpn_S_Klebsiella_pneumoniae_strain_EuSCAPE_PT074_GCA_900502035_1.txt,Susceptible,277,train,,GCA_900502035.1
S__rgi_Klebsiella_pneumoniae_ertapenem__Kpn_Klebsiella_pneumoniae_strain_EuSCAPE_RO031_GCA_900504595_1_rgi.txt,Susceptible,336,train,,GCA_900504595.1
S__rgi_Klebsiella_pneumoniae_ertapenem__Kpn_Klebsiella_pneumoniae_strain_EuSCAPE_RO051_GCA_900504035_1_rgi.txt,Susceptible,15,train,,GCA_900504035.1
S__rgi_Klebsiella_pneumoniae_ertapenem__Kpn_Klebsiella_pneumoniae_strain_EuSCAPE_RO071_GCA_900504195_1_rgi.txt,Susceptible,336,train,,GCA_900504195.1
S__rgi_Klebsiella_pneumoniae_ertapenem__Kpn_Klebsiella_pneumoniae_strain_EuSCAPE_RO081_GCA_900504315_1_rgi.txt,Susceptible,147,validation,,GCA_900504315.1
S__rgi_Klebsiella_pneumoniae_ertapenem__Klebsiella_pneumoniae_ertapenem_S_strainEuSCAPE_RO094_GCA_9005044351_rgi.txt,Susceptible,22,train,,GCA_900504435.1
S__rgi_Klebsiella_pneumoniae_ertapenem__Kpn_S_Klebsiella_pneumoniae_strain_EuSCAPE_RS045_GCA_900503485_1.txt,Susceptible,340,train,,GCA_900503485.1
S__rgi_Klebsiella_pneumoniae_ertapenem__Kpn_Klebsiella_pneumoniae_strain_EuSCAPE_RS093_GCA_900505545_1_rgi.txt,Susceptible,340,train,,GCA_900505545.1
S__rgi_Klebsiella_pneumoniae_ertapenem__Kpn_S_Klebsiella_pneumoniae_strain_EuSCAPE_SI020_GCA_900503055_1.txt,Susceptible,307,validation,,GCA_900503055.1
S__rgi_Klebsiella_pneumoniae_ertapenem__Kpn_Klebsiella_pneumoniae_strain_EuSCAPE_TR042_GCA_900507835_1_rgi.txt,Susceptible,1193,validation,,GCA_900507835.1
S__rgi_Klebsiella_pneumoniae_ertapenem__Kpn_Klebsiella_pneumoniae_strain_EuSCAPE_TR056_GCA_900507915_1_rgi.txt,Susceptible,392,train,,GCA_900507915.1
S__rgi_Klebsiella_pneumoniae_ertapenem__Kpn_S_Klebsiella_pneumoniae_strain_EuSCAPE_TR125_GCA_900507385_1.txt,Susceptible,307,validation,,GCA_900507385.1
S__rgi_Klebsiella_pneumoniae_ertapenem__Kpn_S_Klebsiella_pneumoniae_strain_EuSCAPE_TR130_GCA_900507405_1.txt,Susceptible,14,train,,GCA_900507405.1
S__rgi_Klebsiella_pneumoniae_ertapenem__Kpn_Klebsiella_pneumoniae_strain_EuSCAPE_TR143_GCA_900507435_1_rgi.txt,Susceptible,29,train,,GCA_900507435.1
S__rgi_Klebsiella_pneumoniae_ertapenem__Kpn_S_Klebsiella_pneumoniae_strain_EuSCAPE_TR188_GCA_900508625_1.txt,Susceptible,831,train,,GCA_900508625.1
S__rgi_Klebsiella_pneumoniae_ertapenem__Kpn_Klebsiella_pneumoniae_strain_EuSCAPE_TR210_GCA_900508785_1_rgi.txt,Susceptible,111,validation,,GCA_900508785.1
S__rgi_Klebsiella_pneumoniae_ertapenem__Kpn_S_Klebsiella_pneumoniae_strain_EuSCAPE_TR215_GCA_900508835_1.txt,Susceptible,551,train,,GCA_900508835.1
S__rgi_Klebsiella_pneumoniae_ertapenem__Kpn_S_Klebsiella_pneumoniae_strain_EuSCAPE_TR217_GCA_900508825_1.txt,Susceptible,105,train,,GCA_900508825.1
S__rgi_Klebsiella_pneumoniae_ertapenem__Kpn_S_Klebsiella_pneumoniae_strain_EuSCAPE_TR270_GCA_900509115_1.txt,Susceptible,985,train,,GCA_900509115.1
S__rgi_Klebsiella_pneumoniae_ertapenem__Kpn_S_Klebsiella_pneumoniae_strain_EuSCAPE_TR283_GCA_900508175_1.txt,Susceptible,45,validation,,GCA_900508175.1
S__rgi_Klebsiella_pneumoniae_ertapenem__Kpn_S_Klebsiella_pneumoniae_strain_EuSCAPE_TR306_GCA_900508255_1.txt,Susceptible,185,train,,GCA_900508255.1
S__rgi_Klebsiella_pneumoniae_ertapenem__Kpn_Klebsiella_pneumoniae_strain_EuSCAPE_UK032_GCA_900504865_1_rgi.txt,Susceptible,661,train,,GCA_900504865.1
S__rgi_Klebsiella_pneumoniae_ertapenem__Kpn_Klebsiella_pneumoniae_strain_EuSCAPE_UK101_GCA_900503165_1_rgi.txt,Susceptible,678,train,,GCA_900503165.1
S__rgi_Klebsiella_pneumoniae_ertapenem__Kpn_S_Klebsiella_pneumoniae_strain_EuSCAPE_UK115_GCA_900503195_1.txt,Susceptible,17,train,,GCA_900503195.1
S__rgi_Klebsiella_pneumoniae_ertapenem__Kpn_S_Klebsiella_pneumoniae_strain_EuSCAPE_UK136_GCA_900504565_1.txt,Susceptible,17,train,,GCA_900504565.1
Kp_ertapenem_S_F1-9-ERG1_573_5827_rgi.txt,Susceptible,322,train,573.5827,
Kp_ertapenem_S_F1-9-ERG2_573_5724_rgi.txt,Susceptible,37,train,573.5724,
Kp_ertapenem_S_F15_573_78454_rgi.txt,Susceptible,13,validation,573.78454,
Kp_ertapenem_S_FAHZZU7605_573_78866_rgi.txt,Susceptible,1393,train,573.78866,
Kp_ertapenem_S_FFDD-1005_573_82005_rgi.txt,Susceptible,985,train,573.82005,
Kp_ertapenem_S_FFDD-1012-A_573_82013_rgi.txt,Susceptible,Unknown,validation,573.82013,
Kp_ertapenem_S_FFDD-113315-L1156_573_82037_rgi.txt,Susceptible,491,train,573.82037,
Kp_ertapenem_S_FFDD-1144_573_82031_rgi.txt,Susceptible,Unknown,validation,573.82031,
Kp_ertapenem_S_FFDD-1150_573_82030_rgi.txt,Susceptible,11,train,573.8203,
Kp_ertapenem_S_FFDD-1720B_573_82039_rgi.txt,Susceptible,45,validation,573.82039,
Kp_ertapenem_S_FFDD-225_573_82007_rgi.txt,Susceptible,273,train,573.82007,
Kp_ertapenem_S_FFDD-363677_573_82004_rgi.txt,Susceptible,307,validation,573.82004,
Kp_ertapenem_S_FFDD-457A_573_82045_rgi.txt,Susceptible,Unknown,validation,573.82045,
Kp_ertapenem_S_FFDD-548959L411_573_82052_rgi.txt,Susceptible,Unknown,validation,573.82052,
Kp_ertapenem_S_FFDD-580362L466_573_82049_rgi.txt,Susceptible,Unknown,validation,573.82049,
Kp_ertapenem_S_FFDD-593727-L677B_573_82048_rgi.txt,Susceptible,Unknown,validation,573.82048,
Kp_ertapenem_S_FFDD-70-12-13_573_82055_rgi.txt,Susceptible,815,validation,573.82055,
Kp_ertapenem_S_FFDD-704836-L1031_573_82033_rgi.txt,Susceptible,491,train,573.82033,
Kp_ertapenem_S_FFDD-926_573_82011_rgi.txt,Susceptible,35,train,573.82011,
Kp_ertapenem_S_FFKG-00-47-71-A_573_82044_rgi.txt,Susceptible,20,train,573.82044,
Kp_ertapenem_S_FFMG-030-7-21-B_573_82036_rgi.txt,Susceptible,35,train,573.82036,
Kp_ertapenem_S_FFMG-103-10-21_573_82016_rgi.txt,Susceptible,35,train,573.82016,
Kp_ertapenem_S_FFMG-1283-12-21_573_82012_rgi.txt,Susceptible,65,train,573.82012,
Kp_ertapenem_S_FFMG-1286-4-21-AE_573_82008_rgi.txt,Susceptible,Unknown,validation,573.82008,
Kp_ertapenem_S_FFMG-1331-6-21-A_573_82009_rgi.txt,Susceptible,16,train,573.82009,
Kp_ertapenem_S_FFMG-1331-6-21-B_573_82006_rgi.txt,Susceptible,16,train,573.82006,
Kp_ertapenem_S_FFMG-21-01-2043_573_82040_rgi.txt,Susceptible,322,train,573.8204,
Kp_ertapenem_S_FFMG-212-4-21_573_82029_rgi.txt,Susceptible,17,train,573.82029,
Kp_ertapenem_S_FFMG-268-1-21_573_82027_rgi.txt,Susceptible,Unknown,validation,573.82027,
Kp_ertapenem_S_FFMG-308-01-21_573_82025_rgi.txt,Susceptible,607,train,573.82025,
Kp_ertapenem_S_FFMG-324-12-21_573_82014_rgi.txt,Susceptible,17,train,573.82014,
Kp_ertapenem_S_FFMG-332-11-21_573_82042_rgi.txt,Susceptible,Unknown,validation,573.82042,
Kp_ertapenem_S_FFMG-341-7-21-B_573_82032_rgi.txt,Susceptible,Unknown,validation,573.82032,
Kp_ertapenem_S_FFMG-521-1-21-K_573_82021_rgi.txt,Susceptible,322,train,573.82021,
Kp_ertapenem_S_FFMG-521-1-21-KP_573_82024_rgi.txt,Susceptible,322,train,573.82024,
Kp_ertapenem_S_FFMG-569-7-21-B_573_82028_rgi.txt,Susceptible,Unknown,validation,573.82028,
Kp_ertapenem_S_FFMG-667-2-21-A_573_82019_rgi.txt,Susceptible,35,train,573.82019,
Kp_ertapenem_S_FFMG-683-06-21_573_82038_rgi.txt,Susceptible,Unknown,validation,573.82038,
Kp_ertapenem_S_FFMG-719-10-21_573_82035_rgi.txt,Susceptible,39,train,573.82035,
Kp_ertapenem_S_FFMG-840-06-21-EC_573_82023_rgi.txt,Susceptible,111,validation,573.82023,
Kp_ertapenem_S_FFMG-840-06-21-SA_573_82034_rgi.txt,Susceptible,111,validation,573.82034,
Kp_ertapenem_S_FFMG-986-6-21_573_82020_rgi.txt,Susceptible,Unknown,validation,573.8202,
Kp_ertapenem_S_FFSG-57-B_573_82051_rgi.txt,Susceptible,70,train,573.82051,
Kp_ertapenem_S_FFSG-57-PUS_573_82046_rgi.txt,Susceptible,70,train,573.82046,
Kp_ertapenem_S_FFZB-138A_573_82054_rgi.txt,Susceptible,Unknown,validation,573.82054,
Kp_ertapenem_S_FFZB-170_573_82002_rgi.txt,Susceptible,Unknown,validation,573.82002,
Kp_ertapenem_S_FFZB-19A_573_82056_rgi.txt,Susceptible,1427,validation,573.82056,
Kp_ertapenem_S_FK1541_573_78106_rgi.txt,Susceptible,111,validation,573.78106,
Kp_ertapenem_S_FK1916_573_78096_rgi.txt,Susceptible,29,train,573.78096,
Kp_ertapenem_S_FK2652_573_78115_rgi.txt,Susceptible,23,train,573.78115,
Kp_ertapenem_S_FK2784_573_78198_rgi.txt,Susceptible,29,train,573.78198,
Kp_ertapenem_S_FK3038_573_78110_rgi.txt,Susceptible,23,train,573.7811,
Kp_ertapenem_S_FK3616_573_78085_rgi.txt,Susceptible,29,train,573.78085,
Kp_ertapenem_S_FK3680_573_78113_rgi.txt,Susceptible,700,train,573.78113,
Kp_ertapenem_S_FK4006_573_78111_rgi.txt,Susceptible,462,train,573.78111,
Kp_ertapenem_S_FK5223_573_78108_rgi.txt,Susceptible,15,train,573.78108,
Kp_ertapenem_S_FK6048_573_78112_rgi.txt,Susceptible,65,train,573.78112,
Kp_ertapenem_S_FK6658-HR_573_83819_rgi.txt,Susceptible,22,train,573.83819,
Kp_ertapenem_S_FK7242-HR_573_83820_rgi.txt,Susceptible,22,train,573.8382,
Kp_ertapenem_S_FK7291-HR_573_83818_rgi.txt,Susceptible,22,train,573.83818,
Kp_ertapenem_S_FK8017-HR_573_83813_rgi.txt,Susceptible,1537,validation,573.83813,
Kp_ertapenem_S_FNC1_573_81716_rgi.txt,Susceptible,487,train,573.81716,
Kp_ertapenem_S_FR21AKOB2974_573_84038_rgi.txt,Susceptible,15,train,573.84038,
Kp_ertapenem_S_FR21AOUL1916_573_84039_rgi.txt,Susceptible,15,train,573.84039,
Kp_ertapenem_S_FR21DGEO8782_573_84036_rgi.txt,Susceptible,11,train,573.84036,
Kp_ertapenem_S_FR21DTAB3592_573_84035_rgi.txt,Susceptible,15,train,573.84035,
Kp_ertapenem_S_FR21FBER3490_573_84030_rgi.txt,Susceptible,15,train,573.8403,
Kp_ertapenem_S_FR21FCHA1854_573_84031_rgi.txt,Susceptible,15,train,573.84031,
Kp_ertapenem_S_FR21FKAN3534_573_84026_rgi.txt,Susceptible,584,train,573.84026,
Kp_ertapenem_S_FR21GDAN5307_573_84029_rgi.txt,Susceptible,11,train,573.84029,
Kp_ertapenem_S_FR21GDAN8474_573_84025_rgi.txt,Susceptible,11,train,573.84025,
Kp_ertapenem_S_FR21ILUT5432_573_84028_rgi.txt,Susceptible,15,train,573.84028,
Kp_ertapenem_S_FR21KABD5671_573_84033_rgi.txt,Susceptible,15,train,573.84033,
Kp_ertapenem_S_FR21KART5027_573_84027_rgi.txt,Susceptible,15,train,573.84027,
Kp_ertapenem_S_FR21LN2DO3763_573_84023_rgi.txt,Susceptible,Unknown,validation,573.84023,
Kp_ertapenem_S_FR21LROD2532_573_84024_rgi.txt,Susceptible,13,validation,573.84024,
Kp_ertapenem_S_FR21MAOU4059_573_84022_rgi.txt,Susceptible,15,train,573.84022,
Kp_ertapenem_S_FR21MBA5616_573_84021_rgi.txt,Susceptible,15,train,573.84021,
Kp_ertapenem_S_FR21MJAA8386_573_84020_rgi.txt,Susceptible,15,train,573.8402,
Kp_ertapenem_S_FR21MKAS4933_573_84019_rgi.txt,Susceptible,15,train,573.84019,
Kp_ertapenem_S_FR21NBEN5679_573_84017_rgi.txt,Susceptible,101,validation,573.84017,
Kp_ertapenem_S_FR21OABD6670_573_84018_rgi.txt,Susceptible,15,train,573.84018,
Kp_ertapenem_S_FR21PLAJ6702_573_84016_rgi.txt,Susceptible,Unknown,validation,573.84016,
Kp_ertapenem_S_FR21PNGO4977_573_84015_rgi.txt,Susceptible,35,train,573.84015,
Kp_ertapenem_S_FR21PPER8943_573_84014_rgi.txt,Susceptible,17,train,573.84014,
Kp_ertapenem_S_FR21RICA0181_573_84013_rgi.txt,Susceptible,15,train,573.84013,
Kp_ertapenem_S_FR21RMAN5026_573_84012_rgi.txt,Susceptible,15,train,573.84012,
Kp_ertapenem_S_FR21SDJE0093_573_84010_rgi.txt,Susceptible,15,train,573.8401,
Kp_ertapenem_S_FR21SMEK2043_573_84007_rgi.txt,Susceptible,1322,train,573.84007,
Kp_ertapenem_S_FR21SMOH9038_573_84008_rgi.txt,Susceptible,15,train,573.84008,
Kp_ertapenem_S_FR21SNOA6539_573_84011_rgi.txt,Susceptible,15,train,573.84011,
Kp_ertapenem_S_FR21TFAD8500_573_84009_rgi.txt,Susceptible,Unknown,validation,573.84009,
Kp_ertapenem_S_FR21VDEG7737_573_84006_rgi.txt,Susceptible,15,train,573.84006,
Kp_ertapenem_S_FR21ZKHE4400_573_84005_rgi.txt,Susceptible,15,train,573.84005,
Kp_ertapenem_S_FR22RMOR6242_573_84004_rgi.txt,Susceptible,1228,train,573.84004,
Kp_ertapenem_S_FR22XCHE6341_573_84003_rgi.txt,Susceptible,15,train,573.84003,
Kp_ertapenem_S_FR22XCHE7957_573_84002_rgi.txt,Susceptible,15,train,573.84002,
Kp_ertapenem_S_FRC1_573_81715_rgi.txt,Susceptible,1824,train,573.81715,
Kp_ertapenem_S_FUJ80025_573_79461_rgi.txt,Susceptible,Unknown,validation,573.79461,
Kp_ertapenem_S_FUJ80026_573_79460_rgi.txt,Susceptible,517,train,573.7946,
Kp_ertapenem_S_FUJ80029_573_79459_rgi.txt,Susceptible,517,train,573.79459,
Kp_ertapenem_S_FUJ80031_573_79458_rgi.txt,Susceptible,517,train,573.79458,
Kp_ertapenem_S_FUJ80035_573_79444_rgi.txt,Susceptible,76,train,573.79444,
Kp_ertapenem_S_FUJ80036_573_79443_rgi.txt,Susceptible,76,train,573.79443,
Kp_ertapenem_S_FUJ80038_573_79463_rgi.txt,Susceptible,517,train,573.79463,
Kp_ertapenem_S_FUJ80043_573_79457_rgi.txt,Susceptible,76,train,573.79457,
Kp_ertapenem_S_FUJ80044_573_79456_rgi.txt,Susceptible,517,train,573.79456,
Kp_ertapenem_S_FUJ80045_573_79455_rgi.txt,Susceptible,517,train,573.79455,
Kp_ertapenem_S_FUJ80046_573_79441_rgi.txt,Susceptible,517,train,573.79441,
Kp_ertapenem_S_FUJ80049_573_79450_rgi.txt,Susceptible,517,train,573.7945,
Kp_ertapenem_S_FUJ80050_573_79462_rgi.txt,Susceptible,461,train,573.79462,
Kp_ertapenem_S_FUJ80051_573_79453_rgi.txt,Susceptible,517,train,573.79453,
Kp_ertapenem_S_FUJ80052_573_79442_rgi.txt,Susceptible,517,train,573.79442,
S__rgi_Klebsiella_pneumoniae_ertapenem__Klebsiella_pneumoniae_ertapenem_S_GCA_000534115.1GCA_000534115.1_rgi.txt,Susceptible,93,train,,GCA_000534115.1
S__rgi_Klebsiella_pneumoniae_ertapenem__Klebsiella_pneumoniae_ertapenem_S_GCA_000534315.1GCA_000534315.1_rgi.txt,Susceptible,93,train,,GCA_000534315.1
S__rgi_Klebsiella_pneumoniae_ertapenem__Klebsiella_pneumoniae_ertapenem_S_GCA_000566845.1GCA_000566845.1_rgi.txt,Susceptible,1444,train,,GCA_000566845.1
S__rgi_Klebsiella_pneumoniae_ertapenem__Klebsiella_pneumoniae_ertapenem_S_GCA_000566885.1_GCA_000566885.1_rgi.txt,Susceptible,3833,train,,GCA_000566885.1
S__rgi_Klebsiella_pneumoniae_ertapenem__Klebsiella_pneumoniae_ertapenem_S_GCA_000566965.1_GCA_000566965.1_rgi.txt,Susceptible,3832,train,,GCA_000566965.1
S__rgi_Klebsiella_pneumoniae_ertapenem__Klebsiella_pneumoniae_ertapenem_S_GCA_000567005.1GCA_000567005.1_rgi.txt,Susceptible,641,validation,,GCA_000567005.1
S__rgi_Klebsiella_pneumoniae_ertapenem__Klebsiella_pneumoniae_ertapenem_S_GCA_000706585.1GCA_000706585.1_rgi.txt,Susceptible,437,validation,,GCA_000706585.1
S__rgi_Klebsiella_pneumoniae_ertapenem__Klebsiella_pneumoniae_ertapenem_S_GCA_001874725.1GCA_001874725.1_rgi.txt,Susceptible,Unknown,validation,,GCA_001874725.1
S__rgi_Klebsiella_pneumoniae_ertapenem__Klebsiella_pneumoniae_ertapenem_S_GCA_001875745.1_GCA_001875745.1_rgi.txt,Susceptible,Unknown,validation,,GCA_001875745.1
S__rgi_Klebsiella_pneumoniae_ertapenem__Klebsiella_pneumoniae_ertapenem_S_GCA_002796405.1_GCA_002796405.1_rgi.txt,Susceptible,150,train,,GCA_002796405.1
S__rgi_Klebsiella_pneumoniae_ertapenem__Klebsiella_pneumoniae_ertapenem_S_GCA_003186535.1_GCA_003186535.1_rgi.txt,Susceptible,983,train,,GCA_003186535.1
S__rgi_Klebsiella_pneumoniae_ertapenem__Klebsiella_pneumoniae_ertapenem_S_GCA_003950615.1GCA_003950615.1_rgi.txt,Susceptible,4,train,,GCA_003950615.1
S__rgi_Klebsiella_pneumoniae_ertapenem__Klebsiella_pneumoniae_ertapenem_S_GCA_003952125.1_GCA_003952125.1_rgi.txt,Susceptible,Unknown,validation,,GCA_003952125.1
S__rgi_Klebsiella_pneumoniae_ertapenem__Klebsiella_pneumoniae_ertapenem_S_GCA_004322955.1GCA_004322955.1_rgi.txt,Susceptible,45,validation,,GCA_004322955.1
S__rgi_Klebsiella_pneumoniae_ertapenem__Klebsiella_pneumoniae_ertapenem_S_GCA_011682735.1_GCA_011682735.1_rgi.txt,Susceptible,46,train,,GCA_011682735.1
S__rgi_Klebsiella_pneumoniae_ertapenem__Klebsiella_pneumoniae_ertapenem_S_GCA_011682755.1GCA_011682755.1_rgi.txt,Susceptible,985,train,,GCA_011682755.1
S__rgi_Klebsiella_pneumoniae_ertapenem__Klebsiella_pneumoniae_ertapenem_S_GCA_011682815.1GCA_011682815.1_rgi.txt,Susceptible,464,train,,GCA_011682815.1
S__rgi_Klebsiella_pneumoniae_ertapenem__Klebsiella_pneumoniae_ertapenem_S_GCA_011682845.1GCA_011682845.1_rgi.txt,Susceptible,985,train,,GCA_011682845.1
S__rgi_Klebsiella_pneumoniae_ertapenem__Klebsiella_pneumoniae_ertapenem_S_GCA_011682855.1GCA_011682855.1_rgi.txt,Susceptible,13,validation,,GCA_011682855.1
S__rgi_Klebsiella_pneumoniae_ertapenem__Klebsiella_pneumoniae_ertapenem_S_GCA_011682885.1GCA_011682885.1_rgi.txt,Susceptible,985,train,,GCA_011682885.1
S__rgi_Klebsiella_pneumoniae_ertapenem__Klebsiella_pneumoniae_ertapenem_S_GCA_011682905.1GCA_011682905.1_rgi.txt,Susceptible,464,train,,GCA_011682905.1
S__rgi_Klebsiella_pneumoniae_ertapenem__Klebsiella_pneumoniae_ertapenem_S_GCA_013180385.1GCA_013180385.1_rgi.txt,Susceptible,Unknown,validation,,GCA_013180385.1
S__rgi_Klebsiella_pneumoniae_ertapenem__Klebsiella_pneumoniae_ertapenem_S_GCA_013450285.1GCA_013450285.1_rgi.txt,Susceptible,37,train,,GCA_013450285.1
S__rgi_Klebsiella_pneumoniae_ertapenem__Klebsiella_pneumoniae_ertapenem_S_GCA_013450305.1GCA_013450305.1_rgi.txt,Susceptible,37,train,,GCA_013450305.1
S__rgi_Klebsiella_pneumoniae_ertapenem__Klebsiella_pneumoniae_ertapenem_S_GCA_013450355.1GCA_013450355.1_rgi.txt,Susceptible,37,train,,GCA_013450355.1
S__rgi_Klebsiella_pneumoniae_ertapenem__Klebsiella_pneumoniae_ertapenem_S_GCA_013450375.1_GCA_013450375.1_rgi.txt,Susceptible,105,train,,GCA_013450375.1
S__rgi_Klebsiella_pneumoniae_ertapenem__Klebsiella_pneumoniae_ertapenem_S_GCA_013450385.1_GCA_013450385.1_rgi.txt,Susceptible,35,train,,GCA_013450385.1
S__rgi_Klebsiella_pneumoniae_ertapenem__Klebsiella_pneumoniae_ertapenem_S_GCA_013450405.1_GCA_013450405.1_rgi.txt,Susceptible,35,train,,GCA_013450405.1
S__rgi_Klebsiella_pneumoniae_ertapenem__Klebsiella_pneumoniae_ertapenem_S_GCA_013450475.1_GCA_013450475.1_rgi.txt,Susceptible,15,train,,GCA_013450475.1
S__rgi_Klebsiella_pneumoniae_ertapenem__Klebsiella_pneumoniae_ertapenem_S_GCA_013867375.1GCA_013867375.1_rgi.txt,Susceptible,35,train,,GCA_013867375.1
S__rgi_Klebsiella_pneumoniae_ertapenem__Klebsiella_pneumoniae_ertapenem_S_GCA_014826045.1_GCA_014826045.1_rgi.txt,Susceptible,37,train,,GCA_014826045.1
S__rgi_Klebsiella_pneumoniae_ertapenem__Klebsiella_pneumoniae_ertapenem_S_GCA_014840655.1_GCA_014840655.1_rgi.txt,Susceptible,29,train,,GCA_014840655.1
S__rgi_Klebsiella_pneumoniae_ertapenem__Klebsiella_pneumoniae_ertapenem_S_GCA_014840695.1_GCA_014840695.1_rgi.txt,Susceptible,37,train,,GCA_014840695.1
S__rgi_Klebsiella_pneumoniae_ertapenem__Klebsiella_pneumoniae_ertapenem_S_GCA_014840705.1_GCA_014840705.1_rgi.txt,Susceptible,48,validation,,GCA_014840705.1
S__rgi_Klebsiella_pneumoniae_ertapenem__Klebsiella_pneumoniae_ertapenem_S_GCA_014840735.1_GCA_014840735.1_rgi.txt,Susceptible,65,train,,GCA_014840735.1
S__rgi_Klebsiella_pneumoniae_ertapenem__Klebsiella_pneumoniae_ertapenem_S_GCA_014840775.1_GCA_014840775.1_rgi.txt,Susceptible,791,train,,GCA_014840775.1
S__rgi_Klebsiella_pneumoniae_ertapenem__Klebsiella_pneumoniae_ertapenem_S_GCA_014840795.1GCA_014840795.1_rgi.txt,Susceptible,48,validation,,GCA_014840795.1
S__rgi_Klebsiella_pneumoniae_ertapenem__Klebsiella_pneumoniae_ertapenem_S_GCA_014842775.1GCA_014842775.1_rgi.txt,Susceptible,736,train,,GCA_014842775.1
S__rgi_Klebsiella_pneumoniae_ertapenem__Klebsiella_pneumoniae_ertapenem_S_GCA_014842805.1GCA_014842805.1_rgi.txt,Susceptible,4365,train,,GCA_014842805.1
S__rgi_Klebsiella_pneumoniae_ertapenem__Klebsiella_pneumoniae_ertapenem_S_GCA_014947005.1_GCA_014947005.1_rgi.txt,Susceptible,Unknown,validation,,GCA_014947005.1
S__rgi_Klebsiella_pneumoniae_ertapenem__Klebsiella_pneumoniae_ertapenem_S_GCA_019927285.1_GCA_019927285.1_rgi.txt,Susceptible,4075,validation,,GCA_019927285.1
S__rgi_Klebsiella_pneumoniae_ertapenem__Klebsiella_pneumoniae_ertapenem_S_GCA_019927305.1_GCA_019927305.1_rgi.txt,Susceptible,34,train,,GCA_019927305.1
S__rgi_Klebsiella_pneumoniae_ertapenem__Klebsiella_pneumoniae_ertapenem_S_GCA_019927315.1GCA_019927315.1_rgi.txt,Susceptible,461,train,,GCA_019927315.1
S__rgi_Klebsiella_pneumoniae_ertapenem__Klebsiella_pneumoniae_ertapenem_S_GCA_019927325.1_GCA_019927325.1_rgi.txt,Susceptible,380,train,,GCA_019927325.1
S__rgi_Klebsiella_pneumoniae_ertapenem__Klebsiella_pneumoniae_ertapenem_S_GCA_019927385.1GCA_019927385.1_rgi.txt,Susceptible,37,train,,GCA_019927385.1
S__rgi_Klebsiella_pneumoniae_ertapenem__Klebsiella_pneumoniae_ertapenem_S_GCA_019927425.1GCA_019927425.1_rgi.txt,Susceptible,485,validation,,GCA_019927425.1
S__rgi_Klebsiella_pneumoniae_ertapenem__Klebsiella_pneumoniae_ertapenem_S_GCA_019927435.1GCA_019927435.1_rgi.txt,Susceptible,1621,train,,GCA_019927435.1
S__rgi_Klebsiella_pneumoniae_ertapenem__Klebsiella_pneumoniae_ertapenem_S_GCA_019927465.1GCA_019927465.1_rgi.txt,Susceptible,70,train,,GCA_019927465.1
S__rgi_Klebsiella_pneumoniae_ertapenem__Klebsiella_pneumoniae_ertapenem_S_GCA_019927485.1GCA_019927485.1_rgi.txt,Susceptible,1835,train,,GCA_019927485.1
S__rgi_Klebsiella_pneumoniae_ertapenem__Klebsiella_pneumoniae_ertapenem_S_GCA_019927505.1GCA_019927505.1_rgi.txt,Susceptible,2441,train,,GCA_019927505.1
S__rgi_Klebsiella_pneumoniae_ertapenem__Klebsiella_pneumoniae_ertapenem_S_GCA_019927535.1GCA_019927535.1_rgi.txt,Susceptible,987,train,,GCA_019927535.1
S__rgi_Klebsiella_pneumoniae_ertapenem__Klebsiella_pneumoniae_ertapenem_S_GCA_019927565.1_GCA_019927565.1_rgi.txt,Susceptible,198,train,,GCA_019927565.1
S__rgi_Klebsiella_pneumoniae_ertapenem__Klebsiella_pneumoniae_ertapenem_S_GCA_019927605.1GCA_019927605.1_rgi.txt,Susceptible,200,train,,GCA_019927605.1
S__rgi_Klebsiella_pneumoniae_ertapenem__Klebsiella_pneumoniae_ertapenem_S_GCA_019927655.1_GCA_019927655.1_rgi.txt,Susceptible,1838,train,,GCA_019927655.1
S__rgi_Klebsiella_pneumoniae_ertapenem__Klebsiella_pneumoniae_ertapenem_S_GCA_019927705.1GCA_019927705.1_rgi.txt,Susceptible,25,train,,GCA_019927705.1
S__rgi_Klebsiella_pneumoniae_ertapenem__Klebsiella_pneumoniae_ertapenem_S_GCA_019927725.1_GCA_019927725.1_rgi.txt,Susceptible,636,validation,,GCA_019927725.1
S__rgi_Klebsiella_pneumoniae_ertapenem__Klebsiella_pneumoniae_ertapenem_S_GCA_019927745.1_GCA_019927745.1_rgi.txt,Susceptible,2217,train,,GCA_019927745.1
S__rgi_Klebsiella_pneumoniae_ertapenem__Klebsiella_pneumoniae_ertapenem_S_GCA_019927765.1_GCA_019927765.1_rgi.txt,Susceptible,661,train,,GCA_019927765.1
S__rgi_Klebsiella_pneumoniae_ertapenem__Klebsiella_pneumoniae_ertapenem_S_GCA_019927785.1_GCA_019927785.1_rgi.txt,Susceptible,268,train,,GCA_019927785.1
S__rgi_Klebsiella_pneumoniae_ertapenem__Klebsiella_pneumoniae_ertapenem_S_GCA_019927845.1_GCA_019927845.1_rgi.txt,Susceptible,133,train,,GCA_019927845.1
S__rgi_Klebsiella_pneumoniae_ertapenem__Klebsiella_pneumoniae_ertapenem_S_GCA_019927855.1_GCA_019927855.1_rgi.txt,Susceptible,65,train,,GCA_019927855.1
S__rgi_Klebsiella_pneumoniae_ertapenem__Klebsiella_pneumoniae_ertapenem_S_GCA_019927885.1_GCA_019927885.1_rgi.txt,Susceptible,788,train,,GCA_019927885.1
S__rgi_Klebsiella_pneumoniae_ertapenem__Klebsiella_pneumoniae_ertapenem_S_GCA_019927925.1_GCA_019927925.1_rgi.txt,Susceptible,22,train,,GCA_019927925.1
S__rgi_Klebsiella_pneumoniae_ertapenem__Klebsiella_pneumoniae_ertapenem_S_GCA_019927965.1_GCA_019927965.1_rgi.txt,Susceptible,43,train,,GCA_019927965.1
S__rgi_Klebsiella_pneumoniae_ertapenem__Klebsiella_pneumoniae_ertapenem_S_GCA_019927985.1_GCA_019927985.1_rgi.txt,Susceptible,391,validation,,GCA_019927985.1
S__rgi_Klebsiella_pneumoniae_ertapenem__Klebsiella_pneumoniae_ertapenem_S_GCA_019928025.1GCA_019928025.1_rgi.txt,Susceptible,1399,train,,GCA_019928025.1
S__rgi_Klebsiella_pneumoniae_ertapenem__Klebsiella_pneumoniae_ertapenem_S_GCA_019928065.1GCA_019928065.1_rgi.txt,Susceptible,342,train,,GCA_019928065.1
S__rgi_Klebsiella_pneumoniae_ertapenem__Klebsiella_pneumoniae_ertapenem_S_GCA_019928115.1GCA_019928115.1_rgi.txt,Susceptible,551,train,,GCA_019928115.1
S__rgi_Klebsiella_pneumoniae_ertapenem__Klebsiella_pneumoniae_ertapenem_S_GCA_019928145.1_GCA_019928145.1_rgi.txt,Susceptible,5450,train,,GCA_019928145.1
S__rgi_Klebsiella_pneumoniae_ertapenem__Klebsiella_pneumoniae_ertapenem_S_GCA_019928165.1_GCA_019928165.1_rgi.txt,Susceptible,5449,train,,GCA_019928165.1
S__rgi_Klebsiella_pneumoniae_ertapenem__Klebsiella_pneumoniae_ertapenem_S_GCA_019928245.1_GCA_019928245.1_rgi.txt,Susceptible,471,validation,,GCA_019928245.1
S__rgi_Klebsiella_pneumoniae_ertapenem__Klebsiella_pneumoniae_ertapenem_S_GCA_019928265.1_GCA_019928265.1_rgi.txt,Susceptible,252,train,,GCA_019928265.1
S__rgi_Klebsiella_pneumoniae_ertapenem__Klebsiella_pneumoniae_ertapenem_S_GCA_019928285.1_GCA_019928285.1_rgi.txt,Susceptible,686,train,,GCA_019928285.1
S__rgi_Klebsiella_pneumoniae_ertapenem__Klebsiella_pneumoniae_ertapenem_S_GCA_019928305.1_GCA_019928305.1_rgi.txt,Susceptible,134,train,,GCA_019928305.1
S__rgi_Klebsiella_pneumoniae_ertapenem__Klebsiella_pneumoniae_ertapenem_S_GCA_019928345.1_GCA_019928345.1_rgi.txt,Susceptible,44,train,,GCA_019928345.1
S__rgi_Klebsiella_pneumoniae_ertapenem__Klebsiella_pneumoniae_ertapenem_S_GCA_019928385.1GCA_019928385.1_rgi.txt,Susceptible,5448,validation,,GCA_019928385.1
S__rgi_Klebsiella_pneumoniae_ertapenem__Klebsiella_pneumoniae_ertapenem_S_GCA_019928445.1_GCA_019928445.1_rgi.txt,Susceptible,253,train,,GCA_019928445.1
S__rgi_Klebsiella_pneumoniae_ertapenem__Klebsiella_pneumoniae_ertapenem_S_GCA_019928465.1_GCA_019928465.1_rgi.txt,Susceptible,15,train,,GCA_019928465.1
S__rgi_Klebsiella_pneumoniae_ertapenem__Klebsiella_pneumoniae_ertapenem_S_GCA_019928485.1_GCA_019928485.1_rgi.txt,Susceptible,36,train,,GCA_019928485.1
S__rgi_Klebsiella_pneumoniae_ertapenem__Klebsiella_pneumoniae_ertapenem_S_GCA_019928525.1_GCA_019928525.1_rgi.txt,Susceptible,2279,train,,GCA_019928525.1
S__rgi_Klebsiella_pneumoniae_ertapenem__Klebsiella_pneumoniae_ertapenem_S_GCA_019928545.1_GCA_019928545.1_rgi.txt,Susceptible,1966,train,,GCA_019928545.1
S__rgi_Klebsiella_pneumoniae_ertapenem__Klebsiella_pneumoniae_ertapenem_S_GCA_019928565.1GCA_019928565.1_rgi.txt,Susceptible,5447,train,,GCA_019928565.1
S__rgi_Klebsiella_pneumoniae_ertapenem__Klebsiella_pneumoniae_ertapenem_S_GCA_019928585.1GCA_019928585.1_rgi.txt,Susceptible,1440,validation,,GCA_019928585.1
S__rgi_Klebsiella_pneumoniae_ertapenem__Klebsiella_pneumoniae_ertapenem_S_GCA_019928595.1GCA_019928595.1_rgi.txt,Susceptible,2623,train,,GCA_019928595.1
S__rgi_Klebsiella_pneumoniae_ertapenem__Klebsiella_pneumoniae_ertapenem_S_GCA_019928625.2_GCA_019928625.2_rgi.txt,Susceptible,Unknown,validation,,GCA_019928625.2
S__rgi_Klebsiella_pneumoniae_ertapenem__Klebsiella_pneumoniae_ertapenem_S_GCA_019928665.1GCA_019928665.1_rgi.txt,Susceptible,405,validation,,GCA_019928665.1
S__rgi_Klebsiella_pneumoniae_ertapenem__Klebsiella_pneumoniae_ertapenem_S_GCA_019928685.1GCA_019928685.1_rgi.txt,Susceptible,1271,train,,GCA_019928685.1
S__rgi_Klebsiella_pneumoniae_ertapenem__Klebsiella_pneumoniae_ertapenem_S_GCA_019930055.1_GCA_019930055.1_rgi.txt,Susceptible,45,validation,,GCA_019930055.1
S__rgi_Klebsiella_pneumoniae_ertapenem__Klebsiella_pneumoniae_ertapenem_S_GCA_019930125.1_GCA_019930125.1_rgi.txt,Susceptible,2202,train,,GCA_019930125.1
S__rgi_Klebsiella_pneumoniae_ertapenem__Klebsiella_pneumoniae_ertapenem_S_GCA_019930145.1_GCA_019930145.1_rgi.txt,Susceptible,86,train,,GCA_019930145.1
S__rgi_Klebsiella_pneumoniae_ertapenem__Klebsiella_pneumoniae_ertapenem_S_GCA_019930165.1_GCA_019930165.1_rgi.txt,Susceptible,1686,train,,GCA_019930165.1
S__rgi_Klebsiella_pneumoniae_ertapenem__Klebsiella_pneumoniae_ertapenem_S_GCA_019930175.1GCA_019930175.1_rgi.txt,Susceptible,111,validation,,GCA_019930175.1
S__rgi_Klebsiella_pneumoniae_ertapenem__Klebsiella_pneumoniae_ertapenem_S_GCA_019930185.1_GCA_019930185.1_rgi.txt,Susceptible,309,train,,GCA_019930185.1
S__rgi_Klebsiella_pneumoniae_ertapenem__Klebsiella_pneumoniae_ertapenem_S_GCA_019930245.1_GCA_019930245.1_rgi.txt,Susceptible,4270,validation,,GCA_019930245.1
S__rgi_Klebsiella_pneumoniae_ertapenem__Klebsiella_pneumoniae_ertapenem_S_GCA_019930305.1_GCA_019930305.1_rgi.txt,Susceptible,39,train,,GCA_019930305.1
S__rgi_Klebsiella_pneumoniae_ertapenem__Klebsiella_pneumoniae_ertapenem_S_GCA_019930345.1_GCA_019930345.1_rgi.txt,Susceptible,1842,train,,GCA_019930345.1
S__rgi_Klebsiella_pneumoniae_ertapenem__Klebsiella_pneumoniae_ertapenem_S_GCA_019930355.1_GCA_019930355.1_rgi.txt,Susceptible,322,train,,GCA_019930355.1
S__rgi_Klebsiella_pneumoniae_ertapenem__Klebsiella_pneumoniae_ertapenem_S_GCA_019930385.1_GCA_019930385.1_rgi.txt,Susceptible,48,validation,,GCA_019930385.1
S__rgi_Klebsiella_pneumoniae_ertapenem__Klebsiella_pneumoniae_ertapenem_S_GCA_019930405.1_GCA_019930405.1_rgi.txt,Susceptible,234,train,,GCA_019930405.1
S__rgi_Klebsiella_pneumoniae_ertapenem__Klebsiella_pneumoniae_ertapenem_S_GCA_019930425.1_GCA_019930425.1_rgi.txt,Susceptible,1787,train,,GCA_019930425.1
S__rgi_Klebsiella_pneumoniae_ertapenem__Klebsiella_pneumoniae_ertapenem_S_GCA_019930465.1_GCA_019930465.1_rgi.txt,Susceptible,261,validation,,GCA_019930465.1
S__rgi_Klebsiella_pneumoniae_ertapenem__Klebsiella_pneumoniae_ertapenem_S_GCA_019930485.1GCA_019930485.1_rgi.txt,Susceptible,4833,train,,GCA_019930485.1
S__rgi_Klebsiella_pneumoniae_ertapenem__Klebsiella_pneumoniae_ertapenem_S_GCA_019930505.1GCA_019930505.1_rgi.txt,Susceptible,336,train,,GCA_019930505.1
S__rgi_Klebsiella_pneumoniae_ertapenem__Klebsiella_pneumoniae_ertapenem_S_GCA_020407045.1GCA_020407045.1_rgi.txt,Susceptible,101,validation,,GCA_020407045.1
S__rgi_Klebsiella_pneumoniae_ertapenem__Klebsiella_pneumoniae_ertapenem_S_GCA_020407065.1GCA_020407065.1_rgi.txt,Susceptible,199,train,,GCA_020407065.1
S__rgi_Klebsiella_pneumoniae_ertapenem__Klebsiella_pneumoniae_ertapenem_S_GCA_022182405.1GCA_022182405.1_rgi.txt,Susceptible,Unknown,validation,,GCA_022182405.1
S__rgi_Klebsiella_pneumoniae_ertapenem__Klebsiella_pneumoniae_ertapenem_S_GCA_022182645.1GCA_022182645.1_rgi.txt,Susceptible,Unknown,validation,,GCA_022182645.1
S__rgi_Klebsiella_pneumoniae_ertapenem__Klebsiella_pneumoniae_ertapenem_S_GCA_022299735.1_GCA_022299735.1_rgi.txt,Susceptible,Unknown,validation,,GCA_022299735.1
S__rgi_Klebsiella_pneumoniae_ertapenem__Klebsiella_pneumoniae_ertapenem_S_GCA_022299755.1GCA_022299755.1_rgi.txt,Susceptible,Unknown,validation,,GCA_022299755.1
S__rgi_Klebsiella_pneumoniae_ertapenem__Klebsiella_pneumoniae_ertapenem_S_GCA_022299775.1GCA_022299775.1_rgi.txt,Susceptible,Unknown,validation,,GCA_022299775.1
S__rgi_Klebsiella_pneumoniae_ertapenem__Klebsiella_pneumoniae_ertapenem_S_GCA_022299875.1GCA_022299875.1_rgi.txt,Susceptible,Unknown,validation,,GCA_022299875.1
S__rgi_Klebsiella_pneumoniae_ertapenem__Klebsiella_pneumoniae_ertapenem_S_GCA_022299895.1GCA_022299895.1_rgi.txt,Susceptible,Unknown,validation,,GCA_022299895.1
S__rgi_Klebsiella_pneumoniae_ertapenem__Klebsiella_pneumoniae_ertapenem_S_GCA_022299915.1GCA_022299915.1_rgi.txt,Susceptible,Unknown,validation,,GCA_022299915.1
S__rgi_Klebsiella_pneumoniae_ertapenem__Klebsiella_pneumoniae_ertapenem_S_GCA_022299935.1GCA_022299935.1_rgi.txt,Susceptible,Unknown,validation,,GCA_022299935.1
S__rgi_Klebsiella_pneumoniae_ertapenem__Klebsiella_pneumoniae_ertapenem_S_GCA_022299975.1GCA_022299975.1_rgi.txt,Susceptible,Unknown,validation,,GCA_022299975.1
S__rgi_Klebsiella_pneumoniae_ertapenem__Klebsiella_pneumoniae_ertapenem_S_GCA_022300015.1GCA_022300015.1_rgi.txt,Susceptible,Unknown,validation,,GCA_022300015.1
S__rgi_Klebsiella_pneumoniae_ertapenem__Klebsiella_pneumoniae_ertapenem_S_GCA_022300035.1GCA_022300035.1_rgi.txt,Susceptible,Unknown,validation,,GCA_022300035.1
S__rgi_Klebsiella_pneumoniae_ertapenem__Klebsiella_pneumoniae_ertapenem_S_GCA_022300075.1GCA_022300075.1_rgi.txt,Susceptible,Unknown,validation,,GCA_022300075.1
S__rgi_Klebsiella_pneumoniae_ertapenem__Klebsiella_pneumoniae_ertapenem_S_GCA_022300095.1GCA_022300095.1_rgi.txt,Susceptible,Unknown,validation,,GCA_022300095.1
S__rgi_Klebsiella_pneumoniae_ertapenem__Klebsiella_pneumoniae_ertapenem_S_GCA_022300155.1GCA_022300155.1_rgi.txt,Susceptible,Unknown,validation,,GCA_022300155.1
S__rgi_Klebsiella_pneumoniae_ertapenem__Klebsiella_pneumoniae_ertapenem_S_GCA_022300195.1GCA_022300195.1_rgi.txt,Susceptible,Unknown,validation,,GCA_022300195.1
S__rgi_Klebsiella_pneumoniae_ertapenem__Klebsiella_pneumoniae_ertapenem_S_GCA_022305035.1GCA_022305035.1_rgi.txt,Susceptible,Unknown,validation,,GCA_022305035.1
S__rgi_Klebsiella_pneumoniae_ertapenem__Klebsiella_pneumoniae_ertapenem_S_GCA_022307095.1GCA_022307095.1_rgi.txt,Susceptible,Unknown,validation,,GCA_022307095.1
S__rgi_Klebsiella_pneumoniae_ertapenem__Klebsiella_pneumoniae_ertapenem_S_GCA_022310895.1GCA_022310895.1_rgi.txt,Susceptible,Unknown,validation,,GCA_022310895.1
S__rgi_Klebsiella_pneumoniae_ertapenem__Klebsiella_pneumoniae_ertapenem_S_GCA_022310915.1GCA_022310915.1_rgi.txt,Susceptible,Unknown,validation,,GCA_022310915.1
S__rgi_Klebsiella_pneumoniae_ertapenem__Klebsiella_pneumoniae_ertapenem_S_GCA_022310935.1GCA_022310935.1_rgi.txt,Susceptible,Unknown,validation,,GCA_022310935.1
S__rgi_Klebsiella_pneumoniae_ertapenem__Klebsiella_pneumoniae_ertapenem_S_GCA_022310975.1_GCA_022310975.1_rgi.txt,Susceptible,Unknown,validation,,GCA_022310975.1
S__rgi_Klebsiella_pneumoniae_ertapenem__Klebsiella_pneumoniae_ertapenem_S_GCA_022316385.1GCA_022316385.1_rgi.txt,Susceptible,Unknown,validation,,GCA_022316385.1
S__rgi_Klebsiella_pneumoniae_ertapenem__Klebsiella_pneumoniae_ertapenem_S_GCA_022316405.1_GCA_022316405.1_rgi.txt,Susceptible,Unknown,validation,,GCA_022316405.1
S__rgi_Klebsiella_pneumoniae_ertapenem__Klebsiella_pneumoniae_ertapenem_S_GCA_031044775.1_GCA_031044775.1_rgi.txt,Susceptible,Unknown,validation,,GCA_031044775.1
S__rgi_Klebsiella_pneumoniae_ertapenem__Klebsiella_pneumoniae_ertapenem_S_GCA_031045235.1_GCA_031045235.1_rgi.txt,Susceptible,Unknown,validation,,GCA_031045235.1
S__rgi_Klebsiella_pneumoniae_ertapenem__Klebsiella_pneumoniae_ertapenem_S_GCA_031045635.1_GCA_031045635.1_rgi.txt,Susceptible,Unknown,validation,,GCA_031045635.1
S__rgi_Klebsiella_pneumoniae_ertapenem__Klebsiella_pneumoniae_ertapenem_S_GCA_031045655.1_GCA_031045655.1_rgi.txt,Susceptible,Unknown,validation,,GCA_031045655.1
S__rgi_Klebsiella_pneumoniae_ertapenem__Klebsiella_pneumoniae_ertapenem_S_GCA_031045675.1_GCA_031045675.1_rgi.txt,Susceptible,Unknown,validation,,GCA_031045675.1
S__rgi_Klebsiella_pneumoniae_ertapenem__Klebsiella_pneumoniae_ertapenem_S_GCA_031045695.1_GCA_031045695.1_rgi.txt,Susceptible,Unknown,validation,,GCA_031045695.1
S__rgi_Klebsiella_pneumoniae_ertapenem__Klebsiella_pneumoniae_ertapenem_S_GCA_031045735.1_GCA_031045735.1_rgi.txt,Susceptible,Unknown,validation,,GCA_031045735.1
S__rgi_Klebsiella_pneumoniae_ertapenem__Klebsiella_pneumoniae_ertapenem_S_GCA_031045755.1_GCA_031045755.1_rgi.txt,Susceptible,Unknown,validation,,GCA_031045755.1
S__rgi_Klebsiella_pneumoniae_ertapenem__Klebsiella_pneumoniae_ertapenem_S_GCA_031045795.1GCA_031045795.1_rgi.txt,Susceptible,Unknown,validation,,GCA_031045795.1
S__rgi_Klebsiella_pneumoniae_ertapenem__Klebsiella_pneumoniae_ertapenem_S_GCA_031045815.1GCA_031045815.1_rgi.txt,Susceptible,Unknown,validation,,GCA_031045815.1
S__rgi_Klebsiella_pneumoniae_ertapenem__Klebsiella_pneumoniae_ertapenem_S_GCA_031045835.1_GCA_031045835.1_rgi.txt,Susceptible,Unknown,validation,,GCA_031045835.1
S__rgi_Klebsiella_pneumoniae_ertapenem__Klebsiella_pneumoniae_ertapenem_S_GCA_031045895.1_GCA_031045895.1_rgi.txt,Susceptible,Unknown,validation,,GCA_031045895.1
S__rgi_Klebsiella_pneumoniae_ertapenem__Klebsiella_pneumoniae_ertapenem_S_GCA_031045955.1GCA_031045955.1_rgi.txt,Susceptible,Unknown,validation,,GCA_031045955.1
S__rgi_Klebsiella_pneumoniae_ertapenem__Klebsiella_pneumoniae_ertapenem_S_GCA_031045995.1GCA_031045995.1_rgi.txt,Susceptible,Unknown,validation,,GCA_031045995.1
S__rgi_Klebsiella_pneumoniae_ertapenem__Klebsiella_pneumoniae_ertapenem_S_GCA_031046015.1GCA_031046015.1_rgi.txt,Susceptible,Unknown,validation,,GCA_031046015.1
S__rgi_Klebsiella_pneumoniae_ertapenem__Klebsiella_pneumoniae_ertapenem_S_GCA_031046035.1_GCA_031046035.1_rgi.txt,Susceptible,Unknown,validation,,GCA_031046035.1
S__rgi_Klebsiella_pneumoniae_ertapenem__Klebsiella_pneumoniae_ertapenem_S_GCA_031046055.1_GCA_031046055.1_rgi.txt,Susceptible,Unknown,validation,,GCA_031046055.1
S__rgi_Klebsiella_pneumoniae_ertapenem__Klebsiella_pneumoniae_ertapenem_S_GCA_031046075.1_GCA_031046075.1_rgi.txt,Susceptible,Unknown,validation,,GCA_031046075.1
S__rgi_Klebsiella_pneumoniae_ertapenem__Klebsiella_pneumoniae_ertapenem_S_GCA_031046095.1GCA_031046095.1_rgi.txt,Susceptible,Unknown,validation,,GCA_031046095.1
S__rgi_Klebsiella_pneumoniae_ertapenem__Klebsiella_pneumoniae_ertapenem_S_GCA_031046115.1_GCA_031046115.1_rgi.txt,Susceptible,Unknown,validation,,GCA_031046115.1
S__rgi_Klebsiella_pneumoniae_ertapenem__Klebsiella_pneumoniae_ertapenem_S_GCA_031046135.1_GCA_031046135.1_rgi.txt,Susceptible,Unknown,validation,,GCA_031046135.1
S__rgi_Klebsiella_pneumoniae_ertapenem__Klebsiella_pneumoniae_ertapenem_S_GCA_031046195.1GCA_031046195.1_rgi.txt,Susceptible,Unknown,validation,,GCA_031046195.1
S__rgi_Klebsiella_pneumoniae_ertapenem__Klebsiella_pneumoniae_ertapenem_S_GCA_031046215.1GCA_031046215.1_rgi.txt,Susceptible,Unknown,validation,,GCA_031046215.1
S__rgi_Klebsiella_pneumoniae_ertapenem__Klebsiella_pneumoniae_ertapenem_S_GCA_031046255.1GCA_031046255.1_rgi.txt,Susceptible,Unknown,validation,,GCA_031046255.1
S__rgi_Klebsiella_pneumoniae_ertapenem__Klebsiella_pneumoniae_ertapenem_S_GCA_031046335.1GCA_031046335.1_rgi.txt,Susceptible,Unknown,validation,,GCA_031046335.1
S__rgi_Klebsiella_pneumoniae_ertapenem__Klebsiella_pneumoniae_ertapenem_S_GCA_031046355.1GCA_031046355.1_rgi.txt,Susceptible,Unknown,validation,,GCA_031046355.1
S__rgi_Klebsiella_pneumoniae_ertapenem__Klebsiella_pneumoniae_ertapenem_S_GCA_031046375.1GCA_031046375.1_rgi.txt,Susceptible,Unknown,validation,,GCA_031046375.1
S__rgi_Klebsiella_pneumoniae_ertapenem__Klebsiella_pneumoniae_ertapenem_S_GCA_031046395.1GCA_031046395.1_rgi.txt,Susceptible,Unknown,validation,,GCA_031046395.1
S__rgi_Klebsiella_pneumoniae_ertapenem__Klebsiella_pneumoniae_ertapenem_S_GCA_031046415.1GCA_031046415.1_rgi.txt,Susceptible,Unknown,validation,,GCA_031046415.1
S__rgi_Klebsiella_pneumoniae_ertapenem__Klebsiella_pneumoniae_ertapenem_S_GCA_031046435.1GCA_031046435.1_rgi.txt,Susceptible,Unknown,validation,,GCA_031046435.1
S__rgi_Klebsiella_pneumoniae_ertapenem__Klebsiella_pneumoniae_ertapenem_S_GCA_031046455.1GCA_031046455.1_rgi.txt,Susceptible,Unknown,validation,,GCA_031046455.1
S__rgi_Klebsiella_pneumoniae_ertapenem__Klebsiella_pneumoniae_ertapenem_S_GCA_031046475.1GCA_031046475.1_rgi.txt,Susceptible,Unknown,validation,,GCA_031046475.1
S__rgi_Klebsiella_pneumoniae_ertapenem__Klebsiella_pneumoniae_ertapenem_S_GCA_031046495.1GCA_031046495.1_rgi.txt,Susceptible,Unknown,validation,,GCA_031046495.1
S__rgi_Klebsiella_pneumoniae_ertapenem__Klebsiella_pneumoniae_ertapenem_S_GCA_031046555.1GCA_031046555.1_rgi.txt,Susceptible,Unknown,validation,,GCA_031046555.1
S__rgi_Klebsiella_pneumoniae_ertapenem__Klebsiella_pneumoniae_ertapenem_S_GCA_031046615.1GCA_031046615.1_rgi.txt,Susceptible,Unknown,validation,,GCA_031046615.1
S__rgi_Klebsiella_pneumoniae_ertapenem__Klebsiella_pneumoniae_ertapenem_S_GCA_031046755.1GCA_031046755.1_rgi.txt,Susceptible,Unknown,validation,,GCA_031046755.1
S__rgi_Klebsiella_pneumoniae_ertapenem__Klebsiella_pneumoniae_ertapenem_S_GCA_031046775.1GCA_031046775.1_rgi.txt,Susceptible,Unknown,validation,,GCA_031046775.1
S__rgi_Klebsiella_pneumoniae_ertapenem__Klebsiella_pneumoniae_ertapenem_S_GCA_031046795.1_GCA_031046795.1_rgi.txt,Susceptible,Unknown,validation,,GCA_031046795.1
S__rgi_Klebsiella_pneumoniae_ertapenem__Klebsiella_pneumoniae_ertapenem_S_GCA_032121155.1_GCA_032121155.1_rgi.txt,Susceptible,Unknown,validation,,GCA_032121155.1
S__rgi_Klebsiella_pneumoniae_ertapenem__Klebsiella_pneumoniae_ertapenem_S_GCA_032121395.1_GCA_032121395.1_rgi.txt,Susceptible,Unknown,validation,,GCA_032121395.1
S__rgi_Klebsiella_pneumoniae_ertapenem__Klebsiella_pneumoniae_ertapenem_S_GCA_032182185.1_GCA_032182185.1_rgi.txt,Susceptible,Unknown,validation,,GCA_032182185.1
S__rgi_Klebsiella_pneumoniae_ertapenem__Klebsiella_pneumoniae_ertapenem_S_GCA_033197195.1_GCA_033197195.1_rgi.txt,Susceptible,Unknown,validation,,GCA_033197195.1
Kp_ertapenem_S_GD23SC5914PT_573_78884_rgi.txt,Susceptible,340,train,573.78884,
Kp_ertapenem_S_GD23SC5952PT_573_78885_rgi.txt,Susceptible,1,validation,573.78885,
Kp_ertapenem_S_GDKL-100_573_77847_rgi.txt,Susceptible,726,train,573.77847,
Kp_ertapenem_S_GDKL-115_573_77852_rgi.txt,Susceptible,726,train,573.77852,
Kp_ertapenem_S_GDKL-138_573_77886_rgi.txt,Susceptible,709,train,573.77886,
Kp_ertapenem_S_GDKL-149-1_573_77889_rgi.txt,Susceptible,709,train,573.77889,
Kp_ertapenem_S_GDKL-15_573_77855_rgi.txt,Susceptible,726,train,573.77855,
Kp_ertapenem_S_GDKL-2_573_77882_rgi.txt,Susceptible,107,train,573.77882,
Kp_ertapenem_S_GDKL-25_573_77864_rgi.txt,Susceptible,152,train,573.77864,
Kp_ertapenem_S_GDKL-26-1_573_77883_rgi.txt,Susceptible,107,train,573.77883,
Kp_ertapenem_S_GDKL-30_573_77846_rgi.txt,Susceptible,726,train,573.77846,
Kp_ertapenem_S_GDKL-34-1_573_77867_rgi.txt,Susceptible,152,train,573.77867,
Kp_ertapenem_S_GDKL-39_573_77880_rgi.txt,Susceptible,Unknown,validation,573.7788,
Kp_ertapenem_S_GDKL-4_573_77888_rgi.txt,Susceptible,15,train,573.77888,
Kp_ertapenem_S_GDKL-40_573_77876_rgi.txt,Susceptible,485,validation,573.77876,
Kp_ertapenem_S_GDKL-41_573_77878_rgi.txt,Susceptible,485,validation,573.77878,
Kp_ertapenem_S_GDKL-46-1_573_77890_rgi.txt,Susceptible,15,train,573.7789,
Kp_ertapenem_S_GDKL-49_573_77873_rgi.txt,Susceptible,147,validation,573.77873,
Kp_ertapenem_S_GDKL-52_573_77859_rgi.txt,Susceptible,37,train,573.77859,
Kp_ertapenem_S_GDKL-52-2_573_77851_rgi.txt,Susceptible,726,train,573.77851,
Kp_ertapenem_S_GDKL-53-1_573_77853_rgi.txt,Susceptible,726,train,573.77853,
Kp_ertapenem_S_GDKL-555_573_77829_rgi.txt,Susceptible,Unknown,validation,573.77829,
Kp_ertapenem_S_GDKL-556_573_77874_rgi.txt,Susceptible,Unknown,validation,573.77874,
Kp_ertapenem_S_GDKL-57_573_77861_rgi.txt,Susceptible,152,train,573.77861,
Kp_ertapenem_S_GDKL-582_573_77868_rgi.txt,Susceptible,152,train,573.77868,
Kp_ertapenem_S_GDKL-585_573_77866_rgi.txt,Susceptible,152,train,573.77866,
Kp_ertapenem_S_GDKL-587_573_77872_rgi.txt,Susceptible,Unknown,validation,573.77872,
Kp_ertapenem_S_GDKL-6-2_573_77856_rgi.txt,Susceptible,726,train,573.77856,
Kp_ertapenem_S_GDKL-62_573_77842_rgi.txt,Susceptible,11,train,573.77842,
Kp_ertapenem_S_GDKL-63_573_77881_rgi.txt,Susceptible,661,train,573.77881,
Kp_ertapenem_S_GDKL-65_573_77848_rgi.txt,Susceptible,895,train,573.77848,
Kp_ertapenem_S_GDKL-66_573_77857_rgi.txt,Susceptible,726,train,573.77857,
Kp_ertapenem_S_GDKL-67_573_77887_rgi.txt,Susceptible,709,train,573.77887,
Kp_ertapenem_S_GDKL-67-1_573_77850_rgi.txt,Susceptible,726,train,573.7785,
Kp_ertapenem_S_GDKL-69-1_573_77865_rgi.txt,Susceptible,152,train,573.77865,
Kp_ertapenem_S_GDKL-73_573_77891_rgi.txt,Susceptible,15,train,573.77891,
Kp_ertapenem_S_GDKL-75_573_77854_rgi.txt,Susceptible,726,train,573.77854,
Kp_ertapenem_S_GDKL-76_573_77862_rgi.txt,Susceptible,152,train,573.77862,
Kp_ertapenem_S_GDKL-77_573_77892_rgi.txt,Susceptible,15,train,573.77892,
Kp_ertapenem_S_GDKL-96-1_573_77843_rgi.txt,Susceptible,895,train,573.77843,
Kp_ertapenem_S_GDKL-96-2_573_77845_rgi.txt,Susceptible,895,train,573.77845,
Kp_ertapenem_S_GDKL-N12_573_77840_rgi.txt,Susceptible,395,train,573.7784,
Kp_ertapenem_S_GDKL-N18_573_77831_rgi.txt,Susceptible,395,train,573.77831,
Kp_ertapenem_S_GDKL-N19_573_77830_rgi.txt,Susceptible,395,train,573.7783,
Kp_ertapenem_S_GDKL-N20_573_77885_rgi.txt,Susceptible,290,train,573.77885,
Kp_ertapenem_S_GDKL-N25_573_77838_rgi.txt,Susceptible,11,train,573.77838,
Kp_ertapenem_S_GDKL-N29_573_77836_rgi.txt,Susceptible,395,train,573.77836,
Kp_ertapenem_S_GDKL-N35_573_77879_rgi.txt,Susceptible,35,train,573.77879,
Kp_ertapenem_S_GDKL-N36_573_77875_rgi.txt,Susceptible,485,validation,573.77875,
Kp_ertapenem_S_GDKL-N5_573_77839_rgi.txt,Susceptible,395,train,573.77839,
Kp_ertapenem_S_GDKL-N6_573_77837_rgi.txt,Susceptible,395,train,573.77837,
Kp_ertapenem_S_GDKL-N65_573_77844_rgi.txt,Susceptible,11,train,573.77844,
Kp_ertapenem_S_GDKL-N7_573_77870_rgi.txt,Susceptible,273,train,573.7787,
Kp_ertapenem_S_GDKL-N8_573_77841_rgi.txt,Susceptible,11,train,573.77841,
Kp_ertapenem_S_GDKL-N9_573_77877_rgi.txt,Susceptible,485,validation,573.77877,
Kp_ertapenem_S_GDKL-P95-2_573_77832_rgi.txt,Susceptible,709,train,573.77832,
Kp_ertapenem_S_GDKL-Q10_573_77869_rgi.txt,Susceptible,152,train,573.77869,
Kp_ertapenem_S_GDKL-Q3_573_77849_rgi.txt,Susceptible,726,train,573.77849,
Kp_ertapenem_S_GDKL-Q4_573_77860_rgi.txt,Susceptible,789,train,573.7786,
Kp_ertapenem_S_GDKL-Q5_573_77884_rgi.txt,Susceptible,107,train,573.77884,
Kp_ertapenem_S_GDKL-Q6_573_77871_rgi.txt,Susceptible,152,train,573.77871,
Kp_ertapenem_S_GDKL-Q8_573_77863_rgi.txt,Susceptible,152,train,573.77863,
Kp_ertapenem_S_GIMC1042_Kpn34P66_573_78182_rgi.txt,Susceptible,716,train,573.78182,
Kp_ertapenem_S_GIMC1043_KpnB3339_573_80632_rgi.txt,Susceptible,336,train,573.80632,
Kp_ertapenem_S_GIMC1048_Kpn17051223_573_80628_rgi.txt,Susceptible,395,train,573.80628,
Kp_ertapenem_S_GIMC1049_Kpn23150124_1_573_80624_rgi.txt,Susceptible,395,train,573.80624,
Kp_ertapenem_S_GIMC1055_Kpn53130623_573_78862_rgi.txt,Susceptible,395,train,573.78862,
Kp_ertapenem_S_GKPN0067_573_78896_rgi.txt,Susceptible,43,train,573.78896,
Kp_ertapenem_S_GLOEC00010_573_81833_rgi.txt,Susceptible,Unknown,validation,573.81833,
Kp_ertapenem_S_GLOEC2_573_83632_rgi.txt,Susceptible,Unknown,validation,573.83632,
Kp_ertapenem_S_GLOEC9_573_83633_rgi.txt,Susceptible,Unknown,validation,573.83633,
Kp_ertapenem_S_GN4144_573_81874_rgi.txt,Susceptible,25,train,573.81874,
Kp_ertapenem_S_GN4145_573_79155_rgi.txt,Susceptible,17,train,573.79155,
Kp_ertapenem_S_GN4146_573_81875_rgi.txt,Susceptible,17,train,573.81875,
Kp_ertapenem_S_GN4147_573_81873_rgi.txt,Susceptible,462,train,573.81873,
Kp_ertapenem_S_GTVSS-027_573_81411_rgi.txt,Susceptible,629,train,573.81411,
Kp_ertapenem_S_GX21_573_81542_rgi.txt,Susceptible,15,train,573.81542,
Kp_ertapenem_S_GX22_573_81543_rgi.txt,Susceptible,505,train,573.81543,
Kp_ertapenem_S_GX25_573_81541_rgi.txt,Susceptible,90,train,573.81541,
Kp_ertapenem_S_H003044_573_77910_rgi.txt,Susceptible,25,train,573.7791,
Kp_ertapenem_S_H1-1_573_78833_rgi.txt,Susceptible,116,train,573.78833,
Kp_ertapenem_S_H1-2_573_78830_rgi.txt,Susceptible,337,train,573.7883,
Kp_ertapenem_S_H1-3_573_78832_rgi.txt,Susceptible,34,train,573.78832,
Kp_ertapenem_S_H1-7_573_78831_rgi.txt,Susceptible,Unknown,validation,573.78831,
Kp_ertapenem_S_H1-8_573_78828_rgi.txt,Susceptible,37,train,573.78828,
Kp_ertapenem_S_H12-1_573_78827_rgi.txt,Susceptible,36,train,573.78827,
Kp_ertapenem_S_H20-1_573_78834_rgi.txt,Susceptible,358,train,573.78834,
Kp_ertapenem_S_H2351_573_83629_rgi.txt,Susceptible,268,train,573.83629,
Kp_ertapenem_S_H2379_573_83645_rgi.txt,Susceptible,380,train,573.83645,
Kp_ertapenem_S_H3_573_77896_rgi.txt,Susceptible,147,validation,573.77896,
Kp_ertapenem_S_H3-1_573_78829_rgi.txt,Susceptible,93,train,573.78829,
Kp_ertapenem_S_H4-1_573_78825_rgi.txt,Susceptible,34,train,573.78825,
Kp_ertapenem_S_H9_573_77895_rgi.txt,Susceptible,MLST.-.-,validation,573.77895,
Kp_ertapenem_S_HD1523_573_78559_rgi.txt,Susceptible,Unknown,validation,573.78559,
Kp_ertapenem_S_HD1625_573_78560_rgi.txt,Susceptible,Unknown,validation,573.7856,
Kp_ertapenem_S_HD1663_573_78545_rgi.txt,Susceptible,Unknown,validation,573.78545,
Kp_ertapenem_S_HD1671_573_78541_rgi.txt,Susceptible,48,validation,573.78541,
Kp_ertapenem_S_HD1970_573_78531_rgi.txt,Susceptible,48,validation,573.78531,
Kp_ertapenem_S_HD1976_573_78530_rgi.txt,Susceptible,48,validation,573.7853,
Kp_ertapenem_S_HD1978_573_78529_rgi.txt,Susceptible,48,validation,573.78529,
Kp_ertapenem_S_HD1980_573_78528_rgi.txt,Susceptible,48,validation,573.78528,
Kp_ertapenem_S_HD2002_573_78526_rgi.txt,Susceptible,48,validation,573.78526,
Kp_ertapenem_S_HD2004_573_78525_rgi.txt,Susceptible,48,validation,573.78525,
Kp_ertapenem_S_HD2018_573_78522_rgi.txt,Susceptible,48,validation,573.78522,
Kp_ertapenem_S_HD2024_573_78524_rgi.txt,Susceptible,48,validation,573.78524,
Kp_ertapenem_S_HD2026_573_78523_rgi.txt,Susceptible,48,validation,573.78523,
Kp_ertapenem_S_HD2034_573_78521_rgi.txt,Susceptible,48,validation,573.78521,
Kp_ertapenem_S_HD2050_573_78520_rgi.txt,Susceptible,48,validation,573.7852,
Kp_ertapenem_S_HD2505_573_78517_rgi.txt,Susceptible,48,validation,573.78517,
Kp_ertapenem_S_HD2507_573_78514_rgi.txt,Susceptible,48,validation,573.78514,
Kp_ertapenem_S_HD2565_573_78511_rgi.txt,Susceptible,494,train,573.78511,
Kp_ertapenem_S_HD2573_573_78510_rgi.txt,Susceptible,258,train,573.7851,
Kp_ertapenem_S_HD2581_573_78509_rgi.txt,Susceptible,48,validation,573.78509,
Kp_ertapenem_S_HD2583_573_78508_rgi.txt,Susceptible,494,train,573.78508,
Kp_ertapenem_S_HD2587_573_78506_rgi.txt,Susceptible,48,validation,573.78506,
Kp_ertapenem_S_HD2593_573_78507_rgi.txt,Susceptible,420,train,573.78507,
Kp_ertapenem_S_HD2597_573_78505_rgi.txt,Susceptible,17,train,573.78505,
Kp_ertapenem_S_HD2607_573_78504_rgi.txt,Susceptible,48,validation,573.78504,
Kp_ertapenem_S_HD2697_573_78493_rgi.txt,Susceptible,48,validation,573.78493,
Kp_ertapenem_S_HD2705_573_78491_rgi.txt,Susceptible,48,validation,573.78491,
Kp_ertapenem_S_HD2888_573_78488_rgi.txt,Susceptible,806,train,573.78488,
Kp_ertapenem_S_HD2894_573_78486_rgi.txt,Susceptible,48,validation,573.78486,
Kp_ertapenem_S_HN278_573_81522_rgi.txt,Susceptible,22,train,573.81522,
Kp_ertapenem_S_HN286_573_81523_rgi.txt,Susceptible,307,validation,573.81523,
Kp_ertapenem_S_HS-13_573_78466_rgi.txt,Susceptible,Unknown,validation,573.78466,
Kp_ertapenem_S_HS-144_573_78465_rgi.txt,Susceptible,147,validation,573.78465,
Kp_ertapenem_S_HU124_573_81519_rgi.txt,Susceptible,35,train,573.81519,
Kp_ertapenem_S_HU125_573_81520_rgi.txt,Susceptible,35,train,573.8152,
Kp_ertapenem_S_HU127_573_81518_rgi.txt,Susceptible,35,train,573.81518,
Kp_ertapenem_S_HU133_573_81517_rgi.txt,Susceptible,35,train,573.81517,
Kp_ertapenem_S_HU134_573_81514_rgi.txt,Susceptible,35,train,573.81514,
Kp_ertapenem_S_HU154_573_81511_rgi.txt,Susceptible,340,train,573.81511,
Kp_ertapenem_S_HU172_573_81495_rgi.txt,Susceptible,35,train,573.81495,
Kp_ertapenem_S_HU186_573_81494_rgi.txt,Susceptible,340,train,573.81494,
Kp_ertapenem_S_HU192_573_81508_rgi.txt,Susceptible,35,train,573.81508,
Kp_ertapenem_S_HU204_573_81493_rgi.txt,Susceptible,43,train,573.81493,
Kp_ertapenem_S_HU217_573_81515_rgi.txt,Susceptible,433,validation,573.81515,
Kp_ertapenem_S_HU63_573_81500_rgi.txt,Susceptible,22,train,573.815,
Kp_ertapenem_S_HUM7199_573_51850_rgi.txt,Susceptible,307,validation,573.5185,
Kp_ertapenem_S_HUMV1_573_81254_rgi.txt,Susceptible,66,train,573.81254,
Kp_ertapenem_S_HUMV2_573_81253_rgi.txt,Susceptible,66,train,573.81253,
Kp_ertapenem_S_HX166_573_78815_rgi.txt,Susceptible,45,validation,573.78815,
Kp_ertapenem_S_I08048554_573_77909_rgi.txt,Susceptible,25,train,573.77909,
Kp_ertapenem_S_INFBF11023_573_78345_rgi.txt,Susceptible,147,validation,573.78345,
Kp_ertapenem_S_INFBF6273_573_78346_rgi.txt,Susceptible,11,train,573.78346,
Kp_ertapenem_S_INFSP3504_573_78615_rgi.txt,Susceptible,656,train,573.78615,
Kp_ertapenem_S_INFU7415_573_78614_rgi.txt,Susceptible,29,train,573.78614,
Kp_ertapenem_S_IR5095_573_81894_rgi.txt,Susceptible,76,train,573.81894,
Kp_ertapenem_S_IR5096_573_81898_rgi.txt,Susceptible,514,train,573.81898,
Kp_ertapenem_S_IR5605_573_81900_rgi.txt,Susceptible,2407,train,573.819,
Kp_ertapenem_S_IR5606_573_81888_rgi.txt,Susceptible,1,validation,573.81888,
Kp_ertapenem_S_IR5625_573_81899_rgi.txt,Susceptible,895,train,573.81899,
Kp_ertapenem_S_IR5626_573_81897_rgi.txt,Susceptible,895,train,573.81897,
Kp_ertapenem_S_IR5627_573_81885_rgi.txt,Susceptible,895,train,573.81885,
Kp_ertapenem_S_IR5635_573_81896_rgi.txt,Susceptible,15,train,573.81896,
Kp_ertapenem_S_IR5636_573_81892_rgi.txt,Susceptible,23,train,573.81892,
Kp_ertapenem_S_IR5661_573_81893_rgi.txt,Susceptible,11,train,573.81893,
Kp_ertapenem_S_IR5682_573_81887_rgi.txt,Susceptible,340,train,573.81887,
Kp_ertapenem_S_IR5727_573_81889_rgi.txt,Susceptible,218,train,573.81889,
Kp_ertapenem_S_IR5732_573_81886_rgi.txt,Susceptible,23,train,573.81886,
Kp_ertapenem_S_IR5741_573_81884_rgi.txt,Susceptible,36,train,573.81884,
Kp_ertapenem_S_IR5753_573_81883_rgi.txt,Susceptible,65,train,573.81883,
Kp_ertapenem_S_IR5775_573_81891_rgi.txt,Susceptible,307,validation,573.81891,
Kp_ertapenem_S_IR5783_573_81879_rgi.txt,Susceptible,5424,validation,573.81879,
Kp_ertapenem_S_IVRI_FBI_608_573_81835_rgi.txt,Susceptible,17,train,573.81835,
Kp_ertapenem_S_IVRI_FBI_611_573_81824_rgi.txt,Susceptible,Unknown,validation,573.81824,
Kp_ertapenem_S_IVRI_FBI_615_573_81827_rgi.txt,Susceptible,Unknown,validation,573.81827,
Kp_ertapenem_S_IVRI_FBI_616_573_81828_rgi.txt,Susceptible,Unknown,validation,573.81828,
Kp_ertapenem_S_IVRI_FBI_619_573_81829_rgi.txt,Susceptible,Unknown,validation,573.81829,
Kp_ertapenem_S_IVRI_FBI_622_573_81831_rgi.txt,Susceptible,14,train,573.81831,
Kp_ertapenem_S_IVRI_FBI_623_573_81836_rgi.txt,Susceptible,14,train,573.81836,
Kp_ertapenem_S_IVRI_FBI_625_573_81830_rgi.txt,Susceptible,133,train,573.8183,
Kp_ertapenem_S_J21CTR26_573_83520_rgi.txt,Susceptible,Unknown,validation,573.8352,
Kp_ertapenem_S_J21CTR30_573_83521_rgi.txt,Susceptible,Unknown,validation,573.83521,
Kp_ertapenem_S_J7_573_77897_rgi.txt,Susceptible,2281,train,573.77897,
Kp_ertapenem_S_JHKP133_573_83687_rgi.txt,Susceptible,1545,validation,573.83687,
Kp_ertapenem_S_JHKP136_573_83686_rgi.txt,Susceptible,1545,validation,573.83686,
Kp_ertapenem_S_JHKP139_573_83689_rgi.txt,Susceptible,1545,validation,573.83689,
Kp_ertapenem_S_JHKP140_573_83688_rgi.txt,Susceptible,1545,validation,573.83688,
Kp_ertapenem_S_JHKP159_573_83684_rgi.txt,Susceptible,1545,validation,573.83684,
Kp_ertapenem_S_JHKP170_573_83685_rgi.txt,Susceptible,1545,validation,573.83685,
Kp_ertapenem_S_JHKP172_573_83683_rgi.txt,Susceptible,1545,validation,573.83683,
Kp_ertapenem_S_JJ-M10A2-106-6-m2-bin91_573_81916_rgi.txt,Susceptible,Unknown,validation,573.81916,
Kp_ertapenem_S_JPR_573_81757_rgi.txt,Susceptible,870,train,573.81757,
Kp_ertapenem_S_JXkp14_573_81395_rgi.txt,Susceptible,222,train,573.81395,
Kp_ertapenem_S_JXkp20_573_81394_rgi.txt,Susceptible,290,train,573.81394,
Kp_ertapenem_S_JXkp23_573_81391_rgi.txt,Susceptible,29,train,573.81391,
Kp_ertapenem_S_JXkp29_573_81392_rgi.txt,Susceptible,1,validation,573.81392,
Kp_ertapenem_S_K-20210828y126.M-2_573_78577_rgi.txt,Susceptible,Unknown,validation,573.78577,
Kp_ertapenem_S_K-20210828y196.M-1_573_78574_rgi.txt,Susceptible,Unknown,validation,573.78574,
Kp_ertapenem_S_K-20210828y196.M-4_573_78588_rgi.txt,Susceptible,Unknown,validation,573.78588,
Kp_ertapenem_S_K-210828y126.V-2_573_78595_rgi.txt,Susceptible,Unknown,validation,573.78595,
Kp_ertapenem_S_K-210830y115.M-5_573_78585_rgi.txt,Susceptible,Unknown,validation,573.78585,
Kp_ertapenem_S_K-210902y113.M-5_573_78589_rgi.txt,Susceptible,Unknown,validation,573.78589,
Kp_ertapenem_S_K-210908y245-v-m1_573_78572_rgi.txt,Susceptible,35,train,573.78572,
Kp_ertapenem_S_K-210908y408-2v-m1_573_78573_rgi.txt,Susceptible,35,train,573.78573,
Kp_ertapenem_S_K-211002y45204V-2-M_573_78593_rgi.txt,Susceptible,Unknown,validation,573.78593,
Kp_ertapenem_S_K-BYS20e89_573_78586_rgi.txt,Susceptible,528,train,573.78586,
Kp_ertapenem_S_K-DXH20e234_573_78582_rgi.txt,Susceptible,219,validation,573.78582,
Kp_ertapenem_S_K-JX19e03_573_78569_rgi.txt,Susceptible,Unknown,validation,573.78569,
Kp_ertapenem_S_K-MJD19e25_573_78571_rgi.txt,Susceptible,253,train,573.78571,
Kp_ertapenem_S_K-MJD19e29_573_78583_rgi.txt,Susceptible,Unknown,validation,573.78583,
Kp_ertapenem_S_K-MJD19e32_573_78580_rgi.txt,Susceptible,253,train,573.7858,
Kp_ertapenem_S_K-MJD19e35_573_78570_rgi.txt,Susceptible,Unknown,validation,573.7857,
Kp_ertapenem_S_K-MJD19e39_573_78590_rgi.txt,Susceptible,253,train,573.7859,
Kp_ertapenem_S_K-MJD20e148_573_78591_rgi.txt,Susceptible,Unknown,validation,573.78591,
Kp_ertapenem_S_K-MJD20e149_573_78602_rgi.txt,Susceptible,Unknown,validation,573.78602,
Kp_ertapenem_S_K10-IR_573_78924_rgi.txt,Susceptible,15,train,573.78924,
Kp_ertapenem_S_K12_573_77677_rgi.txt,Susceptible,147,validation,573.77677,
Kp_ertapenem_S_K16_573_77676_rgi.txt,Susceptible,11,train,573.77676,
Kp_ertapenem_S_K17_573_77674_rgi.txt,Susceptible,2454,validation,573.77674,
Kp_ertapenem_S_K19_573_80818_rgi.txt,Susceptible,231,train,573.80818,
Kp_ertapenem_S_K2_573_77681_rgi.txt,Susceptible,45,validation,573.77681,
Kp_ertapenem_S_K20_573_77671_rgi.txt,Susceptible,147,validation,573.77671,
Kp_ertapenem_S_K22877_573_78868_rgi.txt,Susceptible,65,train,573.78868,
Kp_ertapenem_S_K24_573_77670_rgi.txt,Susceptible,14,train,573.7767,
Kp_ertapenem_S_K25_573_77669_rgi.txt,Susceptible,147,validation,573.77669,
Kp_ertapenem_S_K26_573_77667_rgi.txt,Susceptible,15,train,573.77667,
Kp_ertapenem_S_K28_573_77666_rgi.txt,Susceptible,147,validation,573.77666,
Kp_ertapenem_S_K34_573_77664_rgi.txt,Susceptible,231,train,573.77664,
Kp_ertapenem_S_K35_573_77668_rgi.txt,Susceptible,231,train,573.77668,
Kp_ertapenem_S_K36_573_77665_rgi.txt,Susceptible,231,train,573.77665,
Kp_ertapenem_S_K46_573_77660_rgi.txt,Susceptible,15,train,573.7766,
Kp_ertapenem_S_K50_573_77657_rgi.txt,Susceptible,147,validation,573.77657,
Kp_ertapenem_S_K52_573_77658_rgi.txt,Susceptible,15,train,573.77658,
Kp_ertapenem_S_K53_573_77656_rgi.txt,Susceptible,16,train,573.77656,
Kp_ertapenem_S_K54_573_77655_rgi.txt,Susceptible,437,validation,573.77655,
Kp_ertapenem_S_K55_573_77654_rgi.txt,Susceptible,14,train,573.77654,
Kp_ertapenem_S_K58_573_77650_rgi.txt,Susceptible,395,train,573.7765,
Kp_ertapenem_S_K5864_573_80967_rgi.txt,Susceptible,268,train,573.80967,
Kp_ertapenem_S_K59_573_77651_rgi.txt,Susceptible,3,train,573.77651,
Kp_ertapenem_S_K60_573_77653_rgi.txt,Susceptible,MLST.-.-,validation,573.77653,
Kp_ertapenem_S_K62_573_77648_rgi.txt,Susceptible,147,validation,573.77648,
Kp_ertapenem_S_K65_573_77646_rgi.txt,Susceptible,16,train,573.77646,
Kp_ertapenem_S_K66_573_77643_rgi.txt,Susceptible,14,train,573.77643,
Kp_ertapenem_S_K67_573_77644_rgi.txt,Susceptible,2096,train,573.77644,
Kp_ertapenem_S_K68_573_77645_rgi.txt,Susceptible,16,train,573.77645,
Kp_ertapenem_S_K7_573_77678_rgi.txt,Susceptible,231,train,573.77678,
Kp_ertapenem_S_K9_573_77679_rgi.txt,Susceptible,147,validation,573.77679,
Kp_ertapenem_S_KAF1_573_77683_rgi.txt,Susceptible,1128,train,573.77683,
Kp_ertapenem_S_KAW1_573_77682_rgi.txt,Susceptible,661,train,573.77682,
Kp_ertapenem_S_KC187_573_84172_rgi.txt,Susceptible,15,train,573.84172,
Kp_ertapenem_S_KE10009_573_79245_rgi.txt,Susceptible,45,validation,573.79245,
Kp_ertapenem_S_KE10019_573_79244_rgi.txt,Susceptible,785,train,573.79244,
Kp_ertapenem_S_KE10037_573_79241_rgi.txt,Susceptible,1878,train,573.79241,
Kp_ertapenem_S_KE10043_573_79240_rgi.txt,Susceptible,16,train,573.7924,
Kp_ertapenem_S_KE10050_573_79242_rgi.txt,Susceptible,16,train,573.79242,
Kp_ertapenem_S_KE9095_573_79239_rgi.txt,Susceptible,15,train,573.79239,
Kp_ertapenem_S_KE9171_573_79238_rgi.txt,Susceptible,251,train,573.79238,
Kp_ertapenem_S_KE9328_573_79237_rgi.txt,Susceptible,483,train,573.79237,
Kp_ertapenem_S_KE9365_573_79236_rgi.txt,Susceptible,Unknown,validation,573.79236,
Kp_ertapenem_S_KE9400_573_79235_rgi.txt,Susceptible,101,validation,573.79235,
Kp_ertapenem_S_KE9424_573_79234_rgi.txt,Susceptible,101,validation,573.79234,
Kp_ertapenem_S_KE9434_573_79233_rgi.txt,Susceptible,626,train,573.79233,
Kp_ertapenem_S_KE9443_573_79231_rgi.txt,Susceptible,483,train,573.79231,
Kp_ertapenem_S_KE9520_573_79228_rgi.txt,Susceptible,383,validation,573.79228,
Kp_ertapenem_S_KE9541_573_79227_rgi.txt,Susceptible,Unknown,validation,573.79227,
Kp_ertapenem_S_KE9637_573_79224_rgi.txt,Susceptible,391,validation,573.79224,
Kp_ertapenem_S_KE9665_573_79223_rgi.txt,Susceptible,353,train,573.79223,
Kp_ertapenem_S_KE9676_573_79220_rgi.txt,Susceptible,42,train,573.7922,
Kp_ertapenem_S_KE9694_573_79217_rgi.txt,Susceptible,Unknown,validation,573.79217,
Kp_ertapenem_S_KE9696_573_79218_rgi.txt,Susceptible,1107,train,573.79218,
Kp_ertapenem_S_KE9705_573_79215_rgi.txt,Susceptible,147,validation,573.79215,
Kp_ertapenem_S_KE9718_573_79213_rgi.txt,Susceptible,Unknown,validation,573.79213,
Kp_ertapenem_S_KE9799_573_79209_rgi.txt,Susceptible,336,train,573.79209,
Kp_ertapenem_S_KE9907_573_79206_rgi.txt,Susceptible,345,validation,573.79206,
Kp_ertapenem_S_KE9911_573_79207_rgi.txt,Susceptible,37,train,573.79207,
Kp_ertapenem_S_KE9947_573_79205_rgi.txt,Susceptible,345,validation,573.79205,
Kp_ertapenem_S_KE9953_573_79203_rgi.txt,Susceptible,1296,train,573.79203,
Kp_ertapenem_S_KE9995_573_79201_rgi.txt,Susceptible,927,validation,573.79201,
Kp_ertapenem_S_KH62_573_78949_rgi.txt,Susceptible,2028,validation,573.78949,
Kp_ertapenem_S_KH62-R2_573_79152_rgi.txt,Susceptible,2028,validation,573.79152,
Kp_ertapenem_S_KID1_573_81759_rgi.txt,Susceptible,35,train,573.81759,
Kp_ertapenem_S_KID2_573_81755_rgi.txt,Susceptible,35,train,573.81755,
Kp_ertapenem_S_KLEPN-0004_573_77507_rgi.txt,Susceptible,231,train,573.77507,
Kp_ertapenem_S_KLEPN-0024_573_77506_rgi.txt,Susceptible,101,validation,573.77506,
Kp_ertapenem_S_KLEPN-0036_573_77508_rgi.txt,Susceptible,336,train,573.77508,
Kp_ertapenem_S_KLEPN-0098_573_77510_rgi.txt,Susceptible,73,train,573.7751,
Kp_ertapenem_S_KLEPN-0175_573_77512_rgi.txt,Susceptible,336,train,573.77512,
Kp_ertapenem_S_KLEPN-0192_573_77501_rgi.txt,Susceptible,307,validation,573.77501,
Kp_ertapenem_S_KLEPN-0196_573_77503_rgi.txt,Susceptible,101,validation,573.77503,
Kp_ertapenem_S_KLEPN-0203_573_77502_rgi.txt,Susceptible,37,train,573.77502,
Kp_ertapenem_S_KP-400254_573_77772_rgi.txt,Susceptible,726,train,573.77772,
Kp_ertapenem_S_KP-408437_573_77766_rgi.txt,Susceptible,147,validation,573.77766,
Kp_ertapenem_S_KP-410574_573_77746_rgi.txt,Susceptible,15,train,573.77746,
Kp_ertapenem_S_KP-412035_573_77750_rgi.txt,Susceptible,35,train,573.7775,
Kp_ertapenem_S_KP-413255_573_77753_rgi.txt,Susceptible,14,train,573.77753,
Kp_ertapenem_S_KP-415256_573_77767_rgi.txt,Susceptible,17,train,573.77767,
Kp_ertapenem_S_KP-417634_573_77759_rgi.txt,Susceptible,15,train,573.77759,
Kp_ertapenem_S_KP-419030_573_77762_rgi.txt,Susceptible,280,train,573.77762,
Kp_ertapenem_S_KP-HB21H30727_573_78581_rgi.txt,Susceptible,15,train,573.78581,
Kp_ertapenem_S_KP-HB21H30740_573_78596_rgi.txt,Susceptible,Unknown,validation,573.78596,
Kp_ertapenem_S_KP-HB21H30761_573_78599_rgi.txt,Susceptible,721,train,573.78599,
Kp_ertapenem_S_KP-HB21H30772_573_78600_rgi.txt,Susceptible,86,train,573.786,
Kp_ertapenem_S_KP-HB21H30799_573_78579_rgi.txt,Susceptible,152,train,573.78579,
Kp_ertapenem_S_KP-HB21H30813_573_78567_rgi.txt,Susceptible,1419,train,573.78567,
Kp_ertapenem_S_KP-HB21H30826_573_78598_rgi.txt,Susceptible,727,train,573.78598,
Kp_ertapenem_S_KP00519_573_78568_rgi.txt,Susceptible,Unknown,validation,573.78568,
Kp_ertapenem_S_KP00521_573_78566_rgi.txt,Susceptible,1047,train,573.78566,
Kp_ertapenem_S_KP00522_573_78592_rgi.txt,Susceptible,Unknown,validation,573.78592,
Kp_ertapenem_S_KP00524_573_78578_rgi.txt,Susceptible,111,validation,573.78578,
Kp_ertapenem_S_KP02_UID2108280002_573_80644_rgi.txt,Susceptible,Unknown,validation,573.80644,
Kp_ertapenem_S_KP04_UID2108280004_573_79328_rgi.txt,Susceptible,16,train,573.79328,
Kp_ertapenem_S_KP06_UID2108280006_573_79330_rgi.txt,Susceptible,1564,validation,573.7933,
Kp_ertapenem_S_KP07_UID2108280007_573_83418_rgi.txt,Susceptible,711,train,573.83418,
Kp_ertapenem_S_KP08_UID2108280008_573_79331_rgi.txt,Susceptible,16,train,573.79331,
Kp_ertapenem_S_KP09_573_83491_rgi.txt,Susceptible,258,train,573.83491,
Kp_ertapenem_S_KP1050_573_80776_rgi.txt,Susceptible,1245,train,573.80776,
Kp_ertapenem_S_KP126_573_81747_rgi.txt,Susceptible,258,train,573.81747,
Kp_ertapenem_S_KP1339_2019_573_78007_rgi.txt,Susceptible,16,train,573.78007,
Kp_ertapenem_S_KP13_UID2108280009_573_79332_rgi.txt,Susceptible,16,train,573.79332,
Kp_ertapenem_S_KP14_UID2108280010_573_79333_rgi.txt,Susceptible,16,train,573.79333,
Kp_ertapenem_S_KP15_573_77436_rgi.txt,Susceptible,101,validation,573.77436,
Kp_ertapenem_S_KP16286_573_83588_rgi.txt,Susceptible,147,validation,573.83588,
Kp_ertapenem_S_KP16_UID2108280012_573_79335_rgi.txt,Susceptible,16,train,573.79335,
Kp_ertapenem_S_KP1724_2019_573_77686_rgi.txt,Susceptible,25,train,573.77686,
Kp_ertapenem_S_KP17_UID2108280013_573_79336_rgi.txt,Susceptible,16,train,573.79336,
Kp_ertapenem_S_KP18_UID2108280014_573_79337_rgi.txt,Susceptible,Unknown,validation,573.79337,
Kp_ertapenem_S_KP1908_573_80894_rgi.txt,Susceptible,147,validation,573.80894,
Kp_ertapenem_S_KP1909_573_80892_rgi.txt,Susceptible,15,train,573.80892,
Kp_ertapenem_S_KP1912_573_80891_rgi.txt,Susceptible,15,train,573.80891,
Kp_ertapenem_S_KP1930_573_80848_rgi.txt,Susceptible,147,validation,573.80848,
Kp_ertapenem_S_KP1939_573_80878_rgi.txt,Susceptible,15,train,573.80878,
Kp_ertapenem_S_KP1940_573_80875_rgi.txt,Susceptible,15,train,573.80875,
Kp_ertapenem_S_KP19_UID2108280015_573_79338_rgi.txt,Susceptible,16,train,573.79338,
Kp_ertapenem_S_KP2010_2009_573_77691_rgi.txt,Susceptible,29,train,573.77691,
Kp_ertapenem_S_KP2044_573_80877_rgi.txt,Susceptible,15,train,573.80877,
Kp_ertapenem_S_KP2045_573_80874_rgi.txt,Susceptible,307,validation,573.80874,
Kp_ertapenem_S_KP2050_573_80846_rgi.txt,Susceptible,218,train,573.80846,
Kp_ertapenem_S_KP2052_573_80868_rgi.txt,Susceptible,15,train,573.80868,
Kp_ertapenem_S_KP2055_573_80871_rgi.txt,Susceptible,15,train,573.80871,
Kp_ertapenem_S_KP2058_573_80845_rgi.txt,Susceptible,15,train,573.80845,
Kp_ertapenem_S_KP2060_573_80866_rgi.txt,Susceptible,15,train,573.80866,
Kp_ertapenem_S_KP2062_573_80861_rgi.txt,Susceptible,15,train,573.80861,
Kp_ertapenem_S_KP2063_573_80843_rgi.txt,Susceptible,15,train,573.80843,
Kp_ertapenem_S_KP20_UID2108280016_573_79339_rgi.txt,Susceptible,323,train,573.79339,
Kp_ertapenem_S_KP217-59_573_80840_rgi.txt,Susceptible,Unknown,validation,573.8084,
Kp_ertapenem_S_KP217-63_573_80838_rgi.txt,Susceptible,25,train,573.80838,
Kp_ertapenem_S_KP217-89_573_80839_rgi.txt,Susceptible,48,validation,573.80839,
Kp_ertapenem_S_KP2174_573_80842_rgi.txt,Susceptible,17,train,573.80842,
Kp_ertapenem_S_KP218_573_83602_rgi.txt,Susceptible,35,train,573.83602,
Kp_ertapenem_S_KP218-12_573_80837_rgi.txt,Susceptible,48,validation,573.80837,
Kp_ertapenem_S_KP218-13_573_80836_rgi.txt,Susceptible,25,train,573.80836,
Kp_ertapenem_S_KP218-19_573_80835_rgi.txt,Susceptible,25,train,573.80835,
Kp_ertapenem_S_KP218-42_573_80834_rgi.txt,Susceptible,629,train,573.80834,
Kp_ertapenem_S_KP218-74_573_80832_rgi.txt,Susceptible,65,train,573.80832,
Kp_ertapenem_S_KP2183_573_80853_rgi.txt,Susceptible,15,train,573.80853,
Kp_ertapenem_S_KP2188_573_80849_rgi.txt,Susceptible,23,train,573.80849,
Kp_ertapenem_S_KP219-10_573_80833_rgi.txt,Susceptible,25,train,573.80833,
Kp_ertapenem_S_KP219-51_573_80831_rgi.txt,Susceptible,Unknown,validation,573.80831,
Kp_ertapenem_S_KP219-96_573_80830_rgi.txt,Susceptible,133,train,573.8083,
Kp_ertapenem_S_KP21_UID2108280017_573_79340_rgi.txt,Susceptible,16,train,573.7934,
Kp_ertapenem_S_KP220-4_573_80829_rgi.txt,Susceptible,753,train,573.80829,
Kp_ertapenem_S_KP220-61_573_80828_rgi.txt,Susceptible,133,train,573.80828,
Kp_ertapenem_S_KP220-98_573_80827_rgi.txt,Susceptible,65,train,573.80827,
Kp_ertapenem_S_KP2207_573_81901_rgi.txt,Susceptible,857,train,573.81901,
Kp_ertapenem_S_KP221-22_573_80822_rgi.txt,Susceptible,967,validation,573.80822,
Kp_ertapenem_S_KP221-24_573_80823_rgi.txt,Susceptible,967,validation,573.80823,
Kp_ertapenem_S_KP221-29_573_80821_rgi.txt,Susceptible,353,train,573.80821,
Kp_ertapenem_S_KP221-35_573_80824_rgi.txt,Susceptible,967,validation,573.80824,
Kp_ertapenem_S_KP221-5_573_80825_rgi.txt,Susceptible,133,train,573.80825,
Kp_ertapenem_S_KP226_573_83600_rgi.txt,Susceptible,4172,train,573.836,
Kp_ertapenem_S_KP227_573_83593_rgi.txt,Susceptible,Unknown,validation,573.83593,
Kp_ertapenem_S_KP2280_2008_573_78009_rgi.txt,Susceptible,659,validation,573.78009,
Kp_ertapenem_S_KP232_573_83601_rgi.txt,Susceptible,15,train,573.83601,
Kp_ertapenem_S_KP235_573_83595_rgi.txt,Susceptible,17,train,573.83595,
Kp_ertapenem_S_KP23_UID2108280019_573_79342_rgi.txt,Susceptible,Unknown,validation,573.79342,
Kp_ertapenem_S_KP24_573_83596_rgi.txt,Susceptible,1859,train,573.83596,
Kp_ertapenem_S_KP24_UID2108280020_573_79343_rgi.txt,Susceptible,711,train,573.79343,
Kp_ertapenem_S_KP25_573_77437_rgi.txt,Susceptible,442,train,573.77437,
Kp_ertapenem_S_KP2569_2011_573_78012_rgi.txt,Susceptible,Unknown,validation,573.78012,
Kp_ertapenem_S_KP25_UID2108280021_573_79344_rgi.txt,Susceptible,37,train,573.79344,
Kp_ertapenem_S_KP26_UID2108280022_573_79345_rgi.txt,Susceptible,782,validation,573.79345,
Kp_ertapenem_S_KP2728_2008_573_77689_rgi.txt,Susceptible,Unknown,validation,573.77689,
Kp_ertapenem_S_KP27_UID2108280023_573_79346_rgi.txt,Susceptible,664,train,573.79346,
Kp_ertapenem_S_KP28_UID2108280024_573_79347_rgi.txt,Susceptible,15,train,573.79347,
Kp_ertapenem_S_KP29_UID2108280025_573_79348_rgi.txt,Susceptible,147,validation,573.79348,
Kp_ertapenem_S_KP32_UID2108280028_573_79351_rgi.txt,Susceptible,Unknown,validation,573.79351,
Kp_ertapenem_S_KP33_UID2108280029_573_79418_rgi.txt,Susceptible,Unknown,validation,573.79418,
Kp_ertapenem_S_KP34_UID2108280030_573_79352_rgi.txt,Susceptible,193,validation,573.79352,
Kp_ertapenem_S_KP35_UID2108280031_573_79353_rgi.txt,Susceptible,375,train,573.79353,
Kp_ertapenem_S_KP3621_573_78176_rgi.txt,Susceptible,15,train,573.78176,
Kp_ertapenem_S_KP3657_573_78177_rgi.txt,Susceptible,15,train,573.78177,
Kp_ertapenem_S_KP3684_573_78175_rgi.txt,Susceptible,15,train,573.78175,
Kp_ertapenem_S_KP3707_573_78174_rgi.txt,Susceptible,15,train,573.78174,
Kp_ertapenem_S_KP3755_1_573_78178_rgi.txt,Susceptible,15,train,573.78178,
Kp_ertapenem_S_KP3755_2_573_78180_rgi.txt,Susceptible,15,train,573.7818,
Kp_ertapenem_S_KP3762-1_573_78328_rgi.txt,Susceptible,15,train,573.78328,
Kp_ertapenem_S_KP3762_2_573_78179_rgi.txt,Susceptible,15,train,573.78179,
Kp_ertapenem_S_KP37_UID2108280033_573_79354_rgi.txt,Susceptible,Unknown,validation,573.79354,
Kp_ertapenem_S_KP38_UID2108280034_573_79161_rgi.txt,Susceptible,611,train,573.79161,
Kp_ertapenem_S_KP39_573_78447_rgi.txt,Susceptible,15,train,573.78447,
Kp_ertapenem_S_KP39_UID2108280035_573_79159_rgi.txt,Susceptible,23,train,573.79159,
Kp_ertapenem_S_KP4075_2010_573_77693_rgi.txt,Susceptible,147,validation,573.77693,
Kp_ertapenem_S_KP40_UID2108280036_573_79160_rgi.txt,Susceptible,1107,train,573.7916,
Kp_ertapenem_S_KP41_UID2108280037_573_79158_rgi.txt,Susceptible,1107,train,573.79158,
Kp_ertapenem_S_KP43_573_83486_rgi.txt,Susceptible,101,validation,573.83486,
Kp_ertapenem_S_KP4320_2009_573_78011_rgi.txt,Susceptible,15,train,573.78011,
Kp_ertapenem_S_KP437_573_81746_rgi.txt,Susceptible,299,train,573.81746,
Kp_ertapenem_S_KP44_UID2108280040_573_79156_rgi.txt,Susceptible,35,train,573.79156,
Kp_ertapenem_S_KP45_573_83488_rgi.txt,Susceptible,348,validation,573.83488,
Kp_ertapenem_S_KP45_573_81265_rgi.txt,Susceptible,14,train,573.81265,
Kp_ertapenem_S_KP46_573_83487_rgi.txt,Susceptible,17,train,573.83487,
Kp_ertapenem_S_KP47_573_83485_rgi.txt,Susceptible,607,train,573.83485,
Kp_ertapenem_S_KP470_573_81915_rgi.txt,Susceptible,37,train,573.81915,
Kp_ertapenem_S_KP48_573_83484_rgi.txt,Susceptible,607,train,573.83484,
Kp_ertapenem_S_KP51_573_83483_rgi.txt,Susceptible,133,train,573.83483,
Kp_ertapenem_S_KP510_2009_573_77690_rgi.txt,Susceptible,15,train,573.7769,
Kp_ertapenem_S_KP53_573_83482_rgi.txt,Susceptible,193,validation,573.83482,
Kp_ertapenem_S_KP54_573_83481_rgi.txt,Susceptible,1661,train,573.83481,
Kp_ertapenem_S_KP55_573_83479_rgi.txt,Susceptible,17,train,573.83479,
Kp_ertapenem_S_KP56_573_83477_rgi.txt,Susceptible,37,train,573.83477,
Kp_ertapenem_S_KP57_573_83478_rgi.txt,Susceptible,45,validation,573.83478,
Kp_ertapenem_S_KP58_573_83476_rgi.txt,Susceptible,873,train,573.83476,
Kp_ertapenem_S_KP59_573_83480_rgi.txt,Susceptible,1863,train,573.8348,
Kp_ertapenem_S_KP6024_2013_573_78008_rgi.txt,Susceptible,Unknown,validation,573.78008,
Kp_ertapenem_S_KP7_573_78893_rgi.txt,Susceptible,16,train,573.78893,
Kp_ertapenem_S_KP727_2007_573_78010_rgi.txt,Susceptible,Unknown,validation,573.7801,
Kp_ertapenem_S_KP75_573_83598_rgi.txt,Susceptible,873,train,573.83598,
Kp_ertapenem_S_KP826_2017_573_77688_rgi.txt,Susceptible,16,train,573.77688,
Kp_ertapenem_S_KP9023_573_83587_rgi.txt,Susceptible,437,validation,573.83587,
Kp_ertapenem_S_KP94_573_83597_rgi.txt,Susceptible,17,train,573.83597,
Kp_ertapenem_S_KP97_573_83594_rgi.txt,Susceptible,17,train,573.83594,
Kp_ertapenem_S_KPD5_573_78948_rgi.txt,Susceptible,133,train,573.78948,
Kp_ertapenem_S_KPN0423_573_80774_rgi.txt,Susceptible,2004,train,573.80774,
Kp_ertapenem_S_KPNCDS11_573_77933_rgi.txt,Susceptible,16,train,573.77933,
Kp_ertapenem_S_KPNCDS12_573_77932_rgi.txt,Susceptible,17,train,573.77932,
Kp_ertapenem_S_KPNCDS13_573_77928_rgi.txt,Susceptible,Unknown,validation,573.77928,
Kp_ertapenem_S_KPNCDS14_573_77931_rgi.txt,Susceptible,111,validation,573.77931,
Kp_ertapenem_S_KPNCDS15_573_77987_rgi.txt,Susceptible,14,train,573.77987,
Kp_ertapenem_S_KPNCDS16_573_77986_rgi.txt,Susceptible,29,train,573.77986,
Kp_ertapenem_S_KPNCDS17_573_78891_rgi.txt,Susceptible,43,train,573.78891,
Kp_ertapenem_S_KPNCDS18_573_77988_rgi.txt,Susceptible,101,validation,573.77988,
Kp_ertapenem_S_KPNCDS19_573_78677_rgi.txt,Susceptible,607,train,573.78677,
Kp_ertapenem_S_KPNCDS20_573_78679_rgi.txt,Susceptible,297,train,573.78679,
Kp_ertapenem_S_KPNCDS21_573_78678_rgi.txt,Susceptible,Unknown,validation,573.78678,
Kp_ertapenem_S_KPNCDS22_573_78680_rgi.txt,Susceptible,147,validation,573.7868,
Kp_ertapenem_S_KPNCDS23_573_78681_rgi.txt,Susceptible,399,train,573.78681,
Kp_ertapenem_S_KPNCDS24_573_78682_rgi.txt,Susceptible,42,train,573.78682,
Kp_ertapenem_S_KPNCDS26_573_78683_rgi.txt,Susceptible,607,train,573.78683,
Kp_ertapenem_S_KPNCDS27_573_79417_rgi.txt,Susceptible,Unknown,validation,573.79417,
Kp_ertapenem_S_KPNCDS28_573_79416_rgi.txt,Susceptible,1873,validation,573.79416,
Kp_ertapenem_S_KPNCDS29_573_79415_rgi.txt,Susceptible,Unknown,validation,573.79415,
Kp_ertapenem_S_KPNCDS30_573_79414_rgi.txt,Susceptible,34,train,573.79414,
Kp_ertapenem_S_KPNCDS31_573_79413_rgi.txt,Susceptible,Unknown,validation,573.79413,
Kp_ertapenem_S_KPNCDS32_573_79411_rgi.txt,Susceptible,Unknown,validation,573.79411,
Kp_ertapenem_S_KPNCDS33_573_79412_rgi.txt,Susceptible,1625,train,573.79412,
Kp_ertapenem_S_KPNCDS34_573_79410_rgi.txt,Susceptible,661,train,573.7941,
Kp_ertapenem_S_KPNCDS35_573_79408_rgi.txt,Susceptible,661,train,573.79408,
Kp_ertapenem_S_KPNCDS36_573_79409_rgi.txt,Susceptible,1035,train,573.79409,
Kp_ertapenem_S_KPNCDS38_573_79407_rgi.txt,Susceptible,25,train,573.79407,
Kp_ertapenem_S_KPNCDS40_573_79406_rgi.txt,Susceptible,515,train,573.79406,
Kp_ertapenem_S_KPNCDS41_573_79405_rgi.txt,Susceptible,Unknown,validation,573.79405,
Kp_ertapenem_S_KPNCDS42_573_79403_rgi.txt,Susceptible,1873,validation,573.79403,
Kp_ertapenem_S_KPNCDS43_573_79402_rgi.txt,Susceptible,399,train,573.79402,
Kp_ertapenem_S_KPNCDS45_573_79401_rgi.txt,Susceptible,399,train,573.79401,
Kp_ertapenem_S_KPNCDS46_573_79404_rgi.txt,Susceptible,882,train,573.79404,
Kp_ertapenem_S_KPNCDS47_573_79400_rgi.txt,Susceptible,882,train,573.794,
Kp_ertapenem_S_KPNMA215_573_80778_rgi.txt,Susceptible,15,train,573.80778,
Kp_ertapenem_S_KPNMA216_573_80779_rgi.txt,Susceptible,14,train,573.80779,
Kp_ertapenem_S_KPNW_573_78822_rgi.txt,Susceptible,15,train,573.78822,
Kp_ertapenem_S_KPUK02_573_77427_rgi.txt,Susceptible,86,train,573.77427,
Kp_ertapenem_S_KPUK04a_573_77432_rgi.txt,Susceptible,14,train,573.77432,
Kp_ertapenem_S_KPZM16_573_83783_rgi.txt,Susceptible,592,train,573.83783,
Kp_ertapenem_S_KPZM6_573_83490_rgi.txt,Susceptible,592,train,573.8349,
Kp_ertapenem_S_KP_3802_573_78181_rgi.txt,Susceptible,15,train,573.78181,
Kp_ertapenem_S_KP_B057_573_83534_rgi.txt,Susceptible,Unknown,validation,573.83534,
Kp_ertapenem_S_KP_B065_573_83533_rgi.txt,Susceptible,1554,train,573.83533,
Kp_ertapenem_S_KP_B070_573_83532_rgi.txt,Susceptible,307,validation,573.83532,
Kp_ertapenem_S_KP_B110_573_83531_rgi.txt,Susceptible,392,train,573.83531,
Kp_ertapenem_S_KP_B2066_573_77529_rgi.txt,Susceptible,1695,train,573.77529,
Kp_ertapenem_S_KP_B2113_573_77536_rgi.txt,Susceptible,1695,train,573.77536,
Kp_ertapenem_S_KP_B2147_573_77527_rgi.txt,Susceptible,1695,train,573.77527,
Kp_ertapenem_S_KP_B353_573_77530_rgi.txt,Susceptible,23,train,573.7753,
Kp_ertapenem_S_KP_B395_573_77531_rgi.txt,Susceptible,23,train,573.77531,
Kp_ertapenem_S_KP_B6671_573_77521_rgi.txt,Susceptible,1418,train,573.77521,
Kp_ertapenem_S_KP_J104708_573_77519_rgi.txt,Susceptible,27,train,573.77519,
Kp_ertapenem_S_KP_J104714_573_77517_rgi.txt,Susceptible,1695,train,573.77517,
Kp_ertapenem_S_KP_J104722_573_77528_rgi.txt,Susceptible,23,train,573.77528,
Kp_ertapenem_S_KP_J104724_573_77518_rgi.txt,Susceptible,20,train,573.77518,
Kp_ertapenem_S_KP_J115369_573_77522_rgi.txt,Susceptible,1695,train,573.77522,
Kp_ertapenem_S_KP_J115370_573_77525_rgi.txt,Susceptible,27,train,573.77525,
Kp_ertapenem_S_KP_J115371_573_77524_rgi.txt,Susceptible,307,validation,573.77524,
Kp_ertapenem_S_KP_J115373_573_77523_rgi.txt,Susceptible,20,train,573.77523,
Kp_ertapenem_S_KP_NORM_BLD_112590_573_78850_rgi.txt,Susceptible,643,train,573.7885,
Kp_ertapenem_S_KP_S484_573_77526_rgi.txt,Susceptible,1695,train,573.77526,
Kp_ertapenem_S_KP_S7063_573_77532_rgi.txt,Susceptible,1695,train,573.77532,
Kp_ertapenem_S_KP_S7064_573_77533_rgi.txt,Susceptible,1695,train,573.77533,
Kp_ertapenem_S_KP_WXD_573_77621_rgi.txt,Susceptible,105,train,573.77621,
Kp_ertapenem_S_Kes00006_573_82174_rgi.txt,Susceptible,1875,train,573.82174,
Kp_ertapenem_S_Kes00009_573_82173_rgi.txt,Susceptible,596,train,573.82173,
Kp_ertapenem_S_Klebsiella_573_78575_rgi.txt,Susceptible,1047,train,573.78575,
Kp_ertapenem_S_Klebsiella_pneumoniae_7EL_573_83634_rgi.txt,Susceptible,874,train,573.83634,
Kp_ertapenem_S_Kp-NDM-5_573_77500_rgi.txt,Susceptible,258,train,573.775,
Kp_ertapenem_S_Kp-NDM-5_573_77499_rgi.txt,Susceptible,258,train,573.77499,
Kp_ertapenem_S_Kp17_573_83630_rgi.txt,Susceptible,25,train,573.8363,
Kp_ertapenem_S_Kp196_573_77474_rgi.txt,Susceptible,101,validation,573.77474,
Kp_ertapenem_S_Kp208_573_77469_rgi.txt,Susceptible,37,train,573.77469,
Kp_ertapenem_S_Kp222_573_77473_rgi.txt,Susceptible,2096,train,573.77473,
Kp_ertapenem_S_Kp223_573_77462_rgi.txt,Susceptible,14,train,573.77462,
Kp_ertapenem_S_Kp225_573_77460_rgi.txt,Susceptible,231,train,573.7746,
Kp_ertapenem_S_Kp227_573_77461_rgi.txt,Susceptible,Unknown,validation,573.77461,
Kp_ertapenem_S_Kp230_573_77464_rgi.txt,Susceptible,14,train,573.77464,
Kp_ertapenem_S_Kp232_573_77465_rgi.txt,Susceptible,101,validation,573.77465,
Kp_ertapenem_S_Kp233_573_77468_rgi.txt,Susceptible,37,train,573.77468,
Kp_ertapenem_S_Kp234_573_77455_rgi.txt,Susceptible,101,validation,573.77455,
Kp_ertapenem_S_Kp235_573_77466_rgi.txt,Susceptible,2096,train,573.77466,
Kp_ertapenem_S_Kp240_573_77453_rgi.txt,Susceptible,636,validation,573.77453,
Kp_ertapenem_S_Kp241_573_77454_rgi.txt,Susceptible,14,train,573.77454,
Kp_ertapenem_S_Kp242_573_77457_rgi.txt,Susceptible,528,train,573.77457,
Kp_ertapenem_S_Kp248_573_77449_rgi.txt,Susceptible,147,validation,573.77449,
Kp_ertapenem_S_Kp250_573_77443_rgi.txt,Susceptible,2096,train,573.77443,
Kp_ertapenem_S_Kp251_573_77448_rgi.txt,Susceptible,441,train,573.77448,
Kp_ertapenem_S_Kp253_573_77442_rgi.txt,Susceptible,48,validation,573.77442,
Kp_ertapenem_S_Kp256_573_77447_rgi.txt,Susceptible,14,train,573.77447,
Kp_ertapenem_S_Kp5_573_77822_rgi.txt,Susceptible,15,train,573.77822,
Kp_ertapenem_S_Kp7_573_83631_rgi.txt,Susceptible,25,train,573.83631,
Kp_ertapenem_S_KpA13_573_80708_rgi.txt,Susceptible,39,train,573.80708,
Kp_ertapenem_S_KpA1806_573_83522_rgi.txt,Susceptible,1493,train,573.83522,
Kp_ertapenem_S_KpA230_573_80705_rgi.txt,Susceptible,39,train,573.80705,
Kp_ertapenem_S_KpA250_573_83796_rgi.txt,Susceptible,29,train,573.83796,
Kp_ertapenem_S_KpA278_573_80706_rgi.txt,Susceptible,395,train,573.80706,
Kp_ertapenem_S_KpA285_573_83795_rgi.txt,Susceptible,395,train,573.83795,
Kp_ertapenem_S_KpA314_573_80707_rgi.txt,Susceptible,29,train,573.80707,
Kp_ertapenem_S_KpA324_573_80703_rgi.txt,Susceptible,449,train,573.80703,
Kp_ertapenem_S_KpA44_573_80709_rgi.txt,Susceptible,395,train,573.80709,
Kp_ertapenem_S_KpA481_573_83793_rgi.txt,Susceptible,395,train,573.83793,
Kp_ertapenem_S_KpA500_573_80704_rgi.txt,Susceptible,307,validation,573.80704,
Kp_ertapenem_S_KpA511_573_80701_rgi.txt,Susceptible,219,validation,573.80701,
Kp_ertapenem_S_KpA6101_573_80699_rgi.txt,Susceptible,Unknown,validation,573.80699,
Kp_ertapenem_S_KpA699_573_80700_rgi.txt,Susceptible,15,train,573.807,
Kp_ertapenem_S_KpA7001_573_80698_rgi.txt,Susceptible,395,train,573.80698,
Kp_ertapenem_S_KpA7002_573_83792_rgi.txt,Susceptible,873,train,573.83792,
Kp_ertapenem_S_KpA704_573_80696_rgi.txt,Susceptible,107,train,573.80696,
Kp_ertapenem_S_KpA769_573_80697_rgi.txt,Susceptible,395,train,573.80697,
Kp_ertapenem_S_KpA828_573_83794_rgi.txt,Susceptible,25,train,573.83794,
Kp_ertapenem_S_KpA857_573_80695_rgi.txt,Susceptible,1480,train,573.80695,
Kp_ertapenem_S_KpC87_573_78063_rgi.txt,Susceptible,Unknown,validation,573.78063,
Kp_ertapenem_S_KpC90_573_78065_rgi.txt,Susceptible,1777,train,573.78065,
Kp_ertapenem_S_KpSJTU083C1_573_83678_rgi.txt,Susceptible,15,train,573.83678,
Kp_ertapenem_S_KpSJTU083C2_573_83644_rgi.txt,Susceptible,15,train,573.83644,
Kp_ertapenem_S_KpSJTU083C3_573_83635_rgi.txt,Susceptible,15,train,573.83635,
Kp_ertapenem_S_KpSJTU083C4_573_83636_rgi.txt,Susceptible,15,train,573.83636,
Kp_ertapenem_S_Kp_01_20h_573_79199_rgi.txt,Susceptible,Unknown,validation,573.79199,
Kp_ertapenem_S_Kp_01_48h_573_79194_rgi.txt,Susceptible,Unknown,validation,573.79194,
Kp_ertapenem_S_Kp_01_IT_573_79321_rgi.txt,Susceptible,15,train,573.79321,
Kp_ertapenem_S_Kp_02_20h_573_79200_rgi.txt,Susceptible,Unknown,validation,573.792,
Kp_ertapenem_S_Kp_02_48h_573_79192_rgi.txt,Susceptible,Unknown,validation,573.79192,
Kp_ertapenem_S_Kp_02_IT_573_79320_rgi.txt,Susceptible,15,train,573.7932,
Kp_ertapenem_S_Kp_03_20h_573_79197_rgi.txt,Susceptible,29,train,573.79197,
Kp_ertapenem_S_Kp_03_48h_573_79189_rgi.txt,Susceptible,Unknown,validation,573.79189,
Kp_ertapenem_S_Kp_03_IT_573_79319_rgi.txt,Susceptible,Unknown,validation,573.79319,
Kp_ertapenem_S_Kp_04_20h_573_79198_rgi.txt,Susceptible,29,train,573.79198,
Kp_ertapenem_S_Kp_04_48h_573_79190_rgi.txt,Susceptible,Unknown,validation,573.7919,
Kp_ertapenem_S_Kp_04_IT_573_79318_rgi.txt,Susceptible,29,train,573.79318,
Kp_ertapenem_S_Kp_05_20h_573_79195_rgi.txt,Susceptible,29,train,573.79195,
Kp_ertapenem_S_Kp_05_48h_573_79191_rgi.txt,Susceptible,Unknown,validation,573.79191,
Kp_ertapenem_S_Kp_05_IT_573_79316_rgi.txt,Susceptible,Unknown,validation,573.79316,
Kp_ertapenem_S_Kp_06_20h_573_79196_rgi.txt,Susceptible,Unknown,validation,573.79196,
Kp_ertapenem_S_Kp_06_48h_573_79193_rgi.txt,Susceptible,Unknown,validation,573.79193,
Kp_ertapenem_S_Kp_06_IT_573_79317_rgi.txt,Susceptible,29,train,573.79317,
Kp_ertapenem_S_Kp_Goe_712272-2_573_77804_rgi.txt,Susceptible,15,train,573.77804,
Kp_ertapenem_S_Kpn-A24_573_81872_rgi.txt,Susceptible,700,train,573.81872,
Kp_ertapenem_S_Kpn-A8_573_81881_rgi.txt,Susceptible,700,train,573.81881,
Kp_ertapenem_S_Kpn01943_573_82138_rgi.txt,Susceptible,13,validation,573.82138,
Kp_ertapenem_S_Kpn01950_573_82139_rgi.txt,Susceptible,45,validation,573.82139,
Kp_ertapenem_S_Kpn02030_573_82149_rgi.txt,Susceptible,397,train,573.82149,
Kp_ertapenem_S_Kpn02033_573_82147_rgi.txt,Susceptible,292,train,573.82147,
Kp_ertapenem_S_Kpn02034_573_82140_rgi.txt,Susceptible,433,validation,573.8214,
Kp_ertapenem_S_Kpn02036_573_82142_rgi.txt,Susceptible,397,train,573.82142,
Kp_ertapenem_S_Kpn02037_573_82161_rgi.txt,Susceptible,219,validation,573.82161,
Kp_ertapenem_S_Kpn02038_573_82151_rgi.txt,Susceptible,219,validation,573.82151,
Kp_ertapenem_S_Kpn02041_573_82148_rgi.txt,Susceptible,26,validation,573.82148,
Kp_ertapenem_S_Kpn02042_573_82156_rgi.txt,Susceptible,Unknown,validation,573.82156,
Kp_ertapenem_S_Kpn02043_573_82144_rgi.txt,Susceptible,Unknown,validation,573.82144,
Kp_ertapenem_S_Kpn02044_573_82141_rgi.txt,Susceptible,1486,train,573.82141,
Kp_ertapenem_S_Kpn02045_573_82143_rgi.txt,Susceptible,1486,train,573.82143,
Kp_ertapenem_S_Kpn02049_573_82157_rgi.txt,Susceptible,Unknown,validation,573.82157,
Kp_ertapenem_S_Kpn02050_573_82155_rgi.txt,Susceptible,Unknown,validation,573.82155,
Kp_ertapenem_S_Kpn02051_573_82150_rgi.txt,Susceptible,Unknown,validation,573.8215,
Kp_ertapenem_S_Kpn02052_573_82159_rgi.txt,Susceptible,883,train,573.82159,
Kp_ertapenem_S_Kpn02054_573_82160_rgi.txt,Susceptible,219,validation,573.8216,
Kp_ertapenem_S_Kpn02055_573_82154_rgi.txt,Susceptible,Unknown,validation,573.82154,
Kp_ertapenem_S_Kpn02056_573_82158_rgi.txt,Susceptible,200,train,573.82158,
Kp_ertapenem_S_Kpn02058_573_82145_rgi.txt,Susceptible,219,validation,573.82145,
Kp_ertapenem_S_Kpn02059_573_82153_rgi.txt,Susceptible,Unknown,validation,573.82153,
Kp_ertapenem_S_Kpn02061_573_82152_rgi.txt,Susceptible,105,train,573.82152,
Kp_ertapenem_S_Kpn02064_573_82146_rgi.txt,Susceptible,219,validation,573.82146,
Kp_ertapenem_S_Kpn02068_573_82164_rgi.txt,Susceptible,219,validation,573.82164,
Kp_ertapenem_S_Kpn02069_573_82175_rgi.txt,Susceptible,219,validation,573.82175,
Kp_ertapenem_S_Kpn02070_573_82177_rgi.txt,Susceptible,219,validation,573.82177,
Kp_ertapenem_S_Kpn02072_573_82166_rgi.txt,Susceptible,48,validation,573.82166,
Kp_ertapenem_S_Kpn02073_573_82169_rgi.txt,Susceptible,219,validation,573.82169,
Kp_ertapenem_S_Kpn02074_573_82183_rgi.txt,Susceptible,Unknown,validation,573.82183,
Kp_ertapenem_S_Kpn02076_573_82171_rgi.txt,Susceptible,219,validation,573.82171,
Kp_ertapenem_S_Kpn02078_573_82176_rgi.txt,Susceptible,219,validation,573.82176,
Kp_ertapenem_S_Kpn02081_573_82187_rgi.txt,Susceptible,308,train,573.82187,
Kp_ertapenem_S_Kpn02082_573_82188_rgi.txt,Susceptible,1731,train,573.82188,
Kp_ertapenem_S_Kpn02083_573_82181_rgi.txt,Susceptible,1962,train,573.82181,
Kp_ertapenem_S_Kpn02085_573_82162_rgi.txt,Susceptible,966,train,573.82162,
Kp_ertapenem_S_Kpn02088_573_82170_rgi.txt,Susceptible,Unknown,validation,573.8217,
Kp_ertapenem_S_Kpn02089_573_82167_rgi.txt,Susceptible,966,train,573.82167,
Kp_ertapenem_S_Kpn02090_573_82165_rgi.txt,Susceptible,966,train,573.82165,
Kp_ertapenem_S_Kpn02091_573_82163_rgi.txt,Susceptible,966,train,573.82163,
Kp_ertapenem_S_Kpn02092_573_82168_rgi.txt,Susceptible,465,validation,573.82168,
Kp_ertapenem_S_Kpn02093_573_82190_rgi.txt,Susceptible,966,train,573.8219,
Kp_ertapenem_S_Kpn02094_573_82189_rgi.txt,Susceptible,966,train,573.82189,
Kp_ertapenem_S_Kpn02095_573_82178_rgi.txt,Susceptible,966,train,573.82178,
Kp_ertapenem_S_Kpn02096_573_82179_rgi.txt,Susceptible,966,train,573.82179,
Kp_ertapenem_S_Kpn02097_573_82172_rgi.txt,Susceptible,966,train,573.82172,
Kp_ertapenem_S_Kpn02098_573_82180_rgi.txt,Susceptible,966,train,573.8218,
Kp_ertapenem_S_Kpn02108_573_82184_rgi.txt,Susceptible,966,train,573.82184,
Kp_ertapenem_S_Kpn02109_573_82182_rgi.txt,Susceptible,966,train,573.82182,
Kp_ertapenem_S_Kpn02110_573_82191_rgi.txt,Susceptible,20,train,573.82191,
Kp_ertapenem_S_Kpn02113_573_82192_rgi.txt,Susceptible,20,train,573.82192,
Kp_ertapenem_S_Kpn02119_573_82193_rgi.txt,Susceptible,20,train,573.82193,
Kp_ertapenem_S_Kpn02120_573_82194_rgi.txt,Susceptible,200,train,573.82194,
Kp_ertapenem_S_Kpn10_573_81459_rgi.txt,Susceptible,15,train,573.81459,
Kp_ertapenem_S_Kpn11_573_81425_rgi.txt,Susceptible,15,train,573.81425,
Kp_ertapenem_S_Kpn113_573_78776_rgi.txt,Susceptible,113,train,573.78776,
Kp_ertapenem_S_Kpn113_573_78781_rgi.txt,Susceptible,113,train,573.78781,
Kp_ertapenem_S_Kpn116_573_78768_rgi.txt,Susceptible,116,train,573.78768,
Kp_ertapenem_S_Kpn1241_573_78797_rgi.txt,Susceptible,1241,train,573.78797,
Kp_ertapenem_S_Kpn13_573_78792_rgi.txt,Susceptible,13,validation,573.78792,
Kp_ertapenem_S_Kpn14_573_81440_rgi.txt,Susceptible,101,validation,573.8144,
Kp_ertapenem_S_Kpn148_573_78765_rgi.txt,Susceptible,148,train,573.78765,
Kp_ertapenem_S_Kpn152_573_78796_rgi.txt,Susceptible,152,train,573.78796,
Kp_ertapenem_S_Kpn1537_573_78773_rgi.txt,Susceptible,1537,validation,573.78773,
Kp_ertapenem_S_Kpn168_573_78782_rgi.txt,Susceptible,168,validation,573.78782,
Kp_ertapenem_S_Kpn187_573_78786_rgi.txt,Susceptible,187,train,573.78786,
Kp_ertapenem_S_Kpn187_573_78804_rgi.txt,Susceptible,187,train,573.78804,
Kp_ertapenem_S_Kpn1999_573_78794_rgi.txt,Susceptible,1999,train,573.78794,
Kp_ertapenem_S_Kpn2097_573_78803_rgi.txt,Susceptible,2097,validation,573.78803,
Kp_ertapenem_S_Kpn219_573_78778_rgi.txt,Susceptible,219,validation,573.78778,
Kp_ertapenem_S_Kpn2281-Lar_573_79380_rgi.txt,Susceptible,11,train,573.7938,
Kp_ertapenem_S_Kpn2285-Lar_573_79377_rgi.txt,Susceptible,11,train,573.79377,
Kp_ertapenem_S_Kpn2337-Lar_573_79364_rgi.txt,Susceptible,39,train,573.79364,
Kp_ertapenem_S_Kpn2408-Lar_573_79368_rgi.txt,Susceptible,11,train,573.79368,
Kp_ertapenem_S_Kpn2411_573_78777_rgi.txt,Susceptible,Unknown,validation,573.78777,
Kp_ertapenem_S_Kpn2430-Lar_573_79370_rgi.txt,Susceptible,39,train,573.7937,
Kp_ertapenem_S_Kpn2513_573_78788_rgi.txt,Susceptible,Unknown,validation,573.78788,
Kp_ertapenem_S_Kpn279_573_78790_rgi.txt,Susceptible,279,train,573.7879,
Kp_ertapenem_S_Kpn289_573_78775_rgi.txt,Susceptible,289,train,573.78775,
Kp_ertapenem_S_Kpn290_573_78791_rgi.txt,Susceptible,636,validation,573.78791,
Kp_ertapenem_S_Kpn292_573_78780_rgi.txt,Susceptible,292,train,573.7878,
Kp_ertapenem_S_Kpn301_573_78769_rgi.txt,Susceptible,301,validation,573.78769,
Kp_ertapenem_S_Kpn3020_573_78801_rgi.txt,Susceptible,Unknown,validation,573.78801,
Kp_ertapenem_S_Kpn3175_573_78787_rgi.txt,Susceptible,Unknown,validation,573.78787,
Kp_ertapenem_S_Kpn3403_573_78767_rgi.txt,Susceptible,Unknown,validation,573.78767,
Kp_ertapenem_S_Kpn37_573_78798_rgi.txt,Susceptible,37,train,573.78798,
Kp_ertapenem_S_Kpn37_573_78789_rgi.txt,Susceptible,37,train,573.78789,
Kp_ertapenem_S_Kpn37_573_78771_rgi.txt,Susceptible,37,train,573.78771,
Kp_ertapenem_S_Kpn4356_573_78784_rgi.txt,Susceptible,Unknown,validation,573.78784,
Kp_ertapenem_S_Kpn44_573_78760_rgi.txt,Susceptible,44,train,573.7876,
Kp_ertapenem_S_Kpn46_573_78793_rgi.txt,Susceptible,46,train,573.78793,
Kp_ertapenem_S_Kpn47_573_81480_rgi.txt,Susceptible,661,train,573.8148,
Kp_ertapenem_S_Kpn4710_573_78799_rgi.txt,Susceptible,290,train,573.78799,
Kp_ertapenem_S_Kpn4717_573_78774_rgi.txt,Susceptible,Unknown,validation,573.78774,
Kp_ertapenem_S_Kpn49_573_78802_rgi.txt,Susceptible,49,train,573.78802,
Kp_ertapenem_S_Kpn5_573_81464_rgi.txt,Susceptible,15,train,573.81464,
Kp_ertapenem_S_Kpn51_573_81477_rgi.txt,Susceptible,380,train,573.81477,
Kp_ertapenem_S_Kpn5459_573_78763_rgi.txt,Susceptible,Unknown,validation,573.78763,
Kp_ertapenem_S_Kpn5529_573_78762_rgi.txt,Susceptible,Unknown,validation,573.78762,
Kp_ertapenem_S_Kpn5827_573_78795_rgi.txt,Susceptible,1189,train,573.78795,
Kp_ertapenem_S_Kpn5836_573_78785_rgi.txt,Susceptible,Unknown,validation,573.78785,
Kp_ertapenem_S_Kpn5841_573_78779_rgi.txt,Susceptible,Unknown,validation,573.78779,
Kp_ertapenem_S_Kpn6_573_81463_rgi.txt,Susceptible,15,train,573.81463,
Kp_ertapenem_S_Kpn60_573_78764_rgi.txt,Susceptible,60,validation,573.78764,
Kp_ertapenem_S_Kpn61_573_81452_rgi.txt,Susceptible,727,train,573.81452,
Kp_ertapenem_S_Kpn629_573_78761_rgi.txt,Susceptible,629,train,573.78761,
Kp_ertapenem_S_Kpn67_573_81481_rgi.txt,Susceptible,15,train,573.81481,
Kp_ertapenem_S_Kpn6820-Lar_573_79369_rgi.txt,Susceptible,788,train,573.79369,
Kp_ertapenem_S_Kpn7_573_81462_rgi.txt,Susceptible,15,train,573.81462,
Kp_ertapenem_S_Kpn71_573_81429_rgi.txt,Susceptible,15,train,573.81429,
Kp_ertapenem_S_Kpn7182-Lar_573_79359_rgi.txt,Susceptible,Unknown,validation,573.79359,
Kp_ertapenem_S_Kpn727_573_78766_rgi.txt,Susceptible,727,train,573.78766,
Kp_ertapenem_S_Kpn74_573_81474_rgi.txt,Susceptible,15,train,573.81474,
Kp_ertapenem_S_Kpn76_573_81433_rgi.txt,Susceptible,15,train,573.81433,
Kp_ertapenem_S_Kpn77_573_81432_rgi.txt,Susceptible,592,train,573.81432,
Kp_ertapenem_S_Kpn78_573_81911_rgi.txt,Susceptible,37,train,573.81911,
Kp_ertapenem_S_Kpn788_573_78772_rgi.txt,Susceptible,788,train,573.78772,
Kp_ertapenem_S_Kpn80_573_81471_rgi.txt,Susceptible,307,validation,573.81471,
Kp_ertapenem_S_Kpn866_573_78770_rgi.txt,Susceptible,866,train,573.7877,
Kp_ertapenem_S_Kpn8819-Lar_573_79367_rgi.txt,Susceptible,48,validation,573.79367,
Kp_ertapenem_S_Kpn9066-Lar_573_79366_rgi.txt,Susceptible,1190,validation,573.79366,
Kp_ertapenem_S_Kpn9103-Lar_573_79362_rgi.txt,Susceptible,258,train,573.79362,
Kp_ertapenem_S_Kpn9251-Lar_573_79361_rgi.txt,Susceptible,Unknown,validation,573.79361,
Kp_ertapenem_S_Kpn_1_573_80939_rgi.txt,Susceptible,25,train,573.80939,
Kp_ertapenem_S_Kpn_246_573_78697_rgi.txt,Susceptible,1876,train,573.78697,
Kp_ertapenem_S_L0593_573_80956_rgi.txt,Susceptible,45,validation,573.80956,
Kp_ertapenem_S_L0644_573_80957_rgi.txt,Susceptible,Unknown,validation,573.80957,
Kp_ertapenem_S_L0738_573_80958_rgi.txt,Susceptible,Unknown,validation,573.80958,
Kp_ertapenem_S_L0747_573_80954_rgi.txt,Susceptible,Unknown,validation,573.80954,
Kp_ertapenem_S_L1392_573_80953_rgi.txt,Susceptible,17,train,573.80953,
Kp_ertapenem_S_L1522_573_80955_rgi.txt,Susceptible,Unknown,validation,573.80955,
Kp_ertapenem_S_L3_573_81914_rgi.txt,Susceptible,23,train,573.81914,
Kp_ertapenem_S_L5151_573_81388_rgi.txt,Susceptible,499,train,573.81388,
Kp_ertapenem_S_LA111_573_78618_rgi.txt,Susceptible,660,train,573.78618,
Kp_ertapenem_S_LA19_573_81714_rgi.txt,Susceptible,268,train,573.81714,
Kp_ertapenem_S_LA64_573_78613_rgi.txt,Susceptible,65,train,573.78613,
Kp_ertapenem_S_LA68_573_78617_rgi.txt,Susceptible,268,train,573.78617,
Kp_ertapenem_S_LA86_573_84178_rgi.txt,Susceptible,65,train,573.84178,
Kp_ertapenem_S_LA96_573_78619_rgi.txt,Susceptible,375,train,573.78619,
Kp_ertapenem_S_LACPHL-BACT-2024-00164_573_77481_rgi.txt,Susceptible,15,train,573.77481,
Kp_ertapenem_S_LACPHL-BACT-2024-00210_573_77800_rgi.txt,Susceptible,Unknown,validation,573.778,
Kp_ertapenem_S_LACPHL-BACT-2024-00237_573_78081_rgi.txt,Susceptible,14,train,573.78081,
Kp_ertapenem_S_LACPHL-BACT-2024-00248_573_78805_rgi.txt,Susceptible,25,train,573.78805,
Kp_ertapenem_S_LACPHL-BACT-2024-00255_573_78700_rgi.txt,Susceptible,14,train,573.787,
Kp_ertapenem_S_LACPHL-BACT-2024-00261_573_78695_rgi.txt,Susceptible,25,train,573.78695,
Kp_ertapenem_S_LACPHL-BACT-2024-00266_573_78821_rgi.txt,Susceptible,105,train,573.78821,
Kp_ertapenem_S_LACPHL-BACT-2024-00272_573_78819_rgi.txt,Susceptible,14,train,573.78819,
Kp_ertapenem_S_LACPHL-BACT-2024-00277_573_78888_rgi.txt,Susceptible,307,validation,573.78888,
Kp_ertapenem_S_LACPHL-BACT-2024-00278_573_78890_rgi.txt,Susceptible,14,train,573.7889,
Kp_ertapenem_S_LAKp01_573_78607_rgi.txt,Susceptible,Unknown,validation,573.78607,
Kp_ertapenem_S_LAKp06_573_78609_rgi.txt,Susceptible,23,train,573.78609,
Kp_ertapenem_S_LAKp235_573_78084_rgi.txt,Susceptible,Unknown,validation,573.78084,
Kp_ertapenem_S_LAhvKp03_573_81795_rgi.txt,Susceptible,Unknown,validation,573.81795,
Kp_ertapenem_S_LAhvKp08_573_81797_rgi.txt,Susceptible,1049,train,573.81797,
Kp_ertapenem_S_LAhvKp12_573_81761_rgi.txt,Susceptible,Unknown,validation,573.81761,
Kp_ertapenem_S_LAhvKp135_573_81807_rgi.txt,Susceptible,23,train,573.81807,
Kp_ertapenem_S_LAhvKp138_573_81763_rgi.txt,Susceptible,Unknown,validation,573.81763,
Kp_ertapenem_S_LAhvKp142_573_84281_rgi.txt,Susceptible,23,train,573.84281,
Kp_ertapenem_S_LAhvKp143_573_81764_rgi.txt,Susceptible,Unknown,validation,573.81764,
Kp_ertapenem_S_LAhvKp150_573_81773_rgi.txt,Susceptible,23,train,573.81773,
Kp_ertapenem_S_LAhvKp160_573_81770_rgi.txt,Susceptible,29,train,573.8177,
Kp_ertapenem_S_LAhvKp161_573_81803_rgi.txt,Susceptible,1764,train,573.81803,
Kp_ertapenem_S_LAhvKp163_573_81812_rgi.txt,Susceptible,23,train,573.81812,
Kp_ertapenem_S_LAhvKp164_573_81810_rgi.txt,Susceptible,76,train,573.8181,
Kp_ertapenem_S_LAhvKp175-2007_573_81877_rgi.txt,Susceptible,11,train,573.81877,
Kp_ertapenem_S_LAhvKp175-2017_573_81777_rgi.txt,Susceptible,76,train,573.81777,
Kp_ertapenem_S_LAhvKp179_573_81776_rgi.txt,Susceptible,23,train,573.81776,
Kp_ertapenem_S_LAhvKp186_573_81814_rgi.txt,Susceptible,29,train,573.81814,
Kp_ertapenem_S_LAhvKp191_573_81765_rgi.txt,Susceptible,1049,train,573.81765,
Kp_ertapenem_S_LAhvKp198_573_84285_rgi.txt,Susceptible,23,train,573.84285,
Kp_ertapenem_S_LAhvKp198-2017_573_81766_rgi.txt,Susceptible,Unknown,validation,573.81766,
Kp_ertapenem_S_LAhvKp200_573_81789_rgi.txt,Susceptible,76,train,573.81789,
Kp_ertapenem_S_LAhvKp201_573_81791_rgi.txt,Susceptible,76,train,573.81791,
Kp_ertapenem_S_LAhvKp204_573_81767_rgi.txt,Susceptible,Unknown,validation,573.81767,
Kp_ertapenem_S_LAhvKp211_573_81792_rgi.txt,Susceptible,Unknown,validation,573.81792,
Kp_ertapenem_S_LAhvKp217_573_81808_rgi.txt,Susceptible,218,train,573.81808,
Kp_ertapenem_S_LAhvKp218_573_81793_rgi.txt,Susceptible,Unknown,validation,573.81793,
Kp_ertapenem_S_LAhvKp221_573_81794_rgi.txt,Susceptible,65,train,573.81794,
Kp_ertapenem_S_LAhvKp228_573_81796_rgi.txt,Susceptible,Unknown,validation,573.81796,
Kp_ertapenem_S_LAhvKp23_573_81813_rgi.txt,Susceptible,Unknown,validation,573.81813,
Kp_ertapenem_S_LAhvKp230_573_81772_rgi.txt,Susceptible,65,train,573.81772,
Kp_ertapenem_S_LAhvKp232_573_81768_rgi.txt,Susceptible,23,train,573.81768,
Kp_ertapenem_S_LAhvKp237_573_81805_rgi.txt,Susceptible,23,train,573.81805,
Kp_ertapenem_S_LAhvKp240_573_81806_rgi.txt,Susceptible,76,train,573.81806,
Kp_ertapenem_S_LAhvKp241_573_81778_rgi.txt,Susceptible,60,validation,573.81778,
Kp_ertapenem_S_LAhvKp243_573_81774_rgi.txt,Susceptible,828,train,573.81774,
Kp_ertapenem_S_LAhvKp31_573_81819_rgi.txt,Susceptible,5,train,573.81819,
Kp_ertapenem_S_LAhvKp40_573_81762_rgi.txt,Susceptible,Unknown,validation,573.81762,
Kp_ertapenem_S_LAhvKp44_573_81799_rgi.txt,Susceptible,828,train,573.81799,
Kp_ertapenem_S_LAhvKp46_573_81798_rgi.txt,Susceptible,60,validation,573.81798,
Kp_ertapenem_S_LAhvKp53_573_81802_rgi.txt,Susceptible,23,train,573.81802,
Kp_ertapenem_S_LAhvKp62_573_81801_rgi.txt,Susceptible,23,train,573.81801,
Kp_ertapenem_S_LAhvKp90_573_83643_rgi.txt,Susceptible,Unknown,validation,573.83643,
Kp_ertapenem_S_LMT_573_81756_rgi.txt,Susceptible,870,train,573.81756,
Kp_ertapenem_S_M122-2_573_77620_rgi.txt,Susceptible,23,train,573.7762,
Kp_ertapenem_S_M19016_573_77893_rgi.txt,Susceptible,252,train,573.77893,
Kp_ertapenem_S_MAC_573_81758_rgi.txt,Susceptible,Unknown,validation,573.81758,
Kp_ertapenem_S_MAG11790_573_84279_rgi.txt,Susceptible,Unknown,validation,573.84279,
Kp_ertapenem_S_MAG2056_573_84040_rgi.txt,Susceptible,Unknown,validation,573.8404,
Kp_ertapenem_S_MAG230_573_84041_rgi.txt,Susceptible,1138,train,573.84041,
Kp_ertapenem_S_MAG2930_573_84152_rgi.txt,Susceptible,313,train,573.84152,
Kp_ertapenem_S_MAG3670_573_84122_rgi.txt,Susceptible,Unknown,validation,573.84122,
Kp_ertapenem_S_MAG8170_573_84282_rgi.txt,Susceptible,Unknown,validation,573.84282,
Kp_ertapenem_S_MAG8247_573_84272_rgi.txt,Susceptible,551,train,573.84272,
Kp_ertapenem_S_MAG8263_573_84271_rgi.txt,Susceptible,Unknown,validation,573.84271,
Kp_ertapenem_S_MAG8620_573_84278_rgi.txt,Susceptible,Unknown,validation,573.84278,
Kp_ertapenem_S_MAG8674_573_84287_rgi.txt,Susceptible,Unknown,validation,573.84287,
Kp_ertapenem_S_MAR163_573_79447_rgi.txt,Susceptible,234,train,573.79447,
Kp_ertapenem_S_MAR172_573_79445_rgi.txt,Susceptible,147,validation,573.79445,
Kp_ertapenem_S_MBBL2_573_79355_rgi.txt,Susceptible,273,train,573.79355,
Kp_ertapenem_S_MMSV1_573_78075_rgi.txt,Susceptible,20,train,573.78075,
Kp_ertapenem_S_MMSV10_573_78083_rgi.txt,Susceptible,179,train,573.78083,
Kp_ertapenem_S_MMSV11_573_78078_rgi.txt,Susceptible,834,train,573.78078,
Kp_ertapenem_S_MMSV13_573_78824_rgi.txt,Susceptible,12,train,573.78824,
Kp_ertapenem_S_MMSV15_573_78823_rgi.txt,Susceptible,20,train,573.78823,
Kp_ertapenem_S_MMSV28_573_78327_rgi.txt,Susceptible,461,train,573.78327,
Kp_ertapenem_S_MMSV3_573_78079_rgi.txt,Susceptible,636,validation,573.78079,
Kp_ertapenem_S_MMSV5_573_78076_rgi.txt,Susceptible,133,train,573.78076,
Kp_ertapenem_S_MRSN110347_573_80601_rgi.txt,Susceptible,23,train,573.80601,
Kp_ertapenem_S_MRSN110349_573_80599_rgi.txt,Susceptible,23,train,573.80599,
Kp_ertapenem_S_MRSN110350_573_80596_rgi.txt,Susceptible,23,train,573.80596,
Kp_ertapenem_S_MRSN119486_573_80594_rgi.txt,Susceptible,375,train,573.80594,
Kp_ertapenem_S_MRSN119488_573_80592_rgi.txt,Susceptible,893,train,573.80592,
Kp_ertapenem_S_MRSN130379_573_80597_rgi.txt,Susceptible,23,train,573.80597,
Kp_ertapenem_S_MRSN972133_573_80598_rgi.txt,Susceptible,23,train,573.80598,
Kp_ertapenem_S_MRSN972141_573_77803_rgi.txt,Susceptible,29,train,573.77803,
Kp_ertapenem_S_MRSN972183_573_80595_rgi.txt,Susceptible,23,train,573.80595,
Kp_ertapenem_S_MRSN972221_573_80600_rgi.txt,Susceptible,23,train,573.806,
Kp_ertapenem_S_MUC-SAN_573_78594_rgi.txt,Susceptible,307,validation,573.78594,
Kp_ertapenem_S_MUGSI_227_573_24381_rgi.txt,Susceptible,3635,train,573.24381,
Kp_ertapenem_S_MUGSI_237_573_24383_rgi.txt,Susceptible,258,train,573.24383,
Kp_ertapenem_S_MUGSI_246_573_24384_rgi.txt,Susceptible,2133,train,573.24384,
Kp_ertapenem_S_MUGSI_272_573_24386_rgi.txt,Susceptible,37,train,573.24386,
Kp_ertapenem_S_MUGSI_318_573_24400_rgi.txt,Susceptible,309,train,573.244,
Kp_ertapenem_S_N103_573_77992_rgi.txt,Susceptible,Unknown,validation,573.77992,
Kp_ertapenem_S_N156_573_77989_rgi.txt,Susceptible,16,train,573.77989,
Kp_ertapenem_S_N248_573_77993_rgi.txt,Susceptible,2096,train,573.77993,
Kp_ertapenem_S_NC3_573_78067_rgi.txt,Susceptible,65,train,573.78067,
Kp_ertapenem_S_NFYY338KPN_573_78807_rgi.txt,Susceptible,16,train,573.78807,
Kp_ertapenem_S_NIB014_573_81407_rgi.txt,Susceptible,437,validation,573.81407,
Kp_ertapenem_S_NICU_1_P3_573_31032_rgi.txt,Susceptible,985,train,573.31032,
Kp_ertapenem_S_NICU_2_P1_573_32137_rgi.txt,Susceptible,37,train,573.32137,
Kp_ertapenem_S_NNKP_2024.1_573_81839_rgi.txt,Susceptible,395,train,573.81839,
Kp_ertapenem_S_NNKP_2024.10_573_83785_rgi.txt,Susceptible,551,train,573.83785,
Kp_ertapenem_S_NNKP_2024.11_573_83786_rgi.txt,Susceptible,307,validation,573.83786,
Kp_ertapenem_S_NNKP_2024.5_573_81844_rgi.txt,Susceptible,147,validation,573.81844,
Kp_ertapenem_S_NNKP_2025.1_573_83787_rgi.txt,Susceptible,Unknown,validation,573.83787,
Kp_ertapenem_S_NNKP_2025.2_573_83791_rgi.txt,Susceptible,307,validation,573.83791,
Kp_ertapenem_S_NNKP_2025.3_573_83790_rgi.txt,Susceptible,874,train,573.8379,
Kp_ertapenem_S_NNKP_2025.4_573_83788_rgi.txt,Susceptible,395,train,573.83788,
Kp_ertapenem_S_NNRo_2505_573_83527_rgi.txt,Susceptible,348,validation,573.83527,
Kp_ertapenem_S_NT004_573_78627_rgi.txt,Susceptible,16,train,573.78627,
Kp_ertapenem_S_NT005_573_78626_rgi.txt,Susceptible,16,train,573.78626,
Kp_ertapenem_S_NT008_573_78624_rgi.txt,Susceptible,16,train,573.78624,
Kp_ertapenem_S_NT009_573_78623_rgi.txt,Susceptible,16,train,573.78623,
Kp_ertapenem_S_NUBL-17196_573_77494_rgi.txt,Susceptible,37,train,573.77494,
Kp_ertapenem_S_NUBL-17197_573_77487_rgi.txt,Susceptible,412,validation,573.77487,
Kp_ertapenem_S_NUBL-17199_573_77492_rgi.txt,Susceptible,12,train,573.77492,
Kp_ertapenem_S_NUBL-17200_573_77485_rgi.txt,Susceptible,193,validation,573.77485,
Kp_ertapenem_S_NUBL-17201_573_77489_rgi.txt,Susceptible,13,validation,573.77489,
Kp_ertapenem_S_NUBL-17202_573_77486_rgi.txt,Susceptible,13,validation,573.77486,
Kp_ertapenem_S_NUBL-19414_573_77490_rgi.txt,Susceptible,256,train,573.7749,
Kp_ertapenem_S_NUBL-19416_573_77484_rgi.txt,Susceptible,412,validation,573.77484,
Kp_ertapenem_S_NUBL-22011_573_77495_rgi.txt,Susceptible,25,train,573.77495,
Kp_ertapenem_S_NUBL-22012_573_77493_rgi.txt,Susceptible,268,train,573.77493,
Kp_ertapenem_S_NUBL-22014_573_77488_rgi.txt,Susceptible,412,validation,573.77488,
Kp_ertapenem_S_NUBL-22015_573_77491_rgi.txt,Susceptible,870,train,573.77491,
Kp_ertapenem_S_NUBL-22016_573_77496_rgi.txt,Susceptible,Unknown,validation,573.77496,
Kp_ertapenem_S_NUBL-22017_573_77483_rgi.txt,Susceptible,774,validation,573.77483,
Kp_ertapenem_S_NUBL-22020_573_77497_rgi.txt,Susceptible,29,train,573.77497,
Kp_ertapenem_S_NUBL-22022_573_77498_rgi.txt,Susceptible,Unknown,validation,573.77498,
Kp_ertapenem_S_NY4588_573_78993_rgi.txt,Susceptible,383,validation,573.78993,
Kp_ertapenem_S_NY4592_573_79315_rgi.txt,Susceptible,383,validation,573.79315,
Kp_ertapenem_S_OT202_573_78343_rgi.txt,Susceptible,Unknown,validation,573.78343,
Kp_ertapenem_S_OT203_573_78344_rgi.txt,Susceptible,1766,train,573.78344,
Kp_ertapenem_S_OT204_573_78342_rgi.txt,Susceptible,Unknown,validation,573.78342,
Kp_ertapenem_S_P0001_573_84245_rgi.txt,Susceptible,48,validation,573.84245,
Kp_ertapenem_S_P0003_573_84244_rgi.txt,Susceptible,985,train,573.84244,
Kp_ertapenem_S_P0005_573_84243_rgi.txt,Susceptible,48,validation,573.84243,
Kp_ertapenem_S_P0006_573_84258_rgi.txt,Susceptible,48,validation,573.84258,
Kp_ertapenem_S_P0007_573_84200_rgi.txt,Susceptible,48,validation,573.842,
Kp_ertapenem_S_P0008_573_84201_rgi.txt,Susceptible,48,validation,573.84201,
Kp_ertapenem_S_P0010_573_84268_rgi.txt,Susceptible,985,train,573.84268,
Kp_ertapenem_S_P0011_573_84267_rgi.txt,Susceptible,752,validation,573.84267,
Kp_ertapenem_S_P0012_573_84210_rgi.txt,Susceptible,45,validation,573.8421,
Kp_ertapenem_S_P0013_573_84209_rgi.txt,Susceptible,307,validation,573.84209,
Kp_ertapenem_S_P0014_573_84232_rgi.txt,Susceptible,Unknown,validation,573.84232,
Kp_ertapenem_S_P0015_573_84241_rgi.txt,Susceptible,985,train,573.84241,
Kp_ertapenem_S_P0016_573_84203_rgi.txt,Susceptible,307,validation,573.84203,
Kp_ertapenem_S_P0017_573_84211_rgi.txt,Susceptible,48,validation,573.84211,
Kp_ertapenem_S_P0018_573_84213_rgi.txt,Susceptible,45,validation,573.84213,
Kp_ertapenem_S_P0019_573_84206_rgi.txt,Susceptible,48,validation,573.84206,
Kp_ertapenem_S_P0021_573_84240_rgi.txt,Susceptible,48,validation,573.8424,
Kp_ertapenem_S_P0023_573_84230_rgi.txt,Susceptible,628,train,573.8423,
Kp_ertapenem_S_P0024_573_84234_rgi.txt,Susceptible,394,train,573.84234,
Kp_ertapenem_S_P0026_573_84266_rgi.txt,Susceptible,628,train,573.84266,
Kp_ertapenem_S_P0027_573_84224_rgi.txt,Susceptible,45,validation,573.84224,
Kp_ertapenem_S_P0028_573_84242_rgi.txt,Susceptible,20,train,573.84242,
Kp_ertapenem_S_P0029_573_84212_rgi.txt,Susceptible,45,validation,573.84212,
Kp_ertapenem_S_P0030_573_84233_rgi.txt,Susceptible,48,validation,573.84233,
Kp_ertapenem_S_P0031_573_84222_rgi.txt,Susceptible,422,validation,573.84222,
Kp_ertapenem_S_P0032_573_84239_rgi.txt,Susceptible,45,validation,573.84239,
Kp_ertapenem_S_P0033_573_84254_rgi.txt,Susceptible,307,validation,573.84254,
Kp_ertapenem_S_P0034_573_84235_rgi.txt,Susceptible,307,validation,573.84235,
Kp_ertapenem_S_P0035_573_84237_rgi.txt,Susceptible,307,validation,573.84237,
Kp_ertapenem_S_P0408_573_84265_rgi.txt,Susceptible,1427,validation,573.84265,
Kp_ertapenem_S_P0479_573_84238_rgi.txt,Susceptible,17,train,573.84238,
Kp_ertapenem_S_P0482_573_84257_rgi.txt,Susceptible,985,train,573.84257,
Kp_ertapenem_S_P0488_573_84236_rgi.txt,Susceptible,307,validation,573.84236,
Kp_ertapenem_S_P0495_573_84231_rgi.txt,Susceptible,1427,validation,573.84231,
Kp_ertapenem_S_P0497_573_84256_rgi.txt,Susceptible,1825,train,573.84256,
Kp_ertapenem_S_P0501_573_84207_rgi.txt,Susceptible,14,train,573.84207,
Kp_ertapenem_S_P0530_573_84261_rgi.txt,Susceptible,14,train,573.84261,
Kp_ertapenem_S_P0642_573_84225_rgi.txt,Susceptible,464,train,573.84225,
Kp_ertapenem_S_P0675_573_84269_rgi.txt,Susceptible,391,validation,573.84269,
Kp_ertapenem_S_P0681_573_84229_rgi.txt,Susceptible,391,validation,573.84229,
Kp_ertapenem_S_P0697_573_84227_rgi.txt,Susceptible,1825,train,573.84227,
Kp_ertapenem_S_P0712_573_84208_rgi.txt,Susceptible,17,train,573.84208,
Kp_ertapenem_S_P0717_573_84220_rgi.txt,Susceptible,Unknown,validation,573.8422,
Kp_ertapenem_S_P0725_573_84204_rgi.txt,Susceptible,1825,train,573.84204,
Kp_ertapenem_S_P0729_573_84259_rgi.txt,Susceptible,45,validation,573.84259,
Kp_ertapenem_S_P0730_573_84214_rgi.txt,Susceptible,307,validation,573.84214,
Kp_ertapenem_S_P0736_573_84262_rgi.txt,Susceptible,985,train,573.84262,
Kp_ertapenem_S_P0739_573_84202_rgi.txt,Susceptible,14,train,573.84202,
Kp_ertapenem_S_P0743_573_84260_rgi.txt,Susceptible,Unknown,validation,573.8426,
Kp_ertapenem_S_P0744_573_84264_rgi.txt,Susceptible,Unknown,validation,573.84264,
Kp_ertapenem_S_P0775_573_84216_rgi.txt,Susceptible,45,validation,573.84216,
Kp_ertapenem_S_P0783_573_84217_rgi.txt,Susceptible,14,train,573.84217,
Kp_ertapenem_S_P0788_573_84218_rgi.txt,Susceptible,Unknown,validation,573.84218,
Kp_ertapenem_S_P0799_573_84251_rgi.txt,Susceptible,Unknown,validation,573.84251,
Kp_ertapenem_S_P1122_573_84250_rgi.txt,Susceptible,307,validation,573.8425,
Kp_ertapenem_S_P1203_573_84221_rgi.txt,Susceptible,48,validation,573.84221,
Kp_ertapenem_S_P1209_573_84249_rgi.txt,Susceptible,985,train,573.84249,
Kp_ertapenem_S_P1210_573_84247_rgi.txt,Susceptible,45,validation,573.84247,
Kp_ertapenem_S_P1211_573_84246_rgi.txt,Susceptible,45,validation,573.84246,
Kp_ertapenem_S_P1212_573_84253_rgi.txt,Susceptible,48,validation,573.84253,
Kp_ertapenem_S_P1213_573_84215_rgi.txt,Susceptible,48,validation,573.84215,
Kp_ertapenem_S_P1214_573_84255_rgi.txt,Susceptible,985,train,573.84255,
Kp_ertapenem_S_P1229_573_84263_rgi.txt,Susceptible,464,train,573.84263,
Kp_ertapenem_S_P66_573_78876_rgi.txt,Susceptible,893,train,573.78876,
Kp_ertapenem_S_P91_573_78877_rgi.txt,Susceptible,893,train,573.78877,
Kp_ertapenem_S_PA004_573_78638_rgi.txt,Susceptible,16,train,573.78638,
Kp_ertapenem_S_PA007_573_78636_rgi.txt,Susceptible,16,train,573.78636,
Kp_ertapenem_S_PA017_573_78635_rgi.txt,Susceptible,16,train,573.78635,
Kp_ertapenem_S_PA024_573_78634_rgi.txt,Susceptible,48,validation,573.78634,
Kp_ertapenem_S_PB107_573_5806_rgi.txt,Susceptible,307,validation,573.5806,
Kp_ertapenem_S_PB121_573_5800_rgi.txt,Susceptible,323,train,573.58,
Kp_ertapenem_S_PB122_573_5700_rgi.txt,Susceptible,11,train,573.57,
Kp_ertapenem_S_PB127_573_5665_rgi.txt,Susceptible,995,validation,573.5665,
Kp_ertapenem_S_PB129_573_5807_rgi.txt,Susceptible,16,train,573.5807,
Kp_ertapenem_S_PB14_573_5682_rgi.txt,Susceptible,234,train,573.5682,
Kp_ertapenem_S_PB173_573_5797_rgi.txt,Susceptible,1441,train,573.5797,
Kp_ertapenem_S_PB199_573_5814_rgi.txt,Susceptible,35,train,573.5814,
Kp_ertapenem_S_PB209_573_5796_rgi.txt,Susceptible,199,train,573.5796,
Kp_ertapenem_S_PB21_573_5692_rgi.txt,Susceptible,336,train,573.5692,
Kp_ertapenem_S_PB22_573_5661_rgi.txt,Susceptible,1530,train,573.5661,
Kp_ertapenem_S_PB226_573_5690_rgi.txt,Susceptible,307,validation,573.569,
Kp_ertapenem_S_PB242_573_5702_rgi.txt,Susceptible,37,train,573.5702,
Kp_ertapenem_S_PB256_573_5793_rgi.txt,Susceptible,14,train,573.5793,
Kp_ertapenem_S_PB270_573_5809_rgi.txt,Susceptible,23,train,573.5809,
Kp_ertapenem_S_PB28_573_5678_rgi.txt,Susceptible,336,train,573.5678,
Kp_ertapenem_S_PB283_573_5801_rgi.txt,Susceptible,29,train,573.5801,
Kp_ertapenem_S_PB295_573_5695_rgi.txt,Susceptible,101,validation,573.5695,
Kp_ertapenem_S_PB298_573_5808_rgi.txt,Susceptible,336,train,573.5808,
Kp_ertapenem_S_PB366_573_5672_rgi.txt,Susceptible,11,train,573.5672,
Kp_ertapenem_S_PB38_573_5815_rgi.txt,Susceptible,35,train,573.5815,
Kp_ertapenem_S_PB395_573_5677_rgi.txt,Susceptible,231,train,573.5677,
Kp_ertapenem_S_PB425_573_5795_rgi.txt,Susceptible,101,validation,573.5795,
Kp_ertapenem_S_PB439_573_5802_rgi.txt,Susceptible,477,train,573.5802,
Kp_ertapenem_S_PB466_573_5679_rgi.txt,Susceptible,15,train,573.5679,
Kp_ertapenem_S_PB473_573_5813_rgi.txt,Susceptible,2097,validation,573.5813,
Kp_ertapenem_S_PB484_573_5691_rgi.txt,Susceptible,48,validation,573.5691,
Kp_ertapenem_S_PB495_573_5658_rgi.txt,Susceptible,1787,train,573.5658,
Kp_ertapenem_S_PB497_573_5818_rgi.txt,Susceptible,378,validation,573.5818,
Kp_ertapenem_S_PB5_573_5681_rgi.txt,Susceptible,336,train,573.5681,
Kp_ertapenem_S_PB502_573_5697_rgi.txt,Susceptible,23,train,573.5697,
Kp_ertapenem_S_PB506_573_5684_rgi.txt,Susceptible,895,train,573.5684,
Kp_ertapenem_S_PB525_573_5817_rgi.txt,Susceptible,16,train,573.5817,
Kp_ertapenem_S_PB533_573_5663_rgi.txt,Susceptible,656,train,573.5663,
Kp_ertapenem_S_PB65_573_5799_rgi.txt,Susceptible,11,train,573.5799,
Kp_ertapenem_S_PB86_573_5828_rgi.txt,Susceptible,37,train,573.5828,
Kp_ertapenem_S_PB94_573_5673_rgi.txt,Susceptible,23,train,573.5673,
Kp_ertapenem_S_PQX243_573_77722_rgi.txt,Susceptible,23,train,573.77722,
Kp_ertapenem_S_PQX244_573_77706_rgi.txt,Susceptible,23,train,573.77706,
Kp_ertapenem_S_PQX260_573_77704_rgi.txt,Susceptible,23,train,573.77704,
Kp_ertapenem_S_PQX261_573_77705_rgi.txt,Susceptible,23,train,573.77705,
Kp_ertapenem_S_PQX262_573_77703_rgi.txt,Susceptible,23,train,573.77703,
Kp_ertapenem_S_PQX265_573_77702_rgi.txt,Susceptible,23,train,573.77702,
Kp_ertapenem_S_PS1Tanimalfeces1_573_83618_rgi.txt,Susceptible,328,train,573.83618,
Kp_ertapenem_S_PS2Canimalfood2_573_83616_rgi.txt,Susceptible,752,validation,573.83616,
Kp_ertapenem_S_PS2Thumofeces1_573_83620_rgi.txt,Susceptible,20,train,573.8362,
Kp_ertapenem_S_PS3Cenvironment1_573_83619_rgi.txt,Susceptible,515,train,573.83619,
Kp_ertapenem_S_PS3Menvironment2_573_83617_rgi.txt,Susceptible,1303,train,573.83617,
Kp_ertapenem_S_PS3Menvironment3_573_83621_rgi.txt,Susceptible,515,train,573.83621,
Kp_ertapenem_S_R1_573_78702_rgi.txt,Susceptible,23,train,573.78702,
Kp_ertapenem_S_R11Np4K1_573_77622_rgi.txt,Susceptible,11,train,573.77622,
Kp_ertapenem_S_R3_573_81341_rgi.txt,Susceptible,15,train,573.81341,
Kp_ertapenem_S_R8_573_78701_rgi.txt,Susceptible,23,train,573.78701,
Kp_ertapenem_S_R884_573_81408_rgi.txt,Susceptible,383,validation,573.81408,
Kp_ertapenem_S_R9_573_81326_rgi.txt,Susceptible,15,train,573.81326,
Kp_ertapenem_S_RHURS_0113_573_79179_rgi.txt,Susceptible,38,train,573.79179,
Kp_ertapenem_S_RHURS_0114_573_79180_rgi.txt,Susceptible,38,train,573.7918,
Kp_ertapenem_S_RHURS_0115_573_79177_rgi.txt,Susceptible,38,train,573.79177,
Kp_ertapenem_S_RHURS_0132_573_79169_rgi.txt,Susceptible,15,train,573.79169,
Kp_ertapenem_S_RKI_380DKa_573_84180_rgi.txt,Susceptible,Unknown,validation,573.8418,
Kp_ertapenem_S_RKI_400DKa_573_84181_rgi.txt,Susceptible,231,train,573.84181,
Kp_ertapenem_S_RSUH15_573_77429_rgi.txt,Susceptible,323,train,573.77429,
Kp_ertapenem_S_RTP31003st1_A4_RTP31003_210430_573_77819_rgi.txt,Susceptible,Unknown,validation,573.77819,
Kp_ertapenem_S_RTP31003st1_G9_RTP31003_210430_573_77821_rgi.txt,Susceptible,34,train,573.77821,
Kp_ertapenem_S_RTP31003st2_E3_RTP31003_210430_573_77818_rgi.txt,Susceptible,605,train,573.77818,
Kp_ertapenem_S_RTP31003st2_G5_RTP31003_210430_573_77820_rgi.txt,Susceptible,605,train,573.7782,
Kp_ertapenem_S_RTP31003st3_G12_RTP31003_210430_573_77817_rgi.txt,Susceptible,278,train,573.77817,
Kp_ertapenem_S_R_H3_573_69393_rgi.txt,Susceptible,25,train,573.69393,
Kp_ertapenem_S_Revertant_2_573_77744_rgi.txt,Susceptible,23,train,573.77744,
Kp_ertapenem_S_S11_573_79023_rgi.txt,Susceptible,Unknown,validation,573.79023,
Kp_ertapenem_S_S12_573_79021_rgi.txt,Susceptible,Unknown,validation,573.79021,
Kp_ertapenem_S_S13_573_79022_rgi.txt,Susceptible,1015,train,573.79022,
Kp_ertapenem_S_S14_573_79020_rgi.txt,Susceptible,Unknown,validation,573.7902,
Kp_ertapenem_S_S15_573_79018_rgi.txt,Susceptible,Unknown,validation,573.79018,
Kp_ertapenem_S_S16_573_79017_rgi.txt,Susceptible,Unknown,validation,573.79017,
Kp_ertapenem_S_S18_573_79019_rgi.txt,Susceptible,Unknown,validation,573.79019,
Kp_ertapenem_S_S1bMCAC_573_81832_rgi.txt,Susceptible,1145,train,573.81832,
Kp_ertapenem_S_S2-IND-01-F_573_80931_rgi.txt,Susceptible,16,train,573.80931,
Kp_ertapenem_S_S8_573_79024_rgi.txt,Susceptible,MLST.-.-,validation,573.79024,
Kp_ertapenem_S_SBH193_573_80816_rgi.txt,Susceptible,307,validation,573.80816,
Kp_ertapenem_S_SCNJ1_573_81258_rgi.txt,Susceptible,29,train,573.81258,
Kp_ertapenem_S_SEB1_573_79392_rgi.txt,Susceptible,29,train,573.79392,
Kp_ertapenem_S_SEB10_573_79383_rgi.txt,Susceptible,29,train,573.79383,
Kp_ertapenem_S_SEB2_573_79391_rgi.txt,Susceptible,29,train,573.79391,
Kp_ertapenem_S_SEB3_573_79389_rgi.txt,Susceptible,29,train,573.79389,
Kp_ertapenem_S_SEB4_573_79390_rgi.txt,Susceptible,29,train,573.7939,
Kp_ertapenem_S_SEB5_573_79388_rgi.txt,Susceptible,29,train,573.79388,
Kp_ertapenem_S_SEB6_573_79387_rgi.txt,Susceptible,29,train,573.79387,
Kp_ertapenem_S_SEB7_573_79386_rgi.txt,Susceptible,29,train,573.79386,
Kp_ertapenem_S_SEB8_573_79384_rgi.txt,Susceptible,29,train,573.79384,
Kp_ertapenem_S_SEB9_573_79385_rgi.txt,Susceptible,29,train,573.79385,
Kp_ertapenem_S_SI-56_573_78685_rgi.txt,Susceptible,429,validation,573.78685,
Kp_ertapenem_S_SI-93_573_78688_rgi.txt,Susceptible,Unknown,validation,573.78688,
Kp_ertapenem_S_SK008_573_78632_rgi.txt,Susceptible,14,train,573.78632,
Kp_ertapenem_S_SK027_573_78630_rgi.txt,Susceptible,11,train,573.7863,
Kp_ertapenem_S_SKLX028709_573_78440_rgi.txt,Susceptible,11,train,573.7844,
Kp_ertapenem_S_SKLX031291_573_78393_rgi.txt,Susceptible,893,train,573.78393,
Kp_ertapenem_S_SKLX112235_573_78386_rgi.txt,Susceptible,15,train,573.78386,
Kp_ertapenem_S_SKLX113192_573_78388_rgi.txt,Susceptible,15,train,573.78388,
Kp_ertapenem_S_SKP4_573_79382_rgi.txt,Susceptible,29,train,573.79382,
Kp_ertapenem_S_SO_9530_KP15521_573_83589_rgi.txt,Susceptible,985,train,573.83589,
Kp_ertapenem_S_STK71-E_573_80989_rgi.txt,Susceptible,1823,train,573.80989,
Kp_ertapenem_S_SY-2-33_573_78922_rgi.txt,Susceptible,20,train,573.78922,
Kp_ertapenem_S_SY-2-50_573_79001_rgi.txt,Susceptible,20,train,573.79001,
Kp_ertapenem_S_SY-2-51_573_78448_rgi.txt,Susceptible,20,train,573.78448,
Kp_ertapenem_S_SY-2-76_573_78919_rgi.txt,Susceptible,20,train,573.78919,
Kp_ertapenem_S_SY-2-85_573_78920_rgi.txt,Susceptible,20,train,573.7892,
Kp_ertapenem_S_T2_573_79358_rgi.txt,Susceptible,MLST.-.-,validation,573.79358,
Kp_ertapenem_S_T231118459_573_81661_rgi.txt,Susceptible,Unknown,validation,573.81661,
Kp_ertapenem_S_T231129738_573_81659_rgi.txt,Susceptible,Unknown,validation,573.81659,
Kp_ertapenem_S_T231205112_573_81662_rgi.txt,Susceptible,Unknown,validation,573.81662,
Kp_ertapenem_S_T231222621_573_81673_rgi.txt,Susceptible,Unknown,validation,573.81673,
Kp_ertapenem_S_T231226729_573_81657_rgi.txt,Susceptible,Unknown,validation,573.81657,
Kp_ertapenem_S_T231226738_573_81665_rgi.txt,Susceptible,Unknown,validation,573.81665,
Kp_ertapenem_S_T240101033_573_81658_rgi.txt,Susceptible,Unknown,validation,573.81658,
Kp_ertapenem_S_T240105197_573_81674_rgi.txt,Susceptible,Unknown,validation,573.81674,
Kp_ertapenem_S_T240105210_573_81671_rgi.txt,Susceptible,Unknown,validation,573.81671,
Kp_ertapenem_S_T240206174_573_81651_rgi.txt,Susceptible,Unknown,validation,573.81651,
Kp_ertapenem_S_T240209287_573_81636_rgi.txt,Susceptible,Unknown,validation,573.81636,
Kp_ertapenem_S_T240212395_573_81634_rgi.txt,Susceptible,Unknown,validation,573.81634,
Kp_ertapenem_S_T240302046_573_83460_rgi.txt,Susceptible,Unknown,validation,573.8346,
Kp_ertapenem_S_T240323786_573_81643_rgi.txt,Susceptible,Unknown,validation,573.81643,
Kp_ertapenem_S_T240529734_573_83452_rgi.txt,Susceptible,Unknown,validation,573.83452,
Kp_ertapenem_S_T240604078_573_81644_rgi.txt,Susceptible,Unknown,validation,573.81644,
Kp_ertapenem_S_T2407122_573_81628_rgi.txt,Susceptible,Unknown,validation,573.81628,
Kp_ertapenem_S_T2407149_573_81632_rgi.txt,Susceptible,Unknown,validation,573.81632,
Kp_ertapenem_S_T2407548_573_81631_rgi.txt,Susceptible,1593,train,573.81631,
Kp_ertapenem_S_T2408017_573_81633_rgi.txt,Susceptible,Unknown,validation,573.81633,
Kp_ertapenem_S_T4_573_79357_rgi.txt,Susceptible,Unknown,validation,573.79357,
Kp_ertapenem_S_T821_573_81696_rgi.txt,Susceptible,35,train,573.81696,
Kp_ertapenem_S_TC_KPN04_573_77727_rgi.txt,Susceptible,1427,validation,573.77727,
Kp_ertapenem_S_TC_KPN07_573_77726_rgi.txt,Susceptible,1427,validation,573.77726,
Kp_ertapenem_S_TC_KPN10_573_77725_rgi.txt,Susceptible,1427,validation,573.77725,
Kp_ertapenem_S_TR009_573_78631_rgi.txt,Susceptible,16,train,573.78631,
Kp_ertapenem_S_TR012_573_78622_rgi.txt,Susceptible,580,train,573.78622,
Kp_ertapenem_S_TW3_573_77435_rgi.txt,Susceptible,23,train,573.77435,
Kp_ertapenem_S_TY-10_573_83496_rgi.txt,Susceptible,1049,train,573.83496,
Kp_ertapenem_S_TY-12_573_83493_rgi.txt,Susceptible,629,train,573.83493,
Kp_ertapenem_S_TY-14_573_83461_rgi.txt,Susceptible,1049,train,573.83461,
Kp_ertapenem_S_TY-16_573_83470_rgi.txt,Susceptible,Unknown,validation,573.8347,
Kp_ertapenem_S_TY-17_573_83463_rgi.txt,Susceptible,Unknown,validation,573.83463,
Kp_ertapenem_S_TY-19_573_83465_rgi.txt,Susceptible,24,train,573.83465,
Kp_ertapenem_S_TY-20_573_83467_rgi.txt,Susceptible,24,train,573.83467,
Kp_ertapenem_S_TY-21_573_83464_rgi.txt,Susceptible,610,train,573.83464,
Kp_ertapenem_S_TY-22_573_83475_rgi.txt,Susceptible,Unknown,validation,573.83475,
Kp_ertapenem_S_TY-23_573_83474_rgi.txt,Susceptible,610,train,573.83474,
Kp_ertapenem_S_TY-24_573_77619_rgi.txt,Susceptible,442,train,573.77619,
Kp_ertapenem_S_TY-25_573_77904_rgi.txt,Susceptible,442,train,573.77904,
Kp_ertapenem_S_TY-26_573_83466_rgi.txt,Susceptible,Unknown,validation,573.83466,
Kp_ertapenem_S_TY-28_573_83468_rgi.txt,Susceptible,458,train,573.83468,
Kp_ertapenem_S_TY-29_573_83472_rgi.txt,Susceptible,458,train,573.83472,
Kp_ertapenem_S_TY-3_573_83498_rgi.txt,Susceptible,35,train,573.83498,
Kp_ertapenem_S_TY-30_573_77927_rgi.txt,Susceptible,24,train,573.77927,
Kp_ertapenem_S_TY-31_573_83469_rgi.txt,Susceptible,Unknown,validation,573.83469,
Kp_ertapenem_S_TY-32_573_83473_rgi.txt,Susceptible,Unknown,validation,573.83473,
Kp_ertapenem_S_TY-33_573_83511_rgi.txt,Susceptible,1,validation,573.83511,
Kp_ertapenem_S_TY-34_573_83471_rgi.txt,Susceptible,Unknown,validation,573.83471,
Kp_ertapenem_S_TY-35_573_83514_rgi.txt,Susceptible,Unknown,validation,573.83514,
Kp_ertapenem_S_TY-36_573_77553_rgi.txt,Susceptible,Unknown,validation,573.77553,
Kp_ertapenem_S_TY-39_573_83515_rgi.txt,Susceptible,514,train,573.83515,
Kp_ertapenem_S_TY-4_573_83499_rgi.txt,Susceptible,490,train,573.83499,
Kp_ertapenem_S_TY-6_573_83497_rgi.txt,Susceptible,1436,train,573.83497,
Kp_ertapenem_S_TY-9_573_83495_rgi.txt,Susceptible,35,train,573.83495,
Kp_ertapenem_S_U1093_573_78518_rgi.txt,Susceptible,855,train,573.78518,
Kp_ertapenem_S_UHD-2018_573_78621_rgi.txt,Susceptible,628,train,573.78621,
Kp_ertapenem_S_VRI_FBI_612_573_81825_rgi.txt,Susceptible,14,train,573.81825,
Kp_ertapenem_S_VRI_FBI_613_573_81826_rgi.txt,Susceptible,14,train,573.81826,
Kp_ertapenem_S_VSF1021_573_77708_rgi.txt,Susceptible,15,train,573.77708,
Kp_ertapenem_S_VSF1024_573_77707_rgi.txt,Susceptible,15,train,573.77707,
Kp_ertapenem_S_VSI78_573_80977_rgi.txt,Susceptible,37,train,573.80977,
Kp_ertapenem_S_W1-4-ERY6_G__573_5819_rgi.txt,Susceptible,35,train,573.5819,
Kp_ertapenem_S_W1-5-ERG6_573_7096_rgi.txt,Susceptible,39,train,573.7096,
Kp_ertapenem_S_W162_573_77901_rgi.txt,Susceptible,580,train,573.77901,
Kp_ertapenem_S_W2-1-ERG1_573_5804_rgi.txt,Susceptible,1966,train,573.5804,
Kp_ertapenem_S_W2-1-ERG2_573_5812_rgi.txt,Susceptible,3838,train,573.5812,
Kp_ertapenem_S_W2-1-ERG5_573_5694_rgi.txt,Susceptible,462,train,573.5694,
Kp_ertapenem_S_W2-1-ERY5_G__573_5676_rgi.txt,Susceptible,1966,train,573.5676,
Kp_ertapenem_S_W2-11-ERG2_573_5712_rgi.txt,Susceptible,3172,train,573.5712,
Kp_ertapenem_S_W2-13-ERG1_573_5821_rgi.txt,Susceptible,895,train,573.5821,
Kp_ertapenem_S_W2-13-ERG11_573_5722_rgi.txt,Susceptible,895,train,573.5722,
Kp_ertapenem_S_W2-13-ERG2_573_5822_rgi.txt,Susceptible,895,train,573.5822,
Kp_ertapenem_S_W2-13-ERG3_573_5823_rgi.txt,Susceptible,2355,validation,573.5823,
Kp_ertapenem_S_W2-13-ERG4_573_5716_rgi.txt,Susceptible,2355,validation,573.5716,
Kp_ertapenem_S_W2-13-ERG5_573_5717_rgi.txt,Susceptible,895,train,573.5717,
Kp_ertapenem_S_W2-13-ERG7_573_5825_rgi.txt,Susceptible,895,train,573.5825,
Kp_ertapenem_S_W2-13-ERG8_573_5826_rgi.txt,Susceptible,895,train,573.5826,
Kp_ertapenem_S_W2-4-ERG4_573_5706_rgi.txt,Susceptible,15,train,573.5706,
Kp_ertapenem_S_W2-5-ERG4_573_5683_rgi.txt,Susceptible,37,train,573.5683,
Kp_ertapenem_S_W2-5-ERG5_573_5816_rgi.txt,Susceptible,35,train,573.5816,
Kp_ertapenem_S_W2-5-ERG6_573_5726_rgi.txt,Susceptible,35,train,573.5726,
Kp_ertapenem_S_W2-5-ERG8_573_5820_rgi.txt,Susceptible,35,train,573.582,
Kp_ertapenem_S_W2-9-ERG1_573_5709_rgi.txt,Susceptible,761,validation,573.5709,
Kp_ertapenem_S_W2-9-ERG10_573_5711_rgi.txt,Susceptible,3839,train,573.5711,
Kp_ertapenem_S_W247_573_77900_rgi.txt,Susceptible,107,train,573.779,
Kp_ertapenem_S_W91_573_77902_rgi.txt,Susceptible,37,train,573.77902,
Kp_ertapenem_S_X240211162_573_81647_rgi.txt,Susceptible,Unknown,validation,573.81647,
Kp_ertapenem_S_YZ22CS023_573_80815_rgi.txt,Susceptible,1944,train,573.80815,
Kp_ertapenem_S_YZ22CS070_573_80813_rgi.txt,Susceptible,6262,train,573.80813,
Kp_ertapenem_S_YZ22CS072_573_80820_rgi.txt,Susceptible,6262,train,573.8082,
Kp_ertapenem_S_YZ22CS088_573_80811_rgi.txt,Susceptible,15,train,573.80811,
Kp_ertapenem_S_YZ22CS089_573_80810_rgi.txt,Susceptible,15,train,573.8081,
Kp_ertapenem_S_YZ22CS094_573_80812_rgi.txt,Susceptible,5982,train,573.80812,
Kp_ertapenem_S_ZR154_573_81532_rgi.txt,Susceptible,147,validation,573.81532,
Kp_ertapenem_S_ZR158_573_81531_rgi.txt,Susceptible,307,validation,573.81531,
Kp_ertapenem_S_ZR163_573_81530_rgi.txt,Susceptible,1,validation,573.8153,
Kp_ertapenem_S_ZR229_573_81529_rgi.txt,Susceptible,65,train,573.81529,
Kp_ertapenem_S_ZR232_573_81524_rgi.txt,Susceptible,65,train,573.81524,
Kp_ertapenem_S_ZR309_573_81526_rgi.txt,Susceptible,35,train,573.81526,
Kp_ertapenem_S_ZR367_573_81528_rgi.txt,Susceptible,656,train,573.81528,
Kp_ertapenem_S_ZR416_573_81525_rgi.txt,Susceptible,12,train,573.81525,
Kp_ertapenem_S_ZR710_573_81537_rgi.txt,Susceptible,16,train,573.81537,
Kp_ertapenem_S_ZR719_573_81536_rgi.txt,Susceptible,514,train,573.81536,
Kp_ertapenem_S_ZR793_573_81535_rgi.txt,Susceptible,11,train,573.81535,
Kp_ertapenem_S_Zagreb002_573_81990_rgi.txt,Susceptible,392,train,573.8199,
Kp_ertapenem_S_Zagreb006_573_81964_rgi.txt,Susceptible,15,train,573.81964,
Kp_ertapenem_S_Zagreb007_573_81981_rgi.txt,Susceptible,15,train,573.81981,
Kp_ertapenem_S_Zagreb008_573_81962_rgi.txt,Susceptible,15,train,573.81962,
Kp_ertapenem_S_Zagreb009_573_81992_rgi.txt,Susceptible,392,train,573.81992,
Kp_ertapenem_S_Zagreb012_573_81960_rgi.txt,Susceptible,15,train,573.8196,
Kp_ertapenem_S_Zagreb013_573_81967_rgi.txt,Susceptible,392,train,573.81967,
Kp_ertapenem_S_Zagreb014_573_81973_rgi.txt,Susceptible,15,train,573.81973,
Kp_ertapenem_S_Zagreb015_573_81952_rgi.txt,Susceptible,15,train,573.81952,
Kp_ertapenem_S_Zagreb018_573_81961_rgi.txt,Susceptible,15,train,573.81961,
Kp_ertapenem_S_Zagreb019_573_81970_rgi.txt,Susceptible,15,train,573.8197,
Kp_ertapenem_S_Zagreb020_573_81985_rgi.txt,Susceptible,15,train,573.81985,
Kp_ertapenem_S_Zagreb023_573_81974_rgi.txt,Susceptible,15,train,573.81974,
Kp_ertapenem_S_Zagreb024_573_81977_rgi.txt,Susceptible,15,train,573.81977,
Kp_ertapenem_S_Zagreb025_573_81947_rgi.txt,Susceptible,15,train,573.81947,
Kp_ertapenem_S_Zagreb027_573_81989_rgi.txt,Susceptible,15,train,573.81989,
Kp_ertapenem_S_Zagreb028_573_81972_rgi.txt,Susceptible,15,train,573.81972,
Kp_ertapenem_S_Zagreb029_573_81988_rgi.txt,Susceptible,15,train,573.81988,
Kp_ertapenem_S_Zagreb030_573_81957_rgi.txt,Susceptible,15,train,573.81957,
Kp_ertapenem_S_Zagreb031_573_81958_rgi.txt,Susceptible,15,train,573.81958,
Kp_ertapenem_S_Zagreb032_573_81959_rgi.txt,Susceptible,15,train,573.81959,
Kp_ertapenem_S_Zagreb033_573_81971_rgi.txt,Susceptible,15,train,573.81971,
Kp_ertapenem_S_Zagreb034_573_81956_rgi.txt,Susceptible,15,train,573.81956,
Kp_ertapenem_S_Zagreb036_573_81951_rgi.txt,Susceptible,274,train,573.81951,
Kp_ertapenem_S_Zagreb038_573_81975_rgi.txt,Susceptible,101,validation,573.81975,
Kp_ertapenem_S_Zagreb041_573_81986_rgi.txt,Susceptible,Unknown,validation,573.81986,
Kp_ertapenem_S_Zagreb042_573_81987_rgi.txt,Susceptible,15,train,573.81987,
Kp_ertapenem_S_Zagreb043_573_81949_rgi.txt,Susceptible,15,train,573.81949,
Kp_ertapenem_S_Zagreb044_573_81948_rgi.txt,Susceptible,15,train,573.81948,
Kp_ertapenem_S_Zagreb045_573_81984_rgi.txt,Susceptible,147,validation,573.81984,
Kp_ertapenem_S_Zagreb046_573_81955_rgi.txt,Susceptible,15,train,573.81955,
Kp_ertapenem_S_Zagreb047_573_81991_rgi.txt,Susceptible,392,train,573.81991,
Kp_ertapenem_S_dzg20160706_573_78603_rgi.txt,Susceptible,375,train,573.78603,
Kp_ertapenem_S_et55_573_77694_rgi.txt,Susceptible,15,train,573.77694,
Kp_ertapenem_S_fly-273_573_78071_rgi.txt,Susceptible,37,train,573.78071,
Kp_ertapenem_S_fly-284_573_78070_rgi.txt,Susceptible,111,validation,573.7807,
Kp_ertapenem_S_fly-298_573_78069_rgi.txt,Susceptible,Unknown,validation,573.78069,
Kp_ertapenem_S_fly-307_573_78068_rgi.txt,Susceptible,37,train,573.78068,
Kp_ertapenem_S_fly-402_573_78074_rgi.txt,Susceptible,222,train,573.78074,
Kp_ertapenem_S_fly-517_573_78073_rgi.txt,Susceptible,Unknown,validation,573.78073,
Kp_ertapenem_S_fly-600_573_78072_rgi.txt,Susceptible,Unknown,validation,573.78072,
Kp_ertapenem_S_hvKP_249_573_78482_rgi.txt,Susceptible,65,train,573.78482,
Kp_ertapenem_S_hvKP_287_573_78314_rgi.txt,Susceptible,1049,train,573.78314,
Kp_ertapenem_S_hvKP_366_573_78191_rgi.txt,Susceptible,412,validation,573.78191,
Kp_ertapenem_S_kp112_573_81350_rgi.txt,Susceptible,76,train,573.8135,
Kp_ertapenem_S_kp123_573_81349_rgi.txt,Susceptible,76,train,573.81349,
Kp_ertapenem_S_kp124_573_81351_rgi.txt,Susceptible,76,train,573.81351,
Kp_ertapenem_S_kp128_573_81352_rgi.txt,Susceptible,76,train,573.81352,
Kp_ertapenem_S_kp130_573_81354_rgi.txt,Susceptible,76,train,573.81354,
Kp_ertapenem_S_kp13BYS_573_81353_rgi.txt,Susceptible,1985,validation,573.81353,
Kp_ertapenem_S_kp16GYS_573_81356_rgi.txt,Susceptible,12,train,573.81356,
Kp_ertapenem_S_kp17BYS_573_81355_rgi.txt,Susceptible,200,train,573.81355,
Kp_ertapenem_S_kp1GYS_573_81357_rgi.txt,Susceptible,491,train,573.81357,
Kp_ertapenem_S_kp20BYS_573_81358_rgi.txt,Susceptible,Unknown,validation,573.81358,
Kp_ertapenem_S_kp2GYS_573_81359_rgi.txt,Susceptible,491,train,573.81359,
Kp_ertapenem_S_kp332_573_81361_rgi.txt,Susceptible,405,validation,573.81361,
Kp_ertapenem_S_kp335_573_81362_rgi.txt,Susceptible,200,train,573.81362,
Kp_ertapenem_S_kp43BYS_573_81364_rgi.txt,Susceptible,857,train,573.81364,
Kp_ertapenem_S_kp593_573_81360_rgi.txt,Susceptible,Unknown,validation,573.8136,
Kp_ertapenem_S_kp5BYS_573_81363_rgi.txt,Susceptible,857,train,573.81363,
Kp_ertapenem_S_kp5GYS_573_81365_rgi.txt,Susceptible,491,train,573.81365,
Kp_ertapenem_S_kp603_573_81366_rgi.txt,Susceptible,Unknown,validation,573.81366,
Kp_ertapenem_S_kp617_573_81368_rgi.txt,Susceptible,14,train,573.81368,
Kp_ertapenem_S_kp622_573_81367_rgi.txt,Susceptible,37,train,573.81367,
Kp_ertapenem_S_kp628_573_81369_rgi.txt,Susceptible,Unknown,validation,573.81369,
Kp_ertapenem_S_kp647_573_81372_rgi.txt,Susceptible,147,validation,573.81372,
Kp_ertapenem_S_kp681_573_81373_rgi.txt,Susceptible,294,validation,573.81373,
Kp_ertapenem_S_kp684_573_81374_rgi.txt,Susceptible,605,train,573.81374,
Kp_ertapenem_S_kp6BYS_573_81375_rgi.txt,Susceptible,491,train,573.81375,
Kp_ertapenem_S_kp6GYS_573_81371_rgi.txt,Susceptible,491,train,573.81371,
Kp_ertapenem_S_kp710_573_81376_rgi.txt,Susceptible,Unknown,validation,573.81376,
Kp_ertapenem_S_kp93_573_81378_rgi.txt,Susceptible,252,train,573.81378,
Kp_ertapenem_S_kpA667g5f_573_81383_rgi.txt,Susceptible,Unknown,validation,573.81383,
Kp_ertapenem_S_kpA710m5p_573_81386_rgi.txt,Susceptible,Unknown,validation,573.81386,
Kp_ertapenem_S_kpL15N_573_81380_rgi.txt,Susceptible,29,train,573.8138,
Kp_ertapenem_S_kpMH01_573_81384_rgi.txt,Susceptible,Unknown,validation,573.81384,
Kp_ertapenem_S_kpXJ_573_81387_rgi.txt,Susceptible,Unknown,validation,573.81387,
Kp_ertapenem_S_kpY40B_573_81379_rgi.txt,Susceptible,857,train,573.81379,
Kp_ertapenem_S_kpY41GYS_573_81382_rgi.txt,Susceptible,611,train,573.81382,
Kp_ertapenem_S_kpY43B_573_81381_rgi.txt,Susceptible,857,train,573.81381,
Kp_ertapenem_S_kpYF3YS_573_81385_rgi.txt,Susceptible,Unknown,validation,573.81385,
