genome_id,y_true,y_score,y_score_mil,fold,has_carbapenemase,ST
GCA_000401195.1,1,0.70938736,0.6767534613609314,1,1.0,258
GCA_000406425.1,1,0.70938736,0.6767534613609314,1,1.0,258
GCA_000406445.1,1,0.3695861,0.5840339660644531,1,1.0,258
GCA_000406465.1,1,0.59237105,0.6586371064186096,1,1.0,258
GCA_000406485.1,1,0.70938736,0.6767534613609314,1,1.0,258
GCA_000406545.1,1,0.73334444,0.911337673664093,1,1.0,258
GCA_000406565.1,1,0.70938736,0.6767534613609314,1,1.0,258
GCA_000406585.1,1,0.70938736,0.6767534613609314,1,1.0,258
GCA_000406605.1,1,0.70938736,0.6767534613609314,1,1.0,258
GCA_000406625.1,1,0.70938736,0.6767534613609314,1,1.0,258
GCA_000406645.1,1,0.70938736,0.6767534613609314,1,1.0,258
GCA_000406665.1,1,0.70938736,0.6767534613609314,1,1.0,258
GCA_000406685.1,1,0.87724346,0.8927496671676636,1,1.0,258
GCA_000406705.1,1,0.7220599,0.6828249096870422,1,1.0,258
GCA_000406725.1,1,0.31180692,0.5166564583778381,1,1.0,258
GCA_000406745.1,1,0.19408086,0.4773714542388916,1,1.0,258
GCA_000406825.1,1,0.38306794,0.5392258763313293,1,1.0,258
GCA_000406845.1,1,0.70938736,0.6767534613609314,1,1.0,258
GCA_000406865.1,1,0.31180692,0.5166564583778381,1,1.0,258
GCA_000406885.1,1,0.7220599,0.6828249096870422,1,1.0,258
GCA_000408965.1,1,0.7112598,0.6843299269676208,1,1.0,258
GCA_000409005.1,1,0.31180692,0.5166564583778381,1,1.0,258
GCA_000409045.1,1,0.70938736,0.6767534613609314,1,1.0,258
GCA_000417045.1,1,0.73334444,0.911337673664093,1,1.0,258
GCA_000417065.1,1,0.70938736,0.6767534613609314,1,1.0,258
GCA_000417105.1,1,0.70938736,0.6767534613609314,1,1.0,258
GCA_000417125.1,1,0.70938736,0.6767534613609314,1,1.0,258
GCA_000417165.1,1,0.7220599,0.6828249096870422,1,1.0,258
GCA_000417185.1,1,0.7220599,0.6828249096870422,1,1.0,258
GCA_000417205.1,1,0.8853513,0.8586000800132751,1,1.0,258
GCA_000417385.1,1,0.70938736,0.6767534613609314,1,1.0,258
GCA_000417405.1,1,0.7112598,0.6837627291679382,1,1.0,258
GCA_000417425.1,1,0.7220599,0.6828249096870422,1,1.0,258
GCA_000566945.1,1,0.35382348,0.5561585426330566,1,1.0,258
GCA_000566985.1,1,0.10946715,0.3992845118045807,1,1.0,258
GCA_002056475.1,1,0.19003566,0.385432481765747,1,1.0,258
GCA_002180155.1,1,0.7484728,0.8781576752662659,1,1.0,258
GCA_002197225.1,1,0.552713,0.6032016277313232,1,1.0,258
GCA_002202275.1,1,0.46367353,0.5565502047538757,1,1.0,1161
GCA_002796405.1,0,0.4172554,0.555194079875946,1,1.0,150
GCA_002918815.1,1,0.7374223,0.6493145823478699,1,1.0,197
GCA_002968475.1,1,0.7692215,0.7117064595222473,1,1.0,258
GCA_002968495.1,1,0.59237105,0.6586371064186096,1,1.0,258
GCA_003071305.1,1,0.8877358,0.8562121987342834,1,1.0,34
GCA_003073315.1,1,0.8877358,0.8562121987342834,1,1.0,34
GCA_003186535.1,0,0.07452676,0.1011446639895439,1,1.0,983
GCA_003194325.1,1,0.3934695,0.5345517992973328,1,1.0,17
GCA_003204465.1,1,0.8877358,0.8568122982978821,1,1.0,34
GCA_003571585.1,1,0.21930993,0.3476201891899109,1,1.0,36
GCA_003950535.1,1,0.8316041,0.682717502117157,1,1.0,731
GCA_004924315.1,1,0.63104886,0.5724837779998779,1,1.0,23
GCA_014840325.1,1,0.08282324,0.254856526851654,1,1.0,17
GCA_014842715.1,1,0.28855705,0.4253665208816528,1,1.0,736
GCA_014842775.1,0,0.5015919,0.5731707811355591,1,1.0,736
GCA_014946955.1,1,0.5015919,0.5730214715003967,1,1.0,736
GCA_019927265.1,1,0.5318173,0.5854271054267883,1,1.0,258
GCA_019927305.1,0,0.28138152,0.6170512437820435,1,1.0,34
GCA_019927425.1,0,0.075585455,0.1436976343393325,1,1.0,485
GCA_019927465.1,0,0.07452676,0.1905356794595718,1,1.0,70
GCA_019927765.1,0,0.1998788,0.3662213087081909,1,1.0,661
GCA_019927805.1,1,0.074088104,0.1992300897836685,1,1.0,244
GCA_019927965.1,0,0.07452676,0.0673317313194274,1,1.0,43
GCA_019928025.1,0,0.07697517,0.2287482172250747,1,1.0,1399
GCA_019928245.1,0,0.07452676,0.1894273459911346,1,1.0,471
GCA_019928345.1,0,0.07452676,0.2276409864425659,1,1.0,44
GCA_019928395.1,1,0.42092887,0.5081169605255127,1,1.0,2071
GCA_019928485.1,0,0.27691802,0.4751182198524475,1,1.0,36
GCA_019928525.1,0,0.07452676,0.1785974502563476,1,1.0,2279
GCA_019928665.1,0,0.07452676,0.103159874677658,1,1.0,405
GCA_019930185.1,0,0.108471915,0.3793496489524841,1,1.0,309
GCA_019930355.1,0,0.1071622,0.3570069074630737,1,1.0,322
GCA_019930465.1,0,0.07656764,0.246544674038887,1,1.0,261
Kp_ertapenem_R_104kGOR21_573_81585,1,0.56306255,0.6353921294212341,1,,258
Kp_ertapenem_R_15006GOR17_573_81604,1,0.56306255,0.6353921294212341,1,,258
Kp_ertapenem_R_159Kpn_573_78755,1,0.30587,0.6258670091629028,1,,258
Kp_ertapenem_R_18535_573_82136,1,0.37313828,0.6362966299057007,1,,258
Kp_ertapenem_R_19_573_24258,1,0.7243396,0.7023642063140869,1,,43
Kp_ertapenem_R_20_573_24261,1,0.7243396,0.7023642063140869,1,,43
Kp_ertapenem_R_210057_573_80643,1,0.21834777,0.5048826336860657,1,,23
Kp_ertapenem_R_24-5_573_83586,1,0.31637394,0.5250644683837891,1,,23
Kp_ertapenem_R_25_573_24269,1,0.21930993,0.3476201891899109,1,,36
Kp_ertapenem_R_26968_5#1_573_66212,1,0.1514065,0.4613201320171356,1,,656
Kp_ertapenem_R_26994_8#183_573_66414,1,0.6259374,0.4531106054782867,1,,656
Kp_ertapenem_R_26994_8_181_573_66415,1,0.6259374,0.4531106054782867,1,,656
Kp_ertapenem_R_26_573_24271,1,0.53026307,0.5235421657562256,1,,34
Kp_ertapenem_R_27322_4#110_573_66528,1,0.1890998,0.4796255528926849,1,,656
Kp_ertapenem_R_27_573_24272,1,0.8877358,0.8562121987342834,1,,34
Kp_ertapenem_R_2_573_24260,1,0.8877358,0.8526903390884399,1,,34
Kp_ertapenem_R_31_573_24280,1,0.15404403,0.3544051349163055,1,,525
Kp_ertapenem_R_35011_573_78195,1,0.24588105,0.3884730041027069,1,,258
Kp_ertapenem_R_35088A_573_78194,1,0.7074697,0.7023897171020508,1,,258
Kp_ertapenem_R_35132A_573_78193,1,0.70938736,0.6766199469566345,1,,258
Kp_ertapenem_R_35161A_573_78196,1,0.8506466,0.7952608466148376,1,,17
Kp_ertapenem_R_35242_573_78192,1,0.53367275,0.6390746235847473,1,,258
Kp_ertapenem_R_35340A_573_78197,1,0.8791851,0.851706326007843,1,,258
Kp_ertapenem_R_3_573_24277,1,0.8877358,0.8520758748054504,1,,34
Kp_ertapenem_R_45071_573_77425,1,0.7220599,0.6828249096870422,1,,258
Kp_ertapenem_R_46704_573_77414,1,0.7220599,0.6828249096870422,1,,258
Kp_ertapenem_R_49856_573_77408,1,0.7220599,0.6828249096870422,1,,258
Kp_ertapenem_R_4_573_24297,1,0.53026307,0.5235421657562256,1,,34
Kp_ertapenem_R_5_573_24310,1,0.8877358,0.8535469174385071,1,,34
Kp_ertapenem_R_600GOR12_573_81565,1,0.72301835,0.6878790259361267,1,,258
Kp_ertapenem_R_637GOR12_573_81562,1,0.2588214,0.4860875606536865,1,,258
Kp_ertapenem_R_6386_573_79261,1,0.73904204,0.7455142140388489,1,,3
Kp_ertapenem_R_686GOR12_573_81615,1,0.2588214,0.4860875606536865,1,,258
Kp_ertapenem_R_6914_24_573_78745,1,0.27570367,0.4687906503677368,1,,152
Kp_ertapenem_R_86DZ10_573_81617,1,0.38052088,0.488832414150238,1,,258
Kp_ertapenem_R_8_573_24315,1,0.66578454,0.6831552982330322,1,,43
Kp_ertapenem_R_8_573_77739,1,0.7433848,0.767820417881012,1,,258
Kp_ertapenem_R_98_573_24317,1,0.2996141,0.6572909951210022,1,,1419
Kp_ertapenem_R_AN-75_573_83569,1,0.34816065,0.4851118326187134,1,,405
Kp_ertapenem_R_AR_0004_573_7028,1,0.2638413,0.5035399794578552,1,,258
Kp_ertapenem_R_AR_0005_573_7029,1,0.42543042,0.6001297831535339,1,,258
Kp_ertapenem_R_AR_0034_573_7030,1,0.50734466,0.5544101595878601,1,,17
Kp_ertapenem_R_AR_0039_573_7026,1,0.8877358,0.8568122982978821,1,,34
Kp_ertapenem_R_AR_0043_573_7023,1,0.1625432,0.4313446283340454,1,,244
Kp_ertapenem_R_AR_0080_573_17927,1,0.07452676,0.2976709008216858,1,,1224
Kp_ertapenem_R_C027_573_36695,1,0.08120281,0.208279550075531,1,,860
Kp_ertapenem_R_C034_573_36693,1,0.079651676,0.2725566923618316,1,,2
Kp_ertapenem_R_CFI_131_KPC2_573_77431,1,0.43187118,0.6074303388595581,1,,258
Kp_ertapenem_R_CFI_141_KPC3_573_77423,1,0.76448095,0.674248218536377,1,,258
Kp_ertapenem_R_CPE_E328_573_81062,1,0.28193197,0.6240644454956055,1,,17
Kp_ertapenem_R_CPE_E45_573_81135,1,0.38136685,0.5184242725372314,1,,23
Kp_ertapenem_R_CPE_E50_573_81137,1,0.14253637,0.4305064678192138,1,,23
Kp_ertapenem_R_FH-2_573_24319,1,0.8734583,0.8405863642692566,1,,258
Kp_ertapenem_R_FR21CRUS7211_573_84037,1,0.7220599,0.6828249096870422,1,,258
Kp_ertapenem_R_ICBKPS7_573_77907,1,0.87339956,0.7264862656593323,1,,258
Kp_ertapenem_R_ISTTKP0124_573_80932,1,0.8877358,0.9348130226135254,1,,661
Kp_ertapenem_R_K159_spring_573_92121,1,0.37468687,0.5178756713867188,1,,530
Kp_ertapenem_R_K1KPC_573_77618,1,0.24053797,0.4264410138130188,1,,258
Kp_ertapenem_R_K2KPC_573_77617,1,0.8612654,0.8575296401977539,1,,258
Kp_ertapenem_R_KP87_573_83599,1,0.09719801,0.4088076949119568,1,,1096
Kp_ertapenem_R_KpVA-2_573_1720,1,0.35382348,0.556037962436676,1,,258
Kp_ertapenem_R_KpVA-3_573_1721,1,0.7022477,0.689723789691925,1,,258
Kp_ertapenem_R_KpVA-5_573_1723,1,0.52202946,0.5315741300582886,1,,258
Kp_ertapenem_R_KpVA-6_573_1724,1,0.52202946,0.5315741300582886,1,,258
Kp_ertapenem_R_KpVA-7_573_1725,1,0.16851948,0.3606016337871551,1,,258
Kp_ertapenem_R_Kp_Goe__707967-2_573_77816,1,0.30587,0.6200466156005859,1,,258
Kp_ertapenem_R_Kpn2308-Lar_573_79375,1,0.7220599,0.6828249096870422,1,,258
Kp_ertapenem_R_Kpn2358-Lar_573_79371,1,0.7220599,0.6828249096870422,1,,258
Kp_ertapenem_R_Kpn8457-Lar_573_79360,1,0.7919537,0.9243469834327698,1,,258
Kp_ertapenem_R_Kpngiani7132566_573_29872,1,0.7220599,0.6828249096870422,1,,258
Kp_ertapenem_R_Kpngiani7132577_573_29887,1,0.22694927,0.5192775726318359,1,,258
Kp_ertapenem_R_Kpngiani7132579_573_29886,1,0.39703697,0.6224880218505859,1,,258
Kp_ertapenem_R_Kpngiani7132601_573_29914,1,0.8781159,0.7995988726615906,1,,3498
Kp_ertapenem_R_Kpngiani7132612_573_29904,1,0.43187118,0.6074303388595581,1,,258
Kp_ertapenem_R_LACPHL-BACT-2024-00162_573_77478,1,0.16329053,0.3644664883613586,1,,17
Kp_ertapenem_R_LACPHL-BACT-2024-00167_573_77480,1,0.0807269,0.1344346553087234,1,,258
Kp_ertapenem_R_LACPHL-BACT-2024-00215_573_77801,1,0.86313784,0.8216888904571533,1,,258
Kp_ertapenem_R_LACPHL-BACT-2024-00218_573_77781,1,0.086987205,0.3628704249858856,1,,17
Kp_ertapenem_R_LACPHL-BACT-2024-00223_573_77783,1,0.5879461,0.801159143447876,1,,258
Kp_ertapenem_R_LACPHL-BACT-2024-00254_573_78699,1,0.8859699,0.9447402954101562,1,,258
Kp_ertapenem_R_MRSN14213_573_24322,1,0.5044227,0.5003662109375,1,,258
Kp_ertapenem_R_MUGSI_102_573_24326,1,0.2775279,0.6196726560592651,1,,258
Kp_ertapenem_R_MUGSI_113_573_24331,1,0.41618872,0.50054931640625,1,,258
Kp_ertapenem_R_MUGSI_115_573_24333,1,0.7220599,0.6828249096870422,1,,258
Kp_ertapenem_R_MUGSI_122_573_24340,1,0.7220599,0.6828249096870422,1,,258
Kp_ertapenem_R_MUGSI_124_573_24341,1,0.2775279,0.6208515167236328,1,,258
Kp_ertapenem_R_MUGSI_126_573_24343,1,0.7220599,0.6828249096870422,1,,258
Kp_ertapenem_R_MUGSI_127_573_24344,1,0.3931079,0.5420149564743042,1,,258
Kp_ertapenem_R_MUGSI_128_573_24345,1,0.7220599,0.6828249096870422,1,,258
Kp_ertapenem_R_MUGSI_129_573_24346,1,0.7220599,0.6828249096870422,1,,258
Kp_ertapenem_R_MUGSI_131_573_24348,1,0.3086153,0.5682361125946045,1,,485
Kp_ertapenem_R_MUGSI_141_573_24353,1,0.41407278,0.4704933166503906,1,,834
Kp_ertapenem_R_MUGSI_142_573_24354,1,0.74513793,0.6457624435424805,1,,34
Kp_ertapenem_R_MUGSI_143_573_24355,1,0.6546433,0.6976668238639832,1,,258
Kp_ertapenem_R_MUGSI_146_573_24356,1,0.7220599,0.6828249096870422,1,,258
Kp_ertapenem_R_MUGSI_149_573_24357,1,0.7220599,0.6828249096870422,1,,258
Kp_ertapenem_R_MUGSI_153_573_24359,1,0.7220599,0.6828249096870422,1,,258
Kp_ertapenem_R_MUGSI_157_573_24360,1,0.41618872,0.50054931640625,1,,258
Kp_ertapenem_R_MUGSI_165_573_24366,1,0.7220599,0.6828249096870422,1,,258
Kp_ertapenem_R_MUGSI_166_573_24367,1,0.41111228,0.584449052810669,1,,258
Kp_ertapenem_R_MUGSI_16_573_24363,1,0.7220599,0.6828249096870422,1,,258
Kp_ertapenem_R_MUGSI_173_573_24368,1,0.7220599,0.6828249096870422,1,,258
Kp_ertapenem_R_MUGSI_181_573_24370,1,0.85277754,0.9870670437812804,1,,258
Kp_ertapenem_R_MUGSI_191_573_24374,1,0.7220599,0.6828249096870422,1,,258
Kp_ertapenem_R_MUGSI_194_573_24375,1,0.7220599,0.6828249096870422,1,,258
Kp_ertapenem_R_MUGSI_22_573_24379,1,0.7022477,0.689723789691925,1,,258
Kp_ertapenem_R_MUGSI_23_573_24382,1,0.7220599,0.6828249096870422,1,,258
Kp_ertapenem_R_MUGSI_307_573_24390,1,0.8877358,0.9693822264671326,1,,258
Kp_ertapenem_R_MUGSI_30_573_24389,1,0.7220599,0.6828249096870422,1,,258
Kp_ertapenem_R_MUGSI_31_573_24393,1,0.7220599,0.6828249096870422,1,,258
Kp_ertapenem_R_MUGSI_32_573_24401,1,0.7220599,0.6828249096870422,1,,258
Kp_ertapenem_R_MUGSI_33_573_24403,1,0.7220599,0.6828249096870422,1,,258
Kp_ertapenem_R_MUGSI_34_573_24404,1,0.7220599,0.6828249096870422,1,,258
Kp_ertapenem_R_MUGSI_35_573_24405,1,0.19339593,0.3236739933490753,1,,258
Kp_ertapenem_R_MUGSI_37_573_24406,1,0.7220599,0.6828249096870422,1,,258
Kp_ertapenem_R_MUGSI_43_573_24412,1,0.7220599,0.6828249096870422,1,,258
Kp_ertapenem_R_MUGSI_46_573_24414,1,0.7692215,0.7117064595222473,1,,258
Kp_ertapenem_R_MUGSI_49_573_24415,1,0.09172182,0.3633644580841064,1,,258
Kp_ertapenem_R_MUGSI_4_573_24409,1,0.7220599,0.6828249096870422,1,,258
Kp_ertapenem_R_MUGSI_57_573_24421,1,0.85277754,0.9870670437812804,1,,258
Kp_ertapenem_R_MUGSI_58_573_24422,1,0.8436208,0.9023948311805724,1,,258
Kp_ertapenem_R_MUGSI_59_573_24423,1,0.7220599,0.6828249096870422,1,,258
Kp_ertapenem_R_MUGSI_61_573_24424,1,0.7220599,0.6828249096870422,1,,258
Kp_ertapenem_R_MUGSI_63_573_24425,1,0.7220599,0.6828249096870422,1,,258
Kp_ertapenem_R_MUGSI_65_573_24427,1,0.7220599,0.6828249096870422,1,,258
Kp_ertapenem_R_MUGSI_68_573_24430,1,0.24586716,0.4516892731189728,1,,258
Kp_ertapenem_R_MUGSI_74_573_24433,1,0.7220599,0.6828249096870422,1,,258
Kp_ertapenem_R_MUGSI_75_573_24434,1,0.70938736,0.6767534613609314,1,,258
Kp_ertapenem_R_MUGSI_76_573_24435,1,0.7220599,0.6828249096870422,1,,258
Kp_ertapenem_R_MUGSI_77_573_24436,1,0.8436208,0.902308702468872,1,,258
Kp_ertapenem_R_MUGSI_78_573_24437,1,0.7220599,0.6828249096870422,1,,258
Kp_ertapenem_R_MUGSI_86_573_24445,1,0.30587,0.6278371214866638,1,,258
Kp_ertapenem_R_MUGSI_88_573_24447,1,0.7220599,0.6828249096870422,1,,258
Kp_ertapenem_R_MUGSI_8_573_24439,1,0.7220599,0.6828249096870422,1,,258
Kp_ertapenem_R_MUGSI_92_573_24450,1,0.7220599,0.6828249096870422,1,,258
Kp_ertapenem_R_MUGSI_94_573_24451,1,0.7220599,0.6828249096870422,1,,258
Kp_ertapenem_R_MUGSI_95_573_24452,1,0.7220599,0.6828249096870422,1,,258
Kp_ertapenem_R_MUGSI_96_573_24453,1,0.7220599,0.6828249096870422,1,,258
Kp_ertapenem_R_MUGSI_97_573_24454,1,0.7220599,0.6828249096870422,1,,258
Kp_ertapenem_R_MUGSI_98_573_24455,1,0.7220599,0.6828249096870422,1,,258
Kp_ertapenem_R_PB463_573_5698,1,0.07697517,0.3303901851177215,1,,1318
Kp_ertapenem_R_PB509_573_5811,1,0.13984185,0.4323030114173889,1,,1318
Kp_ertapenem_R_PS-5_573_83536,1,0.8774467,0.8873022794723511,1,,395
Kp_ertapenem_R_RHURS_0039_573_79178,1,0.7220599,0.6828249096870422,1,,258
Kp_ertapenem_R_SKLX034833_573_78392,1,0.205203,0.4506615698337555,1,,152
Kp_ertapenem_R_W2-15-ERG14_573_5719,1,0.8688761,0.7154240012168884,1,,3837
Kp_ertapenem_R_W2-15-ERG3_573_5824,1,0.7049227,0.621239423751831,1,,3837
Kp_ertapenem_S_10034940-1_573_77537,0,0.8506466,0.7955787181854248,1,,23
Kp_ertapenem_S_10034940-3_573_77540,0,0.8506466,0.7955787181854248,1,,23
Kp_ertapenem_S_10035210-1_573_81907,0,0.07452676,0.2588057219982147,1,,1653
Kp_ertapenem_S_10035210-3_573_77543,0,0.07452676,0.2588057219982147,1,,1653
Kp_ertapenem_S_1030572_573_81050,0,0.07824483,0.174480602145195,1,,23
Kp_ertapenem_S_107_kpn_573_78054,0,0.07452676,0.1210089549422264,1,,23
Kp_ertapenem_S_1134E14_573_81574,0,0.29334685,0.5476455092430115,1,,395
Kp_ertapenem_S_1173SG22_573_81557,0,0.07452676,0.136781245470047,1,,23
Kp_ertapenem_S_1198_23_573_78744,0,0.07452676,0.1164622157812118,1,,23
Kp_ertapenem_S_1209_573_80915,0,0.08225942,0.2964648306369781,1,,870
Kp_ertapenem_S_1214_573_80913,0,0.35495946,0.4156398773193359,1,,231
Kp_ertapenem_S_1216_573_80917,0,0.71775895,0.7179521322250366,1,,231
Kp_ertapenem_S_1274M7018_573_81597,0,0.08313855,0.3620664775371551,1,,231
Kp_ertapenem_S_1333_kpn_573_78046,0,0.8367061,0.732352614402771,1,,395
Kp_ertapenem_S_1385_573_83961,0,0.07452676,0.0872911438345909,1,,377
Kp_ertapenem_S_1386_573_83978,0,0.07452676,0.0884652808308601,1,,377
Kp_ertapenem_S_1391_573_83977,0,0.07452676,0.0884652808308601,1,,377
Kp_ertapenem_S_1456_kpn_573_78044,0,0.08118734,0.2196721136569976,1,,395
Kp_ertapenem_S_1759SG22_573_81573,0,0.10185252,0.2782813012599945,1,,395
Kp_ertapenem_S_18Gaza2023_573_81701,0,0.15005718,0.4288312792778015,1,,353
Kp_ertapenem_S_1909kSG22_573_81602,0,0.14760171,0.3625741302967071,1,,395
Kp_ertapenem_S_191_kpn_573_78050,0,0.07452676,0.1094675362110138,1,,377
Kp_ertapenem_S_1937kSG22_573_81607,0,0.5129354,0.4989013671875,1,,395
Kp_ertapenem_S_195C6_573_78169,0,0.07452676,0.1126488968729972,1,,405
Kp_ertapenem_S_19BUR14_573_81605,0,0.07452676,0.1032050549983978,1,,218
Kp_ertapenem_S_19_573_77736,0,0.09664816,0.4060668349266052,1,,353
Kp_ertapenem_S_2-C37-1_573_77824,0,0.106771946,0.3241384327411651,1,,231
Kp_ertapenem_S_2020CK-00441_573_83694,0,0.5552119,0.6045448184013367,1,,23
Kp_ertapenem_S_20IR1021_573_79432,0,0.1819933,0.4931034743785858,1,,17
Kp_ertapenem_S_2110_2SG22_573_81549,0,0.14043066,0.2305730730295181,1,,395
Kp_ertapenem_S_227J7_573_78156,0,0.21582028,0.3465689420700073,1,,383
Kp_ertapenem_S_229D3_573_78157,0,0.14660026,0.3847387433052063,1,,383
Kp_ertapenem_S_22BUR14_573_81614,0,0.07452676,0.1098489239811897,1,,218
Kp_ertapenem_S_2424koDZ24_573_81621,0,0.07452676,0.13992440700531,1,,23
Kp_ertapenem_S_2468_22_573_78734,0,0.23520139,0.4483055174350738,1,,395
Kp_ertapenem_S_246_573_24268,0,0.07892734,0.253098726272583,1,,17
Kp_ertapenem_S_257J6_573_78149,0,0.11348971,0.3511441648006439,1,,17
Kp_ertapenem_S_25Gaza2023_573_81695,0,0.15005718,0.4288312792778015,1,,353
Kp_ertapenem_S_2634E14_573_81578,0,0.07452676,0.1069701388478279,1,,218
Kp_ertapenem_S_2673_22_573_78711,0,0.4376494,0.4647800922393799,1,,17
Kp_ertapenem_S_2727_22_573_78750,0,0.07452676,0.1315353661775589,1,,23
Kp_ertapenem_S_281_573_83958,0,0.07452676,0.0872911438345909,1,,377
Kp_ertapenem_S_2858_22_573_78727,0,0.8781159,0.7995988726615906,1,,395
Kp_ertapenem_S_3008_kpn_573_78039,0,0.07452676,0.1155109927058219,1,,23
Kp_ertapenem_S_3018_kpn_573_78035,0,0.07452676,0.1094675362110138,1,,377
Kp_ertapenem_S_302-3b_573_84000,0,0.07452676,0.1113861128687858,1,,168
Kp_ertapenem_S_3025_kpn_573_78033,0,0.07452676,0.1309785693883896,1,,23
Kp_ertapenem_S_3050_kpn_573_78026,0,0.54129153,0.6793098449707031,1,,395
Kp_ertapenem_S_3057_kpn_573_78025,0,0.87065524,0.7550053000450134,1,,395
Kp_ertapenem_S_3067_kpn_573_78021,0,0.44510674,0.5624168515205383,1,,395
Kp_ertapenem_S_3076_kpn_573_78019,0,0.10549629,0.3150506913661957,1,,395
Kp_ertapenem_S_3111_kpn_573_78013,0,0.10549629,0.3150506913661957,1,,395
Kp_ertapenem_S_3153DZ24_573_81550,0,0.098443486,0.3009252846240997,1,,395
Kp_ertapenem_S_3170_1SG22_573_81612,0,0.14856847,0.3529541492462158,1,,395
Kp_ertapenem_S_3200PDZ24_573_81593,0,0.119788386,0.1949993818998336,1,,395
Kp_ertapenem_S_3261_573_79054,0,0.07697517,0.2154951691627502,1,,395
Kp_ertapenem_S_328-1b_573_83437,0,0.34816065,0.483282595872879,1,,405
Kp_ertapenem_S_3420_22_573_78733,0,0.2651441,0.377655416727066,1,,395
Kp_ertapenem_S_3440PDZ24_573_81570,0,0.3122375,0.4643550217151642,1,,395
Kp_ertapenem_S_344B3_573_78126,0,0.14660026,0.3852300941944122,1,,73
Kp_ertapenem_S_346-3b_573_83427,0,0.12824674,0.2843275368213653,1,,696
Kp_ertapenem_S_354J5_573_78135,0,0.079073474,0.1942531615495681,1,,17
Kp_ertapenem_S_3635_22_573_78730,0,0.12277039,0.4184592664241791,1,,395
Kp_ertapenem_S_36_573_24290,0,0.37034333,0.5431662201881409,1,,258
Kp_ertapenem_S_3873pDZ24_573_81611,0,0.10097182,0.3898078203201294,1,,1079
Kp_ertapenem_S_415_573_24302,0,0.07452676,0.1188956722617149,1,,405
Kp_ertapenem_S_42BUR11_573_81556,0,0.07452676,0.1086609736084938,1,,218
Kp_ertapenem_S_4435_1SG22_573_81589,0,0.304539,0.4670886695384979,1,,395
Kp_ertapenem_S_4436mSG22_573_81567,0,0.07452676,0.1345767527818679,1,,23
Kp_ertapenem_S_4482_1SG22_573_81620,0,0.10632008,0.2328453212976455,1,,395
Kp_ertapenem_S_4492_1SG22_573_81584,0,0.10705074,0.2699265778064728,1,,395
Kp_ertapenem_S_48HiT18_573_83692,0,0.07452676,0.1835936307907104,1,,17
Kp_ertapenem_S_5378_22_573_78721,0,0.099070646,0.2651425004005432,1,,395
Kp_ertapenem_S_55508_573_77914,0,0.6354765,0.6189243793487549,1,,17
Kp_ertapenem_S_573_82137_573_82137,0,0.69320506,0.6384127140045166,1,,395
Kp_ertapenem_S_5_kpn_573_78059,0,0.07452676,0.1154112443327903,1,,23
Kp_ertapenem_S_6228_22_573_78749,0,0.07452676,0.1205940768122673,1,,23
Kp_ertapenem_S_669M7017_573_81560,0,0.07452676,0.1334716826677322,1,,54
Kp_ertapenem_S_6700152_573_83664,0,0.34816065,0.483282595872879,1,,405
Kp_ertapenem_S_6700324_573_83666,0,0.34816065,0.483282595872879,1,,405
Kp_ertapenem_S_6700703-2_573_81676,0,0.15241866,0.3989332020282745,1,,983
Kp_ertapenem_S_6715863_573_83655,0,0.48392826,0.50048828125,1,,395
Kp_ertapenem_S_6715899_573_83659,0,0.48392826,0.50048828125,1,,395
Kp_ertapenem_S_6716601_573_83649,0,0.07452676,0.1522212028503418,1,,405
Kp_ertapenem_S_6722093_573_83674,0,0.088211134,0.3294726312160492,1,,395
Kp_ertapenem_S_6722856_573_83650,0,0.48392826,0.50048828125,1,,395
Kp_ertapenem_S_6731312_573_83651,0,0.2295245,0.501708984375,1,,834
Kp_ertapenem_S_6991_22_573_78723,0,0.23470215,0.4670886695384979,1,,395
Kp_ertapenem_S_720143_573_81042,0,0.07824483,0.1763167679309845,1,,346
Kp_ertapenem_S_7242_22_573_78731,0,0.2651441,0.377655416727066,1,,395
Kp_ertapenem_S_756694_573_81032,0,0.15491435,0.3696278929710388,1,,405
Kp_ertapenem_S_79_kpn_573_78055,0,0.07452676,0.1210089549422264,1,,23
Kp_ertapenem_S_835819_573_81048,0,0.13980049,0.4186375141143799,1,,395
Kp_ertapenem_S_844839_573_81036,0,0.23470215,0.4670886695384979,1,,395
Kp_ertapenem_S_8774E18_573_81575,0,0.28957927,0.2565990686416626,1,,36
Kp_ertapenem_S_9040_22_573_78724,0,0.23470215,0.4670886695384979,1,,395
Kp_ertapenem_S_917432_573_81029,0,0.7188173,0.637503445148468,1,,395
Kp_ertapenem_S_927262_573_81009,0,0.07697517,0.2430692762136459,1,,395
Kp_ertapenem_S_944560_573_81024,0,0.07824483,0.1826076507568359,1,,23
Kp_ertapenem_S_963668_573_81018,0,0.13980049,0.4186375141143799,1,,395
Kp_ertapenem_S_A21-1_573_78859,0,0.077017725,0.1905356794595718,1,,611
Kp_ertapenem_S_A6-1_573_78855,0,0.68287283,0.6855022311210632,1,,34
Kp_ertapenem_S_AM_CKDN230030166-1A_HGKHYDSX7_573_78693,0,0.21571101,0.4402887523174286,1,,661
Kp_ertapenem_S_AR8315_573_83760,0,0.07824483,0.2042426615953445,1,,2035
Kp_ertapenem_S_AR8334_573_83752,0,0.11728313,0.351617157459259,1,,1189
Kp_ertapenem_S_AR8335_573_83755,0,0.075585455,0.2002251595258712,1,,70
Kp_ertapenem_S_AR8381_573_83750,0,0.07452676,0.1490662693977356,1,,485
Kp_ertapenem_S_AR8419_573_83734,0,0.07452676,0.1235241368412971,1,,485
Kp_ertapenem_S_AR8476_573_83723,0,0.085108235,0.2259605824947357,1,,34
Kp_ertapenem_S_AR8513_573_83708,0,0.07940763,0.2175140678882599,1,,449
Kp_ertapenem_S_AR8534_573_83700,0,0.07452676,0.1141708418726921,1,,168
Kp_ertapenem_S_A_31_573_83500,0,0.079486944,0.1989186704158783,1,,3
Kp_ertapenem_S_BP206h_573_83509,0,0.088080935,0.3111390173435211,1,,530
Kp_ertapenem_S_BP46Ah_573_83503,0,0.07452676,0.1193568035960197,1,,70
Kp_ertapenem_S_C20-1_573_77825,0,0.11571755,0.3275136947631836,1,,231
Kp_ertapenem_S_CCRKp_108I10_573_83607,0,0.19828092,0.4902355968952179,1,,383
Kp_ertapenem_S_CHURS_170652_573_79186,0,0.23472974,0.4711624085903168,1,,34
Kp_ertapenem_S_CHURS_170943_573_79185,0,0.23472974,0.4711624085903168,1,,34
Kp_ertapenem_S_CHURS_9_1075_573_79187,0,0.6260781,0.6807990074157715,1,,17
Kp_ertapenem_S_CKP10_573_79393,0,0.17494544,0.3680081367492676,1,,17
Kp_ertapenem_S_CKP4_573_79396,0,0.13741395,0.3147478401660919,1,,152
Kp_ertapenem_S_CN-129-D_573_79298,0,0.76448095,0.674305260181427,1,,661
Kp_ertapenem_S_CN-312-F_573_79280,0,0.077978306,0.2407969087362289,1,,585
Kp_ertapenem_S_CN-317-F_573_79282,0,0.07696781,0.1959400326013565,1,,485
Kp_ertapenem_S_CN-336-D_573_79296,0,0.5740354,0.5994265079498291,1,,17
Kp_ertapenem_S_CN-346-D_573_79291,0,0.075585455,0.2560870945453644,1,,189
Kp_ertapenem_S_CN-348-D_573_79313,0,0.07452676,0.138287141919136,1,,587
Kp_ertapenem_S_CN-356-D_573_79306,0,0.077978306,0.2407969087362289,1,,585
Kp_ertapenem_S_CN-668-F_573_79307,0,0.07452676,0.2872745394706726,1,,17
Kp_ertapenem_S_CN-721-D_573_79271,0,0.16462067,0.4150173962116241,1,,617
Kp_ertapenem_S_CN-734-D_573_79273,0,0.17882903,0.4012771546840668,1,,560
Kp_ertapenem_S_CN-78-F_573_79288,0,0.088170685,0.2007142901420593,1,,309
Kp_ertapenem_S_CN-79-F_573_79286,0,0.41728714,0.5270122289657593,1,,1619
Kp_ertapenem_S_CRE139_573_78118,0,0.0861919,0.3143431544303894,1,,23
Kp_ertapenem_S_CRE167_573_78120,0,0.1046045,0.3166903853416443,1,,23
Kp_ertapenem_S_CRKP-127_573_80733,0,0.27155846,0.4686082303524017,1,,656
Kp_ertapenem_S_CRKP-128_573_80732,0,0.27155846,0.4686082303524017,1,,656
Kp_ertapenem_S_CRhvKp09_573_84286,0,0.32369754,0.6197014451026917,1,,36
Kp_ertapenem_S_CRhvKp710_573_81775,0,0.08656983,0.2012435793876648,1,,34
Kp_ertapenem_S_CT208_573_81750,0,0.34323397,0.4667240679264068,1,,485
Kp_ertapenem_S_CXW216_573_77898,0,0.73977447,0.6351658701896667,1,,231
Kp_ertapenem_S_D3017_573_79249,0,0.10162202,0.3360858559608459,1,,1593
Kp_ertapenem_S_D3037bin22_573_78355,0,0.07452676,0.1556230783462524,1,,180
Kp_ertapenem_S_D5167bin3_573_78352,0,0.12054113,0.3165442049503326,1,,661
Kp_ertapenem_S_D677076_573_77911,0,0.07452676,0.1142696514725685,1,,405
Kp_ertapenem_S_E08_573_78451,0,0.19470759,0.3379678428173065,1,,661
Kp_ertapenem_S_EC4684_573_81752,0,0.31824815,0.49859619140625,1,,383
Kp_ertapenem_S_ESBL14_573_77711,0,0.09535921,0.3422417044639587,1,,322
Kp_ertapenem_S_F1-9-ERG1_573_5827,0,0.09432393,0.3635056316852569,1,,322
Kp_ertapenem_S_FFMG-21-01-2043_573_82040,0,0.1071622,0.3570069074630737,1,,322
Kp_ertapenem_S_FFMG-212-4-21_573_82029,0,0.086987205,0.3628704249858856,1,,17
Kp_ertapenem_S_FFMG-324-12-21_573_82014,0,0.18387094,0.4192912578582763,1,,17
Kp_ertapenem_S_FFMG-521-1-21-KP_573_82024,0,0.09696168,0.2863188982009887,1,,322
Kp_ertapenem_S_FFMG-521-1-21-K_573_82021,0,0.09696168,0.2863188982009887,1,,322
Kp_ertapenem_S_FFSG-57-B_573_82051,0,0.07452676,0.1193568035960197,1,,70
Kp_ertapenem_S_FFSG-57-PUS_573_82046,0,0.07452676,0.1193568035960197,1,,70
Kp_ertapenem_S_FK2652_573_78115,0,0.8506466,0.7955787181854248,1,,23
Kp_ertapenem_S_FK3038_573_78110,0,0.2653054,0.4584699273109436,1,,23
Kp_ertapenem_S_FK8017-HR_573_83813,0,0.07452676,0.1307286918163299,1,,1537
Kp_ertapenem_S_FR21PPER8943_573_84014,0,0.086987205,0.3628704249858856,1,,17
Kp_ertapenem_S_FRC1_573_81715,0,0.07452676,0.222974956035614,1,,1824
Kp_ertapenem_S_GDKL-25_573_77864,0,0.083550684,0.3399645686149597,1,,152
Kp_ertapenem_S_GDKL-34-1_573_77867,0,0.08186006,0.317016452550888,1,,152
Kp_ertapenem_S_GDKL-40_573_77876,0,0.07452676,0.1446314454078674,1,,485
Kp_ertapenem_S_GDKL-41_573_77878,0,0.075585455,0.1834838688373565,1,,485
Kp_ertapenem_S_GDKL-57_573_77861,0,0.120879196,0.3725908100605011,1,,152
Kp_ertapenem_S_GDKL-582_573_77868,0,0.0772582,0.1685488075017929,1,,152
Kp_ertapenem_S_GDKL-585_573_77866,0,0.0772582,0.168411985039711,1,,152
Kp_ertapenem_S_GDKL-63_573_77881,0,0.26163593,0.4891984760761261,1,,661
Kp_ertapenem_S_GDKL-69-1_573_77865,0,0.09910191,0.3535118997097015,1,,152
Kp_ertapenem_S_GDKL-76_573_77862,0,0.120879196,0.3725908100605011,1,,152
Kp_ertapenem_S_GDKL-N12_573_77840,0,0.18736675,0.3641272485256195,1,,395
Kp_ertapenem_S_GDKL-N18_573_77831,0,0.17100033,0.3152746260166168,1,,395
Kp_ertapenem_S_GDKL-N19_573_77830,0,0.2045702,0.3565306663513183,1,,395
Kp_ertapenem_S_GDKL-N29_573_77836,0,0.2409133,0.3564466536045074,1,,395
Kp_ertapenem_S_GDKL-N36_573_77875,0,0.075585455,0.1834655851125717,1,,485
Kp_ertapenem_S_GDKL-N5_573_77839,0,0.19109412,0.352842628955841,1,,395
Kp_ertapenem_S_GDKL-N6_573_77837,0,0.18736675,0.3641272485256195,1,,395
Kp_ertapenem_S_GDKL-N9_573_77877,0,0.075585455,0.1826441138982772,1,,485
Kp_ertapenem_S_GDKL-Q10_573_77869,0,0.08963552,0.1611551493406295,1,,152
Kp_ertapenem_S_GDKL-Q6_573_77871,0,0.08963552,0.1611551493406295,1,,152
Kp_ertapenem_S_GDKL-Q8_573_77863,0,0.08186006,0.317016452550888,1,,152
Kp_ertapenem_S_GKPN0067_573_78896,0,0.077793755,0.1687541902065277,1,,43
Kp_ertapenem_S_GN4145_573_79155,0,0.16735925,0.375620573759079,1,,17
Kp_ertapenem_S_GN4146_573_81875,0,0.086987205,0.3628704249858856,1,,17
Kp_ertapenem_S_GTVSS-027_573_81411,0,0.07452676,0.1566524505615234,1,,629
Kp_ertapenem_S_GX22_573_81543,0,0.45009077,0.50018310546875,1,,505
Kp_ertapenem_S_GX25_573_81541,0,0.07452676,0.1580768525600433,1,,90
Kp_ertapenem_S_H1-3_573_78832,0,0.22718985,0.4561675190925598,1,,34
Kp_ertapenem_S_H12-1_573_78827,0,0.6580488,0.6981880068778992,1,,36
Kp_ertapenem_S_H4-1_573_78825,0,0.12855296,0.2646017670631408,1,,34
Kp_ertapenem_S_HD2565_573_78511,0,0.07452676,0.1316190510988235,1,,494
Kp_ertapenem_S_HD2573_573_78510,0,0.21736078,0.4323629438877105,1,,258
Kp_ertapenem_S_HD2583_573_78508,0,0.07452676,0.1316469460725784,1,,494
Kp_ertapenem_S_HD2597_573_78505,0,0.5044227,0.5003662109375,1,,17
Kp_ertapenem_S_HU204_573_81493,0,0.08668872,0.2821560204029083,1,,43
Kp_ertapenem_S_INFSP3504_573_78615,0,0.5787347,0.5628674030303955,1,,656
Kp_ertapenem_S_IR5605_573_81900,0,0.24129502,0.4615627825260162,1,,2407
Kp_ertapenem_S_IR5636_573_81892,0,0.1633004,0.3433142006397247,1,,23
Kp_ertapenem_S_IR5727_573_81889,0,0.07452676,0.1098011955618858,1,,218
Kp_ertapenem_S_IR5732_573_81886,0,0.3799369,0.5467381477355957,1,,23
Kp_ertapenem_S_IR5741_573_81884,0,0.07876577,0.2178362756967544,1,,36
Kp_ertapenem_S_IVRI_FBI_608_573_81835,0,0.09509127,0.1176228001713752,1,,17
Kp_ertapenem_S_JPR_573_81757,0,0.15506724,0.4429377019405365,1,,870
Kp_ertapenem_S_K19_573_80818,0,0.34069398,0.4923101961612701,1,,231
Kp_ertapenem_S_K34_573_77664,0,0.37236136,0.5788053274154663,1,,231
Kp_ertapenem_S_K35_573_77668,0,0.11847545,0.3754202127456665,1,,231
Kp_ertapenem_S_K36_573_77665,0,0.11847545,0.3754202127456665,1,,231
Kp_ertapenem_S_K58_573_77650,0,0.41043457,0.513729453086853,1,,395
Kp_ertapenem_S_K59_573_77651,0,0.14660026,0.3836701810359955,1,,3
Kp_ertapenem_S_K7_573_77678,0,0.8877358,0.908293068408966,1,,231
Kp_ertapenem_S_KAW1_573_77682,0,0.078598306,0.2728562951087951,1,,661
Kp_ertapenem_S_KE10019_573_79244,0,0.117181376,0.3138402104377746,1,,785
Kp_ertapenem_S_KE10037_573_79241,0,0.178134,0.4480639696121216,1,,1878
Kp_ertapenem_S_KE9520_573_79228,0,0.19429909,0.4855386912822723,1,,383
Kp_ertapenem_S_KE9665_573_79223,0,0.15884691,0.3545447885990143,1,,353
Kp_ertapenem_S_KE9953_573_79203,0,0.07452676,0.2196721136569976,1,,1296
Kp_ertapenem_S_KLEPN-0004_573_77507,0,0.20145357,0.3847531974315643,1,,231
Kp_ertapenem_S_KLEPN-0098_573_77510,0,0.10148172,0.2258431762456894,1,,73
Kp_ertapenem_S_KP-415256_573_77767,0,0.3786034,0.543893039226532,1,,17
Kp_ertapenem_S_KP-HB21H30799_573_78579,0,0.24720687,0.4447456300258636,1,,152
Kp_ertapenem_S_KP-HB21H30813_573_78567,0,0.27551273,0.5478874444961548,1,,1419
Kp_ertapenem_S_KP07_UID2108280007_573_83418,0,0.23873067,0.4008666574954986,1,,711
Kp_ertapenem_S_KP09_573_83491,0,0.22784172,0.4714057743549347,1,,258
Kp_ertapenem_S_KP126_573_81747,0,0.10563304,0.3146359324455261,1,,258
Kp_ertapenem_S_KP2050_573_80846,0,0.07452676,0.1967876106500625,1,,218
Kp_ertapenem_S_KP2174_573_80842,0,0.6887645,0.7007796764373779,1,,17
Kp_ertapenem_S_KP218-42_573_80834,0,0.07452676,0.242340087890625,1,,629
Kp_ertapenem_S_KP2188_573_80849,0,0.5044227,0.5003662109375,1,,23
Kp_ertapenem_S_KP221-29_573_80821,0,0.36157593,0.5172051191329956,1,,353
Kp_ertapenem_S_KP235_573_83595,0,0.6367943,0.576899528503418,1,,17
Kp_ertapenem_S_KP24_UID2108280020_573_79343,0,0.36009476,0.4684866368770599,1,,711
Kp_ertapenem_S_KP38_UID2108280034_573_79161,0,0.077017725,0.2005185335874557,1,,611
Kp_ertapenem_S_KP39_UID2108280035_573_79159,0,0.42932823,0.5001220703125,1,,23
Kp_ertapenem_S_KP46_573_83487,0,0.13741395,0.3147478401660919,1,,17
Kp_ertapenem_S_KP54_573_83481,0,0.07452676,0.1302024573087692,1,,1661
Kp_ertapenem_S_KP55_573_83479,0,0.7220599,0.6843167543411255,1,,17
Kp_ertapenem_S_KP59_573_83480,0,0.1758868,0.3797520995140075,1,,1863
Kp_ertapenem_S_KP94_573_83597,0,0.19309603,0.4362016916275024,1,,17
Kp_ertapenem_S_KP97_573_83594,0,0.10343099,0.3270232081413269,1,,17
Kp_ertapenem_S_KPNCDS12_573_77932,0,0.30604357,0.5134245157241821,1,,17
Kp_ertapenem_S_KPNCDS17_573_78891,0,0.087700866,0.207857146859169,1,,43
Kp_ertapenem_S_KPNCDS28_573_79416,0,0.07452676,0.1411629766225814,1,,1873
Kp_ertapenem_S_KPNCDS30_573_79414,0,0.25200722,0.5262210369110107,1,,34
Kp_ertapenem_S_KPNCDS34_573_79410,0,0.14798906,0.3549918830394745,1,,661
Kp_ertapenem_S_KPNCDS35_573_79408,0,0.14798906,0.3549918830394745,1,,661
Kp_ertapenem_S_KPNCDS42_573_79403,0,0.14321406,0.5489152669906616,1,,1873
Kp_ertapenem_S_KP_B353_573_77530,0,0.616997,0.6733561158180237,1,,23
Kp_ertapenem_S_KP_B395_573_77531,0,0.616997,0.6733561158180237,1,,23
Kp_ertapenem_S_KP_J104722_573_77528,0,0.19120735,0.4432991445064544,1,,23
Kp_ertapenem_S_Kes00006_573_82174,0,0.07452676,0.2416347712278366,1,,1875
Kp_ertapenem_S_Kp-NDM-5_573_77499,0,0.16422553,0.3780858516693115,1,,258
Kp_ertapenem_S_Kp-NDM-5_573_77500,0,0.32603544,0.4709495306015014,1,,258
Kp_ertapenem_S_Kp225_573_77460,0,0.08474797,0.3026905059814453,1,,231
Kp_ertapenem_S_KpA278_573_80706,0,0.8859699,0.9087799787521362,1,,395
Kp_ertapenem_S_KpA285_573_83795,0,0.564139,0.7715854048728943,1,,395
Kp_ertapenem_S_KpA324_573_80703,0,0.10426194,0.2515729963779449,1,,449
Kp_ertapenem_S_KpA44_573_80709,0,0.69320506,0.6384127140045166,1,,395
Kp_ertapenem_S_KpA481_573_83793,0,0.8859699,0.9087799787521362,1,,395
Kp_ertapenem_S_KpA7001_573_80698,0,0.8859699,0.9087799787521362,1,,395
Kp_ertapenem_S_KpA769_573_80697,0,0.8859699,0.9087799787521362,1,,395
Kp_ertapenem_S_KpC90_573_78065,0,0.07452676,0.1348898261785507,1,,1777
Kp_ertapenem_S_Kpn148_573_78765,0,0.078776754,0.3200106024742126,1,,148
Kp_ertapenem_S_Kpn152_573_78796,0,0.19511425,0.3654283583164215,1,,152
Kp_ertapenem_S_Kpn1537_573_78773,0,0.07452676,0.2142389863729477,1,,1537
Kp_ertapenem_S_Kpn168_573_78782,0,0.07452676,0.1950185447931289,1,,168
Kp_ertapenem_S_Kpn187_573_78786,0,0.07452676,0.1110482588410377,1,,187
Kp_ertapenem_S_Kpn187_573_78804,0,0.07452676,0.2188362628221511,1,,187
Kp_ertapenem_S_Kpn1999_573_78794,0,0.07452676,0.2874301671981811,1,,1999
Kp_ertapenem_S_Kpn44_573_78760,0,0.16012515,0.4235772490501404,1,,44
Kp_ertapenem_S_Kpn47_573_81480,0,0.27419966,0.4642335772514343,1,,661
Kp_ertapenem_S_Kpn5827_573_78795,0,0.07697517,0.2580395638942718,1,,1189
Kp_ertapenem_S_Kpn60_573_78764,0,0.09358426,0.2756488621234894,1,,60
Kp_ertapenem_S_Kpn629_573_78761,0,0.07452676,0.2239069193601608,1,,629
Kp_ertapenem_S_Kpn866_573_78770,0,0.713992,0.7040584087371826,1,,866
Kp_ertapenem_S_Kpn9066-Lar_573_79366,0,0.19200934,0.355271428823471,1,,1190
Kp_ertapenem_S_Kpn9103-Lar_573_79362,0,0.5302532,0.6144518256187439,1,,258
Kp_ertapenem_S_L1392_573_80953,0,0.47005284,0.5366771817207336,1,,17
Kp_ertapenem_S_L3_573_81914,0,0.59539557,0.5675771236419678,1,,23
Kp_ertapenem_S_LAKp06_573_78609,0,0.5731777,0.5343695282936096,1,,23
Kp_ertapenem_S_LAhvKp135_573_81807,0,0.08480969,0.3624472022056579,1,,23
Kp_ertapenem_S_LAhvKp142_573_84281,0,0.6202875,0.7326651215553284,1,,23
Kp_ertapenem_S_LAhvKp150_573_81773,0,0.08480969,0.3624472022056579,1,,23
Kp_ertapenem_S_LAhvKp163_573_81812,0,0.08480969,0.3624472022056579,1,,23
Kp_ertapenem_S_LAhvKp179_573_81776,0,0.08480969,0.3624472022056579,1,,23
Kp_ertapenem_S_LAhvKp198_573_84285,0,0.15508369,0.4192318320274353,1,,23
Kp_ertapenem_S_LAhvKp217_573_81808,0,0.07452676,0.1188701018691062,1,,218
Kp_ertapenem_S_LAhvKp232_573_81768,0,0.08313855,0.3627293407917022,1,,23
Kp_ertapenem_S_LAhvKp237_573_81805,0,0.08313855,0.3623625934123993,1,,23
Kp_ertapenem_S_LAhvKp241_573_81778,0,0.07607847,0.1855041533708572,1,,60
Kp_ertapenem_S_LAhvKp46_573_81798,0,0.07607847,0.1855041533708572,1,,60
Kp_ertapenem_S_LAhvKp53_573_81802,0,0.08480969,0.3624472022056579,1,,23
Kp_ertapenem_S_LAhvKp62_573_81801,0,0.08480969,0.3624472022056579,1,,23
Kp_ertapenem_S_LMT_573_81756,0,0.15506724,0.4429377019405365,1,,870
Kp_ertapenem_S_M122-2_573_77620,0,0.7051481,0.6864882707595825,1,,23
Kp_ertapenem_S_MMSV11_573_78078,0,0.4374856,0.4902355968952179,1,,834
Kp_ertapenem_S_MRSN110347_573_80601,0,0.3458801,0.5164125561714172,1,,23
Kp_ertapenem_S_MRSN110349_573_80599,0,0.36691827,0.5098863840103149,1,,23
Kp_ertapenem_S_MRSN110350_573_80596,0,0.50879693,0.5657486319541931,1,,23
Kp_ertapenem_S_MRSN130379_573_80597,0,0.3458801,0.5164125561714172,1,,23
Kp_ertapenem_S_MRSN972133_573_80598,0,0.07603912,0.1967876106500625,1,,23
Kp_ertapenem_S_MRSN972183_573_80595,0,0.3458801,0.5164125561714172,1,,23
Kp_ertapenem_S_MRSN972221_573_80600,0,0.3458801,0.5164125561714172,1,,23
Kp_ertapenem_S_MUGSI_227_573_24381,0,0.07452676,0.2646195888519287,1,,3635
Kp_ertapenem_S_MUGSI_237_573_24383,0,0.335302,0.5254905819892883,1,,258
Kp_ertapenem_S_MUGSI_318_573_24400,0,0.12787531,0.3695994615554809,1,,309
Kp_ertapenem_S_NNKP_2024.1_573_81839,0,0.6952889,0.6920179128646851,1,,395
Kp_ertapenem_S_NNKP_2025.4_573_83788,0,0.10549629,0.3150506913661957,1,,395
Kp_ertapenem_S_NUBL-19414_573_77490,0,0.087212384,0.2799330651760101,1,,256
Kp_ertapenem_S_NUBL-22015_573_77491,0,0.082968496,0.2606128752231598,1,,870
Kp_ertapenem_S_NY4588_573_78993,0,0.56375337,0.5572731494903564,1,,383
Kp_ertapenem_S_NY4592_573_79315,0,0.64892316,0.6195576190948486,1,,383
Kp_ertapenem_S_P0031_573_84222,0,0.07682322,0.1658293753862381,1,,422
Kp_ertapenem_S_P0479_573_84238,0,0.25937667,0.3612069487571716,1,,17
Kp_ertapenem_S_P0712_573_84208,0,0.17152956,0.3272684216499328,1,,17
Kp_ertapenem_S_PB173_573_5797,0,0.07452676,0.2228269428014755,1,,1441
Kp_ertapenem_S_PB270_573_5809,0,0.08149786,0.2273513823747635,1,,23
Kp_ertapenem_S_PB395_573_5677,0,0.20500688,0.3905630111694336,1,,231
Kp_ertapenem_S_PB439_573_5802,0,0.07697517,0.2977314889431,1,,477
Kp_ertapenem_S_PB502_573_5697,0,0.6692713,0.6987664699554443,1,,23
Kp_ertapenem_S_PB533_573_5663,0,0.10894245,0.2741084098815918,1,,656
Kp_ertapenem_S_PB94_573_5673,0,0.08149786,0.2273513823747635,1,,23
Kp_ertapenem_S_PQX243_573_77722,0,0.07452676,0.0989030674099922,1,,23
Kp_ertapenem_S_PQX244_573_77706,0,0.08846408,0.1707498282194137,1,,23
Kp_ertapenem_S_PQX260_573_77704,0,0.07452676,0.0989030674099922,1,,23
Kp_ertapenem_S_PQX261_573_77705,0,0.08846408,0.1707498282194137,1,,23
Kp_ertapenem_S_PQX262_573_77703,0,0.08846408,0.1707498282194137,1,,23
Kp_ertapenem_S_PQX265_573_77702,0,0.08846408,0.1707498282194137,1,,23
Kp_ertapenem_S_R1_573_78702,0,0.33699504,0.4690034091472626,1,,23
Kp_ertapenem_S_R884_573_81408,0,0.09685134,0.3353372514247894,1,,383
Kp_ertapenem_S_R8_573_78701,0,0.33699504,0.4690034091472626,1,,23
Kp_ertapenem_S_RKI_400DKa_573_84181,0,0.19921261,0.1692341864109039,1,,231
Kp_ertapenem_S_RTP31003st1_G9_RTP31003_210430_573_77821,0,0.1406816,0.3123700022697449,1,,34
Kp_ertapenem_S_RTP31003st2_E3_RTP31003_210430_573_77818,0,0.07452676,0.2258858680725097,1,,605
Kp_ertapenem_S_RTP31003st2_G5_RTP31003_210430_573_77820,0,0.07452676,0.2530640959739685,1,,605
Kp_ertapenem_S_Revertant_2_573_77744,0,0.38343313,0.50018310546875,1,,23
Kp_ertapenem_S_S1bMCAC_573_81832,0,0.07452676,0.1218423992395401,1,,1145
Kp_ertapenem_S_T2407548_573_81631,0,0.07607847,0.1943869292736053,1,,1593
Kp_ertapenem_S_TW3_573_77435,0,0.7051481,0.6897498369216919,1,,23
Kp_ertapenem_S_TY-12_573_83493,0,0.07441344,0.1544397473335266,1,,629
Kp_ertapenem_S_TY-4_573_83499,0,0.31824815,0.50054931640625,1,,490
Kp_ertapenem_S_W2-11-ERG2_573_5712,0,0.07452676,0.1655256599187851,1,,3172
Kp_ertapenem_S_ZR367_573_81528,0,0.23173544,0.4292499125003814,1,,656
Kp_ertapenem_S_Zagreb036_573_81951,0,0.07441344,0.1595772355794906,1,,274
Kp_ertapenem_S_kp332_573_81361,0,0.07452676,0.1390452980995178,1,,405
Kp_ertapenem_S_kp684_573_81374,0,0.07452676,0.2258858680725097,1,,605
Kp_ertapenem_S_kpY41GYS_573_81382,0,0.07452676,0.1351749897003173,1,,611
R__rgi_Klebsiella_pneumoniae_ertapenem_RESISTANT__Klebsiella_pneumoniae_R_ertapenem_Klebsiella_pneumoniae_strain_EuSCAPE_DE051.txt,1,0.7220599,0.6828249096870422,1,1.0,258
R__rgi_Klebsiella_pneumoniae_ertapenem_RESISTANT__Klebsiella_pneumoniae_R_ertapenem_Klebsiella_pneumoniae_strain_EuSCAPE_DE076.txt,1,0.086987205,0.3621651530265808,1,1.0,36
R__rgi_Klebsiella_pneumoniae_ertapenem_RESISTANT__Klebsiella_pneumoniae_R_ertapenem_Klebsiella_pneumoniae_strain_EuSCAPE_ES289.txt,1,0.8777867,0.7373945713043213,1,1.0,258
R__rgi_Klebsiella_pneumoniae_ertapenem_RESISTANT__Klebsiella_pneumoniae_R_ertapenem_Klebsiella_pneumoniae_strain_EuSCAPE_FR006.txt,1,0.7220599,0.6828249096870422,1,1.0,258
R__rgi_Klebsiella_pneumoniae_ertapenem_RESISTANT__Klebsiella_pneumoniae_R_ertapenem_Klebsiella_pneumoniae_strain_EuSCAPE_GR036.txt,1,0.7220599,0.6828249096870422,1,1.0,258
R__rgi_Klebsiella_pneumoniae_ertapenem_RESISTANT__Klebsiella_pneumoniae_R_ertapenem_Klebsiella_pneumoniae_strain_EuSCAPE_GR051.txt,1,0.7220599,0.6828249096870422,1,1.0,258
R__rgi_Klebsiella_pneumoniae_ertapenem_RESISTANT__Klebsiella_pneumoniae_R_ertapenem_Klebsiella_pneumoniae_strain_EuSCAPE_GR053.txt,1,0.7220599,0.6828249096870422,1,1.0,258
R__rgi_Klebsiella_pneumoniae_ertapenem_RESISTANT__Klebsiella_pneumoniae_R_ertapenem_Klebsiella_pneumoniae_strain_EuSCAPE_GR057.txt,1,0.7220599,0.6828249096870422,1,1.0,258
R__rgi_Klebsiella_pneumoniae_ertapenem_RESISTANT__Klebsiella_pneumoniae_R_ertapenem_Klebsiella_pneumoniae_strain_EuSCAPE_GR075.txt,1,0.18979774,0.4796864688396454,1,1.0,383
R__rgi_Klebsiella_pneumoniae_ertapenem_RESISTANT__Klebsiella_pneumoniae_R_ertapenem_Klebsiella_pneumoniae_strain_EuSCAPE_GR085.txt,1,0.7220599,0.6828249096870422,1,1.0,258
R__rgi_Klebsiella_pneumoniae_ertapenem_RESISTANT__Klebsiella_pneumoniae_R_ertapenem_Klebsiella_pneumoniae_strain_EuSCAPE_GR108.txt,1,0.7220599,0.6828249096870422,1,1.0,258
R__rgi_Klebsiella_pneumoniae_ertapenem_RESISTANT__Klebsiella_pneumoniae_R_ertapenem_Klebsiella_pneumoniae_strain_EuSCAPE_GR110.txt,1,0.8326689,0.7953006029129028,1,1.0,258
R__rgi_Klebsiella_pneumoniae_ertapenem_RESISTANT__Klebsiella_pneumoniae_R_ertapenem_Klebsiella_pneumoniae_strain_EuSCAPE_GR139.txt,1,0.7220599,0.6828249096870422,1,1.0,258
R__rgi_Klebsiella_pneumoniae_ertapenem_RESISTANT__Klebsiella_pneumoniae_R_ertapenem_Klebsiella_pneumoniae_strain_EuSCAPE_GR146.txt,1,0.7220599,0.6828249096870422,1,1.0,258
R__rgi_Klebsiella_pneumoniae_ertapenem_RESISTANT__Klebsiella_pneumoniae_R_ertapenem_Klebsiella_pneumoniae_strain_EuSCAPE_IE024.txt,1,0.7220599,0.6828249096870422,1,1.0,258
R__rgi_Klebsiella_pneumoniae_ertapenem_RESISTANT__Klebsiella_pneumoniae_R_ertapenem_Klebsiella_pneumoniae_strain_EuSCAPE_IT064.txt,1,0.52202946,0.5315741300582886,1,1.0,258
R__rgi_Klebsiella_pneumoniae_ertapenem_RESISTANT__Klebsiella_pneumoniae_R_ertapenem_Klebsiella_pneumoniae_strain_EuSCAPE_IT136.txt,1,0.24419323,0.5162906050682068,1,1.0,258
R__rgi_Klebsiella_pneumoniae_ertapenem_RESISTANT__Klebsiella_pneumoniae_R_ertapenem_Klebsiella_pneumoniae_strain_EuSCAPE_IT142.txt,1,0.7220599,0.6828249096870422,1,1.0,258
R__rgi_Klebsiella_pneumoniae_ertapenem_RESISTANT__Klebsiella_pneumoniae_R_ertapenem_Klebsiella_pneumoniae_strain_EuSCAPE_IT144.txt,1,0.7220599,0.6828249096870422,1,1.0,258
R__rgi_Klebsiella_pneumoniae_ertapenem_RESISTANT__Klebsiella_pneumoniae_R_ertapenem_Klebsiella_pneumoniae_strain_EuSCAPE_IT248.txt,1,0.52202946,0.5315741300582886,1,1.0,258
R__rgi_Klebsiella_pneumoniae_ertapenem_RESISTANT__Klebsiella_pneumoniae_R_ertapenem_Klebsiella_pneumoniae_strain_EuSCAPE_IT290.txt,1,0.52202946,0.5315741300582886,1,1.0,258
R__rgi_Klebsiella_pneumoniae_ertapenem_RESISTANT__Klebsiella_pneumoniae_R_ertapenem_Klebsiella_pneumoniae_strain_EuSCAPE_IT292.txt,1,0.52202946,0.5315741300582886,1,1.0,258
R__rgi_Klebsiella_pneumoniae_ertapenem_RESISTANT__Klebsiella_pneumoniae_R_ertapenem_Klebsiella_pneumoniae_strain_EuSCAPE_MK006.txt,1,0.42969772,0.6388634443283081,1,1.0,258
R__rgi_Klebsiella_pneumoniae_ertapenem_RESISTANT__Klebsiella_pneumoniae_R_ertapenem_Klebsiella_pneumoniae_strain_EuSCAPE_UK025.txt,1,0.7220599,0.6828249096870422,1,1.0,258
S__rgi_Klebsiella_pneumoniae_ertapenem__Kpn_Klebsiella_pneumoniae_strain_EuSCAPE_BE015_GCA_900506555_1,0,0.07452676,0.1143190711736679,1,,Unknown
S__rgi_Klebsiella_pneumoniae_ertapenem__Kpn_Klebsiella_pneumoniae_strain_EuSCAPE_ES102_GCA_900516655_1,0,0.07452676,0.1143190711736679,1,,Unknown
S__rgi_Klebsiella_pneumoniae_ertapenem__Kpn_Klebsiella_pneumoniae_strain_EuSCAPE_ES228_GCA_900517385_1,0,0.07452676,0.1143190711736679,1,,Unknown
S__rgi_Klebsiella_pneumoniae_ertapenem__Kpn_Klebsiella_pneumoniae_strain_EuSCAPE_GR021_GCA_900501165_1,0,0.07452676,0.1630119532346725,1,,Unknown
S__rgi_Klebsiella_pneumoniae_ertapenem__Kpn_Klebsiella_pneumoniae_strain_EuSCAPE_IT151_GCA_900515175_1,0,0.078178376,0.120180420577526,1,,Unknown
S__rgi_Klebsiella_pneumoniae_ertapenem__Kpn_Klebsiella_pneumoniae_strain_EuSCAPE_ME017_GCA_900513965_1,0,0.07452676,0.1235769987106323,1,,Unknown
S__rgi_Klebsiella_pneumoniae_ertapenem__Kpn_Klebsiella_pneumoniae_strain_EuSCAPE_PT029_GCA_900502855_1,0,0.28612754,0.4523544609546661,1,,Unknown
S__rgi_Klebsiella_pneumoniae_ertapenem__Kpn_Klebsiella_pneumoniae_strain_EuSCAPE_PT042_GCA_900501755_1,0,0.0951714,0.3270769417285919,1,,Unknown
S__rgi_Klebsiella_pneumoniae_ertapenem__Kpn_Klebsiella_pneumoniae_strain_EuSCAPE_UK032_GCA_900504865_1,0,0.20121592,0.3408964574337005,1,,Unknown
S__rgi_Klebsiella_pneumoniae_ertapenem__Kpn_S_Klebsiella_pneumoniae_strain_EuSCAPE_BE080_GCA_900506915_1.txt,0,0.07452676,0.1142696514725685,1,1.0,405
S__rgi_Klebsiella_pneumoniae_ertapenem__Kpn_S_Klebsiella_pneumoniae_strain_EuSCAPE_BE088_GCA_900506985_1.txt,0,0.07452676,0.1143190711736679,1,1.0,405
S__rgi_Klebsiella_pneumoniae_ertapenem__Kpn_S_Klebsiella_pneumoniae_strain_EuSCAPE_DE039_GCA_900512435_1.txt,0,0.076265134,0.2871411740779876,1,1.0,17
S__rgi_Klebsiella_pneumoniae_ertapenem__Kpn_S_Klebsiella_pneumoniae_strain_EuSCAPE_DE057_GCA_900512565_1.txt,0,0.0768656,0.072702519595623,1,1.0,17
S__rgi_Klebsiella_pneumoniae_ertapenem__Kpn_S_Klebsiella_pneumoniae_strain_EuSCAPE_ES109_GCA_900501655_1.txt,0,0.07452676,0.1142696514725685,1,1.0,405
S__rgi_Klebsiella_pneumoniae_ertapenem__Kpn_S_Klebsiella_pneumoniae_strain_EuSCAPE_HU062_GCA_900517055_1.txt,0,0.075585455,0.2689054310321808,1,1.0,189
S__rgi_Klebsiella_pneumoniae_ertapenem__Kpn_S_Klebsiella_pneumoniae_strain_EuSCAPE_PL024_GCA_900511425_1.txt,0,0.57970303,0.7513290047645569,1,1.0,152
S__rgi_Klebsiella_pneumoniae_ertapenem__Kpn_S_Klebsiella_pneumoniae_strain_EuSCAPE_PT065_GCA_900501975_1.txt,0,0.38093087,0.4904796481132507,1,1.0,17
S__rgi_Klebsiella_pneumoniae_ertapenem__Kpn_S_Klebsiella_pneumoniae_strain_EuSCAPE_UK115_GCA_900503195_1.txt,0,0.076265134,0.3014262914657593,1,1.0,17
S__rgi_Klebsiella_pneumoniae_ertapenem__Kpn_S_Klebsiella_pneumoniae_strain_EuSCAPE_UK136_GCA_900504565_1.txt,0,0.13128899,0.3925114870071411,1,1.0,17
GCA_000534135.1,1,0.34047258,0.3394990861415863,2,1.0,4
GCA_000566965.1,0,0.38509512,0.4224599599838257,2,1.0,3832
GCA_000567005.1,0,0.28409034,0.2114982306957245,2,1.0,641
GCA_002192375.1,1,0.41693214,0.5418028235435486,2,1.0,147
GCA_003194285.1,1,0.4093247,0.4209714829921722,2,1.0,147
GCA_003571545.1,1,0.3531231,0.2218981832265854,2,1.0,101
GCA_003571745.1,1,0.33611482,0.168411985039711,2,1.0,147
GCA_003950615.1,0,0.40103516,0.4383643865585327,2,1.0,4
GCA_003951125.1,1,0.36292413,0.255552589893341,2,1.0,4
GCA_004322995.1,1,0.37993234,0.6240348815917969,2,1.0,35
GCA_011682755.1,0,0.32476497,0.2247778624296188,2,1.0,985
GCA_011682845.1,0,0.32476497,0.2247778624296188,2,1.0,985
GCA_011682885.1,0,0.32476497,0.2247778624296188,2,1.0,985
GCA_013450385.1,0,0.28409034,0.2249906212091446,2,1.0,35
GCA_013450405.1,0,0.28409034,0.2249906212091446,2,1.0,35
GCA_013867375.1,0,0.28409034,0.2351962029933929,2,1.0,35
GCA_014840395.1,1,0.42473298,0.5274686217308044,2,1.0,147
GCA_014840405.1,1,0.510953,0.4887714385986328,2,1.0,147
GCA_014840605.1,1,0.500248,0.5802331566810608,2,1.0,101
GCA_019927485.1,0,0.28409034,0.2108069062232971,2,1.0,1835
GCA_019927505.1,0,0.28409034,0.2128858715295791,2,1.0,2441
GCA_019927535.1,0,0.28851888,0.2091060727834701,2,1.0,987
GCA_019927655.1,0,0.28409034,0.1769558787345886,2,1.0,1838
GCA_019927705.1,0,0.4496375,0.399760365486145,2,1.0,25
GCA_019927725.1,0,0.28409034,0.1717894226312637,2,1.0,636
GCA_019927885.1,0,0.28409034,0.2743513584136963,2,1.0,788
GCA_019927925.1,0,0.4093247,0.4500572383403778,2,1.0,22
GCA_019928365.1,1,0.34120387,0.3423241078853607,2,1.0,38
GCA_019928405.1,1,0.50232506,0.5892584919929504,2,1.0,147
GCA_019928565.1,0,0.28409034,0.2003620266914367,2,1.0,5447
GCA_019930125.1,0,0.33175185,0.3956594169139862,2,1.0,2202
GCA_019930145.1,0,0.34323514,0.3236272037029266,2,1.0,86
GCA_019930345.1,0,0.28409034,0.1997759342193603,2,1.0,1842
GCA_020406995.1,1,0.30536726,0.4246207475662231,2,1.0,147
GCA_020407045.1,0,0.5121683,0.4810271859169006,2,1.0,101
GCA_020985265.1,1,0.3084881,0.2630310952663421,2,1.0,2712
GCA_024580215.1,1,0.4347813,0.4843800961971283,2,1.0,219
GCA_026413095.1,1,0.39774677,0.3445192575454712,2,1.0,1198
GCA_030128905.1,1,0.565031,0.6866064667701721,2,1.0,147
GCA_030128965.1,1,0.5203213,0.2711310982704162,2,1.0,273
GCA_030128995.1,1,0.565031,0.6866064667701721,2,1.0,147
Kp_ertapenem_R_1044471_573_81055,1,0.3228712,0.3650180101394653,2,,101
Kp_ertapenem_R_2048DZ24_573_81595,1,0.38119647,0.3918058276176452,2,,101
Kp_ertapenem_R_24_573_24267,1,0.40810975,0.49859619140625,2,,88
Kp_ertapenem_R_26968_5#4_573_66215,1,0.59561914,0.678406834602356,2,,147
Kp_ertapenem_R_26968_5#67_573_66234,1,0.59561914,0.678406834602356,2,,147
Kp_ertapenem_R_26968_5_5_573_66214,1,0.38713327,0.2855338156223297,2,,147
Kp_ertapenem_R_26968_5_66_573_66223,1,0.39895812,0.3765658140182495,2,,147
Kp_ertapenem_R_26994_6#95_573_66328,1,0.57122064,0.5095813274383545,2,,147
Kp_ertapenem_R_26994_7#148_573_66378,1,0.28851888,0.1660659164190292,2,,147
Kp_ertapenem_R_26994_7#93_573_66365,1,0.28851888,0.1660659164190292,2,,147
Kp_ertapenem_R_26994_8#142_573_66411,1,0.543875,0.3580574989318847,2,,147
Kp_ertapenem_R_26994_8#77_573_66400,1,0.59561914,0.678406834602356,2,,147
Kp_ertapenem_R_26994_8#79_573_66396,1,0.59561914,0.678406834602356,2,,147
Kp_ertapenem_R_26994_8_143_573_66413,1,0.59561914,0.678406834602356,2,,147
Kp_ertapenem_R_26994_8_5_573_66380,1,0.38337478,0.2266980111598968,2,,147
Kp_ertapenem_R_27097_7#75_573_66430,1,0.39895812,0.3765658140182495,2,,147
Kp_ertapenem_R_27097_7#76_573_66433,1,0.59561914,0.6412819623947144,2,,147
Kp_ertapenem_R_27097_7#78_573_66434,1,0.59561914,0.678406834602356,2,,147
Kp_ertapenem_R_27097_7_77_573_66435,1,0.5874884,0.5368896126747131,2,,147
Kp_ertapenem_R_27322_4#113_573_66532,1,0.39652961,0.3688886761665344,2,,147
Kp_ertapenem_R_27322_4#179_573_66541,1,0.35544336,0.2911823689937591,2,,147
Kp_ertapenem_R_27322_4#21_573_66520,1,0.39652961,0.3688886761665344,2,,147
Kp_ertapenem_R_28MF_573_78005,1,0.54460937,0.4427720308303833,2,,101
Kp_ertapenem_R_29339_1#55_573_66565,1,0.34985664,0.2123545110225677,2,,685
Kp_ertapenem_R_29_573_24276,1,0.46302566,0.3711223900318146,2,,101
Kp_ertapenem_R_3086_kpn_573_78014,1,0.40752038,0.4214476644992828,2,,101
Kp_ertapenem_R_30_573_24278,1,0.45876557,0.593741774559021,2,,101
Kp_ertapenem_R_32RA-01_573_78006,1,0.49674815,0.3932102620601654,2,,101
Kp_ertapenem_R_33RA-02_573_78003,1,0.59561914,0.4720749855041504,2,,101
Kp_ertapenem_R_34RA-03_573_77995,1,0.5521098,0.489686518907547,2,,101
Kp_ertapenem_R_40R-02_573_78004,1,0.37269485,0.3944706320762634,2,,868
Kp_ertapenem_R_9i_spring_573_92123,1,0.4251352,0.36712846159935,2,,392
Kp_ertapenem_R_A1-2_573_79057,1,0.3084881,0.3176908195018768,2,,1214
Kp_ertapenem_R_A1-2_573_81622,1,0.28409034,0.2402840256690979,2,,1214
Kp_ertapenem_R_A37134_573_84134,1,0.38119647,0.3918058276176452,2,,101
Kp_ertapenem_R_A37224_573_84133,1,0.45805967,0.4958496987819671,2,,101
Kp_ertapenem_R_ABOVE25_573_77548,1,0.4422639,0.2544481754302978,2,,25
Kp_ertapenem_R_AN-61_573_83573,1,0.40990895,0.3920603692531585,2,,101
Kp_ertapenem_R_AN-91_573_83562,1,0.59561914,0.3569508492946625,2,,101
Kp_ertapenem_R_AR_0040_573_7031,1,0.33611482,0.168411985039711,2,,147
Kp_ertapenem_R_BO-7_573_77796,1,0.30179575,0.3136036694049835,2,,101
Kp_ertapenem_R_CPE_E100_573_81117,1,0.28409034,0.2250331938266754,2,,281
Kp_ertapenem_R_CPE_E102_573_81118,1,0.28409034,0.2052563726902008,2,,281
Kp_ertapenem_R_CPE_E1131_573_81203,1,0.33223477,0.2197977006435394,2,,1665
Kp_ertapenem_R_CPE_E1184_573_81178,1,0.4199429,0.3845365047454834,2,,273
Kp_ertapenem_R_CPE_E162_573_81096,1,0.3741817,0.2880180478096008,2,,792
Kp_ertapenem_R_CPE_E91_573_81120,1,0.31239954,0.2548101842403412,2,,86
Kp_ertapenem_R_CPE_E92_573_81119,1,0.565031,0.6868165731430054,2,,86
Kp_ertapenem_R_CRKP-141_573_80727,1,0.36018392,0.3861556351184845,2,,294
Kp_ertapenem_R_CRKP-9_573_80769,1,0.31787223,0.2356796264648437,2,,147
Kp_ertapenem_R_D18_573_78453,1,0.49471703,0.392598807811737,2,,147
Kp_ertapenem_R_GIMC1046_Kpn111240423_573_80625,1,0.43804523,0.4615021646022796,2,,101
Kp_ertapenem_R_HD1198_573_78563,1,0.44585195,0.4960633218288421,2,,147
Kp_ertapenem_R_K15_autumn_573_92152,1,0.5297105,0.620197594165802,2,,392
Kp_ertapenem_R_K174_autumn_573_92150,1,0.5297105,0.6779806017875671,2,,392
Kp_ertapenem_R_KE9621_573_79225,1,0.5873167,0.4909677803516388,2,,147
Kp_ertapenem_R_KP-101LU_573_46829,1,0.47347468,0.5039061903953552,2,,147
Kp_ertapenem_R_KP-106LU_573_46831,1,0.30536726,0.4246207475662231,2,,147
Kp_ertapenem_R_KP-10PI_573_46832,1,0.31419885,0.3515475690364837,2,,147
Kp_ertapenem_R_KP-11PI_573_46833,1,0.47347468,0.5039061903953552,2,,147
Kp_ertapenem_R_KP-122LU_573_46834,1,0.47347468,0.5039061903953552,2,,147
Kp_ertapenem_R_KP-134LU_573_46835,1,0.47347468,0.5039061903953552,2,,147
Kp_ertapenem_R_KP-135LU_573_46837,1,0.30536726,0.4246207475662231,2,,147
Kp_ertapenem_R_KP-13LU_573_46838,1,0.47347468,0.5039061903953552,2,,147
Kp_ertapenem_R_KP-14442FI_573_46839,1,0.30536726,0.4246207475662231,2,,147
Kp_ertapenem_R_KP-15PI_573_46841,1,0.43478492,0.5936387181282043,2,,147
Kp_ertapenem_R_KP-16PI_573_46842,1,0.47347468,0.5039061903953552,2,,147
Kp_ertapenem_R_KP-17PI_573_46843,1,0.49472654,0.5782397985458374,2,,147
Kp_ertapenem_R_KP-18PI_573_46844,1,0.47347468,0.5039061903953552,2,,147
Kp_ertapenem_R_KP-19PI_573_46845,1,0.47347468,0.5039061903953552,2,,147
Kp_ertapenem_R_KP-20LU_573_46847,1,0.47347468,0.5039061903953552,2,,147
Kp_ertapenem_R_KP-21POB_573_46849,1,0.47347468,0.5039061903953552,2,,147
Kp_ertapenem_R_KP-22PI_573_46850,1,0.49472654,0.5782397985458374,2,,147
Kp_ertapenem_R_KP-23PA_573_46851,1,0.47347468,0.5039061903953552,2,,147
Kp_ertapenem_R_KP-24PI_573_46853,1,0.47347468,0.5039061903953552,2,,147
Kp_ertapenem_R_KP-25PA_573_46854,1,0.47347468,0.5039061903953552,2,,147
Kp_ertapenem_R_KP-26PI_573_46856,1,0.47347468,0.5039061903953552,2,,147
Kp_ertapenem_R_KP-27PI_573_46857,1,0.47347468,0.5039061903953552,2,,147
Kp_ertapenem_R_KP-28P_573_46859,1,0.47347468,0.5039061903953552,2,,147
Kp_ertapenem_R_KP-2LU_573_46858,1,0.47347468,0.5039061903953552,2,,147
Kp_ertapenem_R_KP-38LI_573_46862,1,0.47347468,0.5039061903953552,2,,147
Kp_ertapenem_R_KP-39LI_573_46863,1,0.30536726,0.3501105904579162,2,,147
Kp_ertapenem_R_KP-42LI_573_46864,1,0.47347468,0.5039061903953552,2,,147
Kp_ertapenem_R_KP-43LI_573_46865,1,0.47347468,0.5039061903953552,2,,147
Kp_ertapenem_R_KP-51LI_573_46867,1,0.47347468,0.5039061903953552,2,,147
Kp_ertapenem_R_KP-74LU_573_46868,1,0.47347468,0.5039061903953552,2,,147
Kp_ertapenem_R_KP-82LU_573_46870,1,0.47347468,0.5039061903953552,2,,147
Kp_ertapenem_R_KP-83LU_573_46871,1,0.47347468,0.5039061903953552,2,,147
Kp_ertapenem_R_KP-84LU_573_46872,1,0.47347468,0.5039061903953552,2,,147
Kp_ertapenem_R_KP-8POA_573_46874,1,0.30536726,0.3501105904579162,2,,147
Kp_ertapenem_R_KP-93LU_573_46876,1,0.30536726,0.3910134732723236,2,,147
Kp_ertapenem_R_KP-9PI_573_46877,1,0.47347468,0.5039061903953552,2,,147
Kp_ertapenem_R_KP_RM_1_573_83592,1,0.54460937,0.4431711435317993,2,,101
Kp_ertapenem_R_Kpngiani7132494_573_29971,1,0.39895812,0.3769097924232483,2,,147
Kp_ertapenem_R_Kpngiani7132498_573_29970,1,0.30335218,0.1807203590869903,2,,147
Kp_ertapenem_R_Kpngiani7132504_573_29961,1,0.4511744,0.3828766644001007,2,,101
Kp_ertapenem_R_Kpngiani7132526_573_29967,1,0.5521098,0.489686518907547,2,,101
Kp_ertapenem_R_Kpngiani7132527_573_29983,1,0.5521098,0.489686518907547,2,,101
Kp_ertapenem_R_Kpngiani7132528_573_29975,1,0.5521098,0.489686518907547,2,,101
Kp_ertapenem_R_Kpngiani7132529_573_29985,1,0.5521098,0.489686518907547,2,,101
Kp_ertapenem_R_Kpngiani7132533_573_30007,1,0.5521098,0.489686518907547,2,,101
Kp_ertapenem_R_Kpngiani7132534_573_30010,1,0.5521098,0.489686518907547,2,,101
Kp_ertapenem_R_Kpngiani7132538_573_30017,1,0.5521098,0.489686518907547,2,,101
Kp_ertapenem_R_Kpngiani7132539_573_30001,1,0.5521098,0.489686518907547,2,,101
Kp_ertapenem_R_Kpngiani7132544_573_30008,1,0.5521098,0.489686518907547,2,,101
Kp_ertapenem_R_Kpngiani7132545_573_30012,1,0.5521098,0.489686518907547,2,,101
Kp_ertapenem_R_Kpngiani7132549_573_30009,1,0.5521098,0.489686518907547,2,,101
Kp_ertapenem_R_Kpngiani7132553_573_29996,1,0.5521098,0.489686518907547,2,,101
Kp_ertapenem_R_Kpngiani7132555_573_29992,1,0.5521098,0.489686518907547,2,,101
Kp_ertapenem_R_Kpngiani7132556_573_29995,1,0.34120387,0.3206617534160614,2,,2185
Kp_ertapenem_R_Kpngiani7132562_573_29863,1,0.5521098,0.489686518907547,2,,101
Kp_ertapenem_R_Kpngiani7132564_573_29870,1,0.5521098,0.489686518907547,2,,101
Kp_ertapenem_R_Kpngiani7132567_573_29868,1,0.40594098,0.3729332983493805,2,,101
Kp_ertapenem_R_Kpngiani7132570_573_29875,1,0.5521098,0.489686518907547,2,,101
Kp_ertapenem_R_Kpngiani7132599_573_29907,1,0.5521098,0.489686518907547,2,,101
Kp_ertapenem_R_Kpngiani7132606_573_29905,1,0.5521098,0.489686518907547,2,,101
Kp_ertapenem_R_Kpngiani7132610_573_29900,1,0.36260915,0.4493020176887512,2,,1507
Kp_ertapenem_R_Kpngiani7132616_573_29916,1,0.5521098,0.489686518907547,2,,101
Kp_ertapenem_R_MUGSI_320_573_24402,1,0.40810975,0.49859619140625,2,,147
Kp_ertapenem_R_MUGSI_42_573_24411,1,0.58942336,0.7044397592544556,2,,147
Kp_ertapenem_R_NA-28_573_77794,1,0.39038727,0.4336816668510437,2,,101
Kp_ertapenem_R_NA-31_573_77813,1,0.4419507,0.4159549474716186,2,,101
Kp_ertapenem_R_PA-15_573_77788,1,0.5705137,0.4315242767333984,2,,101
Kp_ertapenem_R_TO-19_573_77811,1,0.59561914,0.4720749855041504,2,,101
Kp_ertapenem_R_TO-20_573_77809,1,0.441955,0.3691444993019104,2,,101
Kp_ertapenem_R_TO-21_573_77808,1,0.35445353,0.3414314985275268,2,,101
Kp_ertapenem_R_TO-23_573_77806,1,0.5521098,0.489686518907547,2,,101
Kp_ertapenem_R_VE-19_573_77795,1,0.441955,0.3691444993019104,2,,101
Kp_ertapenem_R_WYKP194_573_80775,1,0.29450598,0.1717199385166168,2,,86
Kp_ertapenem_S_025D_573_84186,0,0.53365064,0.6171665787696838,2,,147
Kp_ertapenem_S_02_573_80980,0,0.49854454,0.5808276534080505,2,,792
Kp_ertapenem_S_032D_573_84185,0,0.56159776,0.588445782661438,2,,147
Kp_ertapenem_S_1021096_573_81056,0,0.28409034,0.2261421084403991,2,,4
Kp_ertapenem_S_1041VMA17_573_81586,0,0.37486917,0.389067679643631,2,,101
Kp_ertapenem_S_10718_22_573_78751,0,0.4251352,0.3671568036079407,2,,147
Kp_ertapenem_S_1080525_573_81052,0,0.56289196,0.6170908808708191,2,,147
Kp_ertapenem_S_1091362_573_81051,0,0.45474616,0.4273668229579925,2,,147
Kp_ertapenem_S_1096796_573_81047,0,0.39628723,0.387994647026062,2,,147
Kp_ertapenem_S_1096799_573_81040,0,0.39628723,0.387994647026062,2,,147
Kp_ertapenem_S_1167_kpn_573_78049,0,0.4161693,0.3912024199962616,2,,147
Kp_ertapenem_S_1184_573_80928,0,0.28409034,0.2029956132173538,2,,4
Kp_ertapenem_S_1189_573_80929,0,0.4619832,0.4774932563304901,2,,147
Kp_ertapenem_S_1197_573_80924,0,0.28409034,0.2029956132173538,2,,4
Kp_ertapenem_S_1198_573_80920,0,0.28409034,0.2029956132173538,2,,4
Kp_ertapenem_S_1202_573_80918,0,0.4619832,0.4774932563304901,2,,147
Kp_ertapenem_S_1204_573_80916,0,0.4619832,0.4774932563304901,2,,147
Kp_ertapenem_S_1247_573_80914,0,0.4619832,0.4774932563304901,2,,147
Kp_ertapenem_S_1251_573_80908,0,0.4619832,0.4774932563304901,2,,147
Kp_ertapenem_S_136A6_573_78188,0,0.31416413,0.2221301347017288,2,,147
Kp_ertapenem_S_1401_573_83971,0,0.45876557,0.593741774559021,2,,101
Kp_ertapenem_S_1427_573_83965,0,0.4361417,0.4796255528926849,2,,101
Kp_ertapenem_S_1523_kpn_573_78042,0,0.30951315,0.2827900052070617,2,,147
Kp_ertapenem_S_155_kpn_573_78052,0,0.39482087,0.3745189905166626,2,,147
Kp_ertapenem_S_158_kpn_573_78053,0,0.40145797,0.3559742569923401,2,,147
Kp_ertapenem_S_184B1_573_78171,0,0.28851888,0.2313970476388931,2,,281
Kp_ertapenem_S_18S04225-1_573_81943,0,0.28851888,0.1573957055807113,2,,25
Kp_ertapenem_S_18S04230-1_573_81940,0,0.28851888,0.1573957055807113,2,,25
Kp_ertapenem_S_18S04232-1_573_82128,0,0.28851888,0.1573957055807113,2,,25
Kp_ertapenem_S_1921kSG22_573_81580,0,0.49179134,0.6221437454223633,2,,147
Kp_ertapenem_S_193_573_24259,0,0.34120387,0.3423241078853607,2,,38
Kp_ertapenem_S_1_573_77738,0,0.54657876,0.6955578327178955,2,,273
Kp_ertapenem_S_2049DZ24_573_81564,0,0.42598504,0.4399578869342804,2,,147
Kp_ertapenem_S_2060mDZ24_573_81546,0,0.42598504,0.4399578869342804,2,,147
Kp_ertapenem_S_20IR1029_573_79433,0,0.28851888,0.2919135689735412,2,,25
Kp_ertapenem_S_213G4_573_78162,0,0.28409034,0.1701629757881164,2,,1109
Kp_ertapenem_S_214I8_573_78167,0,0.32543603,0.3758532404899597,2,,147
Kp_ertapenem_S_217-63_573_80933,0,0.29767495,0.3184851408004761,2,,25
Kp_ertapenem_S_217J9_573_78168,0,0.39202487,0.3891619741916656,2,,392
Kp_ertapenem_S_2276_kpn_573_78041,0,0.39482087,0.3745189905166626,2,,147
Kp_ertapenem_S_22S00273-1_573_82116,0,0.28851888,0.1573957055807113,2,,25
Kp_ertapenem_S_22S00275-1_573_82104,0,0.28851888,0.1573957055807113,2,,25
Kp_ertapenem_S_22S00276-1_573_81938,0,0.28851888,0.1573957055807113,2,,25
Kp_ertapenem_S_22S00281-1_573_82120,0,0.57387084,0.5868188142776489,2,,25
Kp_ertapenem_S_22S00291-1_573_82107,0,0.55002785,0.5350376963615417,2,,25
Kp_ertapenem_S_22S00294-1_573_82099,0,0.5395532,0.2892712950706482,2,,219
Kp_ertapenem_S_235C9_573_78164,0,0.4264982,0.579340934753418,2,,147
Kp_ertapenem_S_255_573_24270,0,0.34120387,0.3423241078853607,2,,38
Kp_ertapenem_S_2564_22_573_78748,0,0.40582222,0.4473697543144226,2,,147
Kp_ertapenem_S_261H7_573_78150,0,0.38314894,0.324998140335083,2,,147
Kp_ertapenem_S_266C1_573_78148,0,0.36316043,0.4140545427799225,2,,22
Kp_ertapenem_S_2674_22_573_78705,0,0.48192,0.340752512216568,2,,147
Kp_ertapenem_S_26994_7#23_573_66355,0,0.31114575,0.2412658780813217,2,,147
Kp_ertapenem_S_27261_8#29_573_66462,0,0.28409034,0.1952102482318878,2,,7
Kp_ertapenem_S_27322_4#16_573_66516,0,0.28409034,0.2278127372264862,2,,337
Kp_ertapenem_S_289X9_573_78145,0,0.55002785,0.5142783522605896,2,,147
Kp_ertapenem_S_29105_1#161_573_66550,0,0.45474616,0.4924932420253753,2,,101
Kp_ertapenem_S_29339_1#47_573_66562,0,0.39226568,0.3368080556392669,2,,273
Kp_ertapenem_S_3079_kpn_573_78018,0,0.39482087,0.3745189905166626,2,,147
Kp_ertapenem_S_310_573_24281,0,0.28409034,0.2139103859663009,2,,35
Kp_ertapenem_S_311_573_24282,0,0.3450132,0.3793927431106567,2,,25
Kp_ertapenem_S_312J9_573_78138,0,0.4264982,0.579340934753418,2,,147
Kp_ertapenem_S_318H10_573_78133,0,0.4404548,0.4205103516578674,2,,101
Kp_ertapenem_S_322A10_573_78130,0,0.44417578,0.4450772404670715,2,,25
Kp_ertapenem_S_335K10_573_78137,0,0.34828824,0.3342090845108032,2,,147
Kp_ertapenem_S_341-2b_573_83448,0,0.36985117,0.3279272019863128,2,,286
Kp_ertapenem_S_343-2b_573_83436,0,0.28851888,0.1633453220129013,2,,1204
Kp_ertapenem_S_347-2b_573_83424,0,0.28409034,0.1829723417758941,2,,58
Kp_ertapenem_S_3_573_77732,0,0.4457824,0.4085274934768677,2,,412
Kp_ertapenem_S_400_573_24298,0,0.34120387,0.3423241078853607,2,,38
Kp_ertapenem_S_402_573_24300,0,0.34120387,0.3423241078853607,2,,38
Kp_ertapenem_S_4487_1SG22_573_81572,0,0.4063711,0.3769885897636413,2,,147
Kp_ertapenem_S_45KAL09_573_81552,0,0.3685485,0.5613951683044434,2,,101
Kp_ertapenem_S_47_Alex_S306_573_78814,0,0.41354018,0.4288163185119629,2,,22
Kp_ertapenem_S_510363-22_573_81838,0,0.28409034,0.1950185447931289,2,,610
Kp_ertapenem_S_511433-22_573_81837,0,0.28409034,0.1950185447931289,2,,610
Kp_ertapenem_S_64_2_573_77923,0,0.28409034,0.157007560133934,2,,25
Kp_ertapenem_S_6700349_573_81685,0,0.3296235,0.2945255637168884,2,,1774
Kp_ertapenem_S_6700362_573_81684,0,0.3296235,0.2945255637168884,2,,1774
Kp_ertapenem_S_6700771_573_83652,0,0.28851888,0.2910060584545135,2,,35
Kp_ertapenem_S_6715841_573_83654,0,0.28851888,0.1561692357063293,2,,320
Kp_ertapenem_S_6715894_573_83661,0,0.28409034,0.1206458732485771,2,,320
Kp_ertapenem_S_6720473_573_83663,0,0.28409034,0.1820253282785415,2,,320
Kp_ertapenem_S_6730035_573_83676,0,0.47033578,0.4185780882835388,2,,101
Kp_ertapenem_S_6730723_573_83657,0,0.42598504,0.4399578869342804,2,,147
Kp_ertapenem_S_676998_573_81044,0,0.29450598,0.1672186702489853,2,,685
Kp_ertapenem_S_70971171_573_79255,0,0.38062748,0.4690946340560913,2,,101
Kp_ertapenem_S_70983262_573_79254,0,0.28409034,0.1353463232517242,2,,35
Kp_ertapenem_S_731045_573_81039,0,0.45474616,0.4273668229579925,2,,147
Kp_ertapenem_S_775268_573_81034,0,0.5557547,0.597079336643219,2,,101
Kp_ertapenem_S_8287_22_573_78707,0,0.35793766,0.2539535164833069,2,,147
Kp_ertapenem_S_846745_573_81008,0,0.42598504,0.4886494278907776,2,,147
Kp_ertapenem_S_882763_573_81015,0,0.52597773,0.6470736861228943,2,,147
Kp_ertapenem_S_890587_573_81014,0,0.52597773,0.6470736861228943,2,,147
Kp_ertapenem_S_896049_573_81013,0,0.52597773,0.6470736861228943,2,,147
Kp_ertapenem_S_8_kpn_573_78060,0,0.31434202,0.3060342371463775,2,,147
Kp_ertapenem_S_908691_573_81012,0,0.52597773,0.6470736861228943,2,,147
Kp_ertapenem_S_927280_573_81028,0,0.45474616,0.4273668229579925,2,,147
Kp_ertapenem_S_928507_573_81022,0,0.56289196,0.6170908808708191,2,,147
Kp_ertapenem_S_930_573_77990,0,0.43865722,0.3444434404373169,2,,685
Kp_ertapenem_S_931183_573_81026,0,0.39628723,0.387994647026062,2,,147
Kp_ertapenem_S_941870_573_81020,0,0.45474616,0.4273668229579925,2,,147
Kp_ertapenem_S_953369_573_81025,0,0.56289196,0.6170908808708191,2,,147
Kp_ertapenem_S_9702_22_573_78709,0,0.4056847,0.5423179864883423,2,,147
Kp_ertapenem_S_9BUR14_573_81551,0,0.41248977,0.4036256074905395,2,,147
Kp_ertapenem_S_A19-1_573_78857,0,0.44237235,0.2340563237667083,2,,25
Kp_ertapenem_S_A4-2_573_78856,0,0.349038,0.4783308207988739,2,,964
Kp_ertapenem_S_ABOVE55_573_77550,0,0.39577717,0.4137510061264038,2,,25
Kp_ertapenem_S_AIIMSBBSRODBLD3727KP_573_80807,0,0.5521098,0.4918220341205597,2,,147
Kp_ertapenem_S_AJ174-2_573_79314,0,0.41377434,0.3867417275905609,2,,86
Kp_ertapenem_S_AR8231_573_83775,0,0.28409034,0.1993469595909118,2,,458
Kp_ertapenem_S_AR8288_573_83770,0,0.565031,0.6884291172027588,2,,147
Kp_ertapenem_S_AR8447_573_83732,0,0.59561914,0.6014911532402039,2,,147
Kp_ertapenem_S_AR8523_573_83705,0,0.3922566,0.4118868410587311,2,,1106
Kp_ertapenem_S_BP310Ae_573_83506,0,0.35155445,0.4365319609642029,2,,107
Kp_ertapenem_S_C5707951_573_77913,0,0.34141314,0.2403285950422287,2,,25
Kp_ertapenem_S_CFI_110_OXA232_573_77417,0,0.46869472,0.5295370817184448,2,,101
Kp_ertapenem_S_CFI_147_OXA48_573_77416,0,0.4536996,0.4471283555030823,2,,101
Kp_ertapenem_S_CHURS_170744_573_79188,0,0.28409034,0.1983745843172073,2,,1628
Kp_ertapenem_S_CHURS_171703_573_79184,0,0.28409034,0.1983745843172073,2,,1628
Kp_ertapenem_S_CN-314-F_573_79279,0,0.28851888,0.197251096367836,2,,315
Kp_ertapenem_S_CN-326-F_573_79278,0,0.28409034,0.1892212778329849,2,,869
Kp_ertapenem_S_CN-330-D_573_79294,0,0.28851888,0.2004011571407318,2,,315
Kp_ertapenem_S_CN-677-F_573_79300,0,0.2977867,0.263433575630188,2,,35
Kp_ertapenem_S_CN-686-F_573_79305,0,0.36213723,0.3413628935813904,2,,25
Kp_ertapenem_S_CN-713-D_573_79272,0,0.28409034,0.1950185447931289,2,,1798
Kp_ertapenem_S_CN-722-D_573_79274,0,0.28409034,0.1950185447931289,2,,1798
Kp_ertapenem_S_CN-75-F_573_79287,0,0.28851888,0.2800991535186767,2,,35
Kp_ertapenem_S_CRE125_573_78119,0,0.3042137,0.3087891936302185,2,,25
Kp_ertapenem_S_CRE50_573_84177,0,0.32476497,0.1846939772367477,2,,412
Kp_ertapenem_S_CRKP-11_573_80767,0,0.30043542,0.3152877986431122,2,,1140
Kp_ertapenem_S_CRKP-1_573_80772,0,0.59561914,0.5889778137207031,2,,685
Kp_ertapenem_S_CT209_573_81749,0,0.5335547,0.5306013822555542,2,,147
Kp_ertapenem_S_D17_573_78450,0,0.31416413,0.1752555817365646,2,,147
Kp_ertapenem_S_D3096bin4_573_78354,0,0.47903058,0.4137292504310608,2,,412
Kp_ertapenem_S_DR_54-CIP_573_83502,0,0.28409034,0.1054405868053436,2,,294
Kp_ertapenem_S_DR_55-CIP_573_83501,0,0.28409034,0.1566201746463775,2,,294
Kp_ertapenem_S_EX1012_573_79247,0,0.28409034,0.2528910934925079,2,,242
Kp_ertapenem_S_FFDD-1005_573_82005,0,0.41384143,0.5169917345046997,2,,985
Kp_ertapenem_S_FFDD-113315-L1156_573_82037,0,0.28409034,0.2451753616333007,2,,491
Kp_ertapenem_S_FFDD-225_573_82007,0,0.43242794,0.2472596764564514,2,,273
Kp_ertapenem_S_FFDD-704836-L1031_573_82033,0,0.29572263,0.3094670176506042,2,,491
Kp_ertapenem_S_FFDD-926_573_82011,0,0.28409034,0.186317041516304,2,,35
Kp_ertapenem_S_FFMG-030-7-21-B_573_82036,0,0.31261438,0.207857146859169,2,,35
Kp_ertapenem_S_FFMG-103-10-21_573_82016,0,0.28409034,0.1690626442432403,2,,35
Kp_ertapenem_S_FFMG-667-2-21-A_573_82019,0,0.34323514,0.322435975074768,2,,35
Kp_ertapenem_S_FK6658-HR_573_83819,0,0.36595926,0.196363478899002,2,,22
Kp_ertapenem_S_FK7242-HR_573_83820,0,0.36595926,0.196363478899002,2,,22
Kp_ertapenem_S_FK7291-HR_573_83818,0,0.36595926,0.196363478899002,2,,22
Kp_ertapenem_S_FR21NBEN5679_573_84017,0,0.35617864,0.356481671333313,2,,101
Kp_ertapenem_S_FR21PNGO4977_573_84015,0,0.28851888,0.2147737443447113,2,,35
Kp_ertapenem_S_FR21SMEK2043_573_84007,0,0.28409034,0.2278556823730468,2,,1322
Kp_ertapenem_S_GDKL-100_573_77847,0,0.42041644,0.3989880681037903,2,,726
Kp_ertapenem_S_GDKL-115_573_77852,0,0.42041644,0.4001613855361938,2,,726
Kp_ertapenem_S_GDKL-15_573_77855,0,0.42041644,0.4002529382705688,2,,726
Kp_ertapenem_S_GDKL-26-1_573_77883,0,0.3041465,0.3206883370876312,2,,107
Kp_ertapenem_S_GDKL-2_573_77882,0,0.28851888,0.2125587463378906,2,,107
Kp_ertapenem_S_GDKL-30_573_77846,0,0.42041644,0.4001613855361938,2,,726
Kp_ertapenem_S_GDKL-49_573_77873,0,0.53132415,0.5941208004951477,2,,147
Kp_ertapenem_S_GDKL-52-2_573_77851,0,0.4087419,0.3886542618274688,2,,726
Kp_ertapenem_S_GDKL-53-1_573_77853,0,0.37602144,0.378247320652008,2,,726
Kp_ertapenem_S_GDKL-6-2_573_77856,0,0.37602144,0.378247320652008,2,,726
Kp_ertapenem_S_GDKL-66_573_77857,0,0.37602144,0.3782688975334167,2,,726
Kp_ertapenem_S_GDKL-67-1_573_77850,0,0.37147957,0.3867707252502441,2,,726
Kp_ertapenem_S_GDKL-75_573_77854,0,0.3827789,0.3998775780200958,2,,726
Kp_ertapenem_S_GDKL-N35_573_77879,0,0.29572263,0.2289744168519973,2,,35
Kp_ertapenem_S_GDKL-N7_573_77870,0,0.32979593,0.2074554562568664,2,,273
Kp_ertapenem_S_GDKL-Q3_573_77849,0,0.4087419,0.3898767828941345,2,,726
Kp_ertapenem_S_GDKL-Q5_573_77884,0,0.3041465,0.3206883370876312,2,,107
Kp_ertapenem_S_GN4144_573_81874,0,0.30179575,0.3096757233142853,2,,25
Kp_ertapenem_S_H003044_573_77910,0,0.41534433,0.2766966521739959,2,,25
Kp_ertapenem_S_H1-2_573_78830,0,0.28409034,0.2463519871234893,2,,337
Kp_ertapenem_S_H3_573_77896,0,0.5873167,0.4909677803516388,2,,147
Kp_ertapenem_S_HD2888_573_78488,0,0.28409034,0.1771693229675293,2,,806
Kp_ertapenem_S_HN278_573_81522,0,0.41264325,0.5215016007423401,2,,22
Kp_ertapenem_S_HS-144_573_78465,0,0.50599223,0.5176928043365479,2,,147
Kp_ertapenem_S_HU124_573_81519,0,0.31261438,0.2081789374351501,2,,35
Kp_ertapenem_S_HU125_573_81520,0,0.30797607,0.2204263508319854,2,,35
Kp_ertapenem_S_HU127_573_81518,0,0.31261438,0.207857146859169,2,,35
Kp_ertapenem_S_HU133_573_81517,0,0.30797607,0.2204263508319854,2,,35
Kp_ertapenem_S_HU134_573_81514,0,0.34323514,0.322435975074768,2,,35
Kp_ertapenem_S_HU172_573_81495,0,0.31261438,0.2081789374351501,2,,35
Kp_ertapenem_S_HU192_573_81508,0,0.31261438,0.207857146859169,2,,35
Kp_ertapenem_S_HU63_573_81500,0,0.29450598,0.2043220549821853,2,,22
Kp_ertapenem_S_I08048554_573_77909,0,0.3249418,0.343431144952774,2,,25
Kp_ertapenem_S_INFBF11023_573_78345,0,0.42662865,0.4804482161998749,2,,147
Kp_ertapenem_S_K-210908y245-v-m1_573_78572,0,0.28409034,0.1732182651758194,2,,35
Kp_ertapenem_S_K-210908y408-2v-m1_573_78573,0,0.28409034,0.1732182651758194,2,,35
Kp_ertapenem_S_K-BYS20e89_573_78586,0,0.28409034,0.1826441138982772,2,,528
Kp_ertapenem_S_K-DXH20e234_573_78582,0,0.565031,0.6923300623893738,2,,219
Kp_ertapenem_S_K12_573_77677,0,0.31744948,0.1905733346939087,2,,147
Kp_ertapenem_S_K17_573_77674,0,0.3269957,0.3145767450332641,2,,2454
Kp_ertapenem_S_K20_573_77671,0,0.40201703,0.3926788568496704,2,,147
Kp_ertapenem_S_K25_573_77669,0,0.40145797,0.3559742569923401,2,,147
Kp_ertapenem_S_K28_573_77666,0,0.31744948,0.1905733346939087,2,,147
Kp_ertapenem_S_K50_573_77657,0,0.31744948,0.1905733346939087,2,,147
Kp_ertapenem_S_K62_573_77648,0,0.34985664,0.2125791907310485,2,,147
Kp_ertapenem_S_K9_573_77679,0,0.31744948,0.1905733346939087,2,,147
Kp_ertapenem_S_KE9400_573_79235,0,0.31416413,0.2323101460933685,2,,101
Kp_ertapenem_S_KE9424_573_79234,0,0.40460432,0.5036010146141052,2,,101
Kp_ertapenem_S_KE9705_573_79215,0,0.33257926,0.6234574913978577,2,,147
Kp_ertapenem_S_KID1_573_81759,0,0.34323514,0.322435975074768,2,,35
Kp_ertapenem_S_KID2_573_81755,0,0.34323514,0.322435975074768,2,,35
Kp_ertapenem_S_KLEPN-0024_573_77506,0,0.43839693,0.5203135013580322,2,,101
Kp_ertapenem_S_KLEPN-0196_573_77503,0,0.32069623,0.3417017757892608,2,,101
Kp_ertapenem_S_KP-400254_573_77772,0,0.2974233,0.2487166225910186,2,,726
Kp_ertapenem_S_KP-408437_573_77766,0,0.42903408,0.4055664241313934,2,,147
Kp_ertapenem_S_KP-412035_573_77750,0,0.30025646,0.2938602268695831,2,,35
Kp_ertapenem_S_KP-419030_573_77762,0,0.28409034,0.1943295896053314,2,,280
Kp_ertapenem_S_KP-HB21H30772_573_78600,0,0.33257926,0.6212357878684998,2,,86
Kp_ertapenem_S_KP00521_573_78566,0,0.28409034,0.2254166156053543,2,,1047
Kp_ertapenem_S_KP15_573_77436,0,0.4663512,0.4211946427822113,2,,101
Kp_ertapenem_S_KP16286_573_83588,0,0.38337478,0.2229961156845092,2,,147
Kp_ertapenem_S_KP1724_2019_573_77686,0,0.40281516,0.3548800945281982,2,,25
Kp_ertapenem_S_KP1908_573_80894,0,0.31725842,0.1143685206770896,2,,147
Kp_ertapenem_S_KP1930_573_80848,0,0.31725842,0.1143685206770896,2,,147
Kp_ertapenem_S_KP217-63_573_80838,0,0.32342032,0.3436307609081268,2,,25
Kp_ertapenem_S_KP218-13_573_80836,0,0.32342032,0.3436307609081268,2,,25
Kp_ertapenem_S_KP218-19_573_80835,0,0.37288234,0.3327201902866363,2,,25
Kp_ertapenem_S_KP218_573_83602,0,0.28851888,0.2413776069879531,2,,35
Kp_ertapenem_S_KP219-10_573_80833,0,0.37516797,0.3545064032077789,2,,25
Kp_ertapenem_S_KP27_UID2108280023_573_79346,0,0.49017084,0.4935611486434936,2,,664
Kp_ertapenem_S_KP29_UID2108280025_573_79348,0,0.41638282,0.4245909452438354,2,,147
Kp_ertapenem_S_KP34_UID2108280030_573_79352,0,0.28409034,0.2052563726902008,2,,193
Kp_ertapenem_S_KP35_UID2108280031_573_79353,0,0.32127777,0.2602484226226806,2,,375
Kp_ertapenem_S_KP4075_2010_573_77693,0,0.5750111,0.5449527502059937,2,,147
Kp_ertapenem_S_KP43_573_83486,0,0.38021448,0.4262320101261139,2,,101
Kp_ertapenem_S_KP44_UID2108280040_573_79156,0,0.34323514,0.322435975074768,2,,35
Kp_ertapenem_S_KP53_573_83482,0,0.28409034,0.222700148820877,2,,193
Kp_ertapenem_S_KPNCDS18_573_77988,0,0.36349934,0.354977935552597,2,,101
Kp_ertapenem_S_KPNCDS22_573_78680,0,0.4251352,0.3671568036079407,2,,147
Kp_ertapenem_S_KPNCDS38_573_79407,0,0.34160465,0.262676328420639,2,,25
Kp_ertapenem_S_KPUK02_573_77427,0,0.38314894,0.3231264054775238,2,,86
Kp_ertapenem_S_KP_B110_573_83531,0,0.39202487,0.3891619741916656,2,,392
Kp_ertapenem_S_Kes00009_573_82173,0,0.28409034,0.217129960656166,2,,596
Kp_ertapenem_S_Klebsiella_573_78575,0,0.28409034,0.2254166156053543,2,,1047
Kp_ertapenem_S_Kp17_573_83630,0,0.349038,0.4777825474739074,2,,25
Kp_ertapenem_S_Kp196_573_77474,0,0.41264325,0.5215016007423401,2,,101
Kp_ertapenem_S_Kp232_573_77465,0,0.41264325,0.5215016007423401,2,,101
Kp_ertapenem_S_Kp234_573_77455,0,0.41264325,0.5215016007423401,2,,101
Kp_ertapenem_S_Kp240_573_77453,0,0.30795184,0.2297943532466888,2,,636
Kp_ertapenem_S_Kp242_573_77457,0,0.28409034,0.1816258132457733,2,,528
Kp_ertapenem_S_Kp248_573_77449,0,0.33257926,0.6234574913978577,2,,147
Kp_ertapenem_S_Kp7_573_83631,0,0.349038,0.4777825474739074,2,,25
Kp_ertapenem_S_KpA511_573_80701,0,0.38189188,0.3778132498264313,2,,219
Kp_ertapenem_S_KpA704_573_80696,0,0.31725842,0.1143190711736679,2,,107
Kp_ertapenem_S_KpA828_573_83794,0,0.41079435,0.3049076795578003,2,,25
Kp_ertapenem_S_Kpn02037_573_82161,0,0.565031,0.6923300623893738,2,,219
Kp_ertapenem_S_Kpn02038_573_82151,0,0.565031,0.6923300623893738,2,,219
Kp_ertapenem_S_Kpn02041_573_82148,0,0.28409034,0.1595772355794906,2,,26
Kp_ertapenem_S_Kpn02054_573_82160,0,0.565031,0.6923300623893738,2,,219
Kp_ertapenem_S_Kpn02058_573_82145,0,0.565031,0.6923300623893738,2,,219
Kp_ertapenem_S_Kpn02064_573_82146,0,0.565031,0.6923300623893738,2,,219
Kp_ertapenem_S_Kpn02068_573_82164,0,0.565031,0.6923300623893738,2,,219
Kp_ertapenem_S_Kpn02069_573_82175,0,0.565031,0.6923300623893738,2,,219
Kp_ertapenem_S_Kpn02070_573_82177,0,0.565031,0.6923300623893738,2,,219
Kp_ertapenem_S_Kpn02073_573_82169,0,0.565031,0.6923300623893738,2,,219
Kp_ertapenem_S_Kpn02076_573_82171,0,0.565031,0.6923300623893738,2,,219
Kp_ertapenem_S_Kpn02078_573_82176,0,0.565031,0.6923300623893738,2,,219
Kp_ertapenem_S_Kpn02081_573_82187,0,0.33891207,0.3342090845108032,2,,308
Kp_ertapenem_S_Kpn02085_573_82162,0,0.28409034,0.1885853409767151,2,,966
Kp_ertapenem_S_Kpn02089_573_82167,0,0.28409034,0.1927292048931121,2,,966
Kp_ertapenem_S_Kpn02090_573_82165,0,0.28409034,0.1927292048931121,2,,966
Kp_ertapenem_S_Kpn02091_573_82163,0,0.28409034,0.1927292048931121,2,,966
Kp_ertapenem_S_Kpn02093_573_82190,0,0.28409034,0.1927292048931121,2,,966
Kp_ertapenem_S_Kpn02094_573_82189,0,0.28409034,0.1927292048931121,2,,966
Kp_ertapenem_S_Kpn02095_573_82178,0,0.28409034,0.1927292048931121,2,,966
Kp_ertapenem_S_Kpn02096_573_82179,0,0.28409034,0.1927292048931121,2,,966
Kp_ertapenem_S_Kpn02097_573_82172,0,0.28409034,0.1927292048931121,2,,966
Kp_ertapenem_S_Kpn02098_573_82180,0,0.28409034,0.1926152855157852,2,,966
Kp_ertapenem_S_Kpn02108_573_82184,0,0.28409034,0.1927292048931121,2,,966
Kp_ertapenem_S_Kpn02109_573_82182,0,0.28409034,0.1927292048931121,2,,966
Kp_ertapenem_S_Kpn1241_573_78797,0,0.28409034,0.2008710205554962,2,,1241
Kp_ertapenem_S_Kpn14_573_81440,0,0.3391373,0.3337881863117218,2,,101
Kp_ertapenem_S_Kpn219_573_78778,0,0.565031,0.6923300623893738,2,,219
Kp_ertapenem_S_Kpn279_573_78790,0,0.28409034,0.1940621584653854,2,,279
Kp_ertapenem_S_Kpn290_573_78791,0,0.28851888,0.1828993707895279,2,,636
Kp_ertapenem_S_Kpn301_573_78769,0,0.28880274,0.3115054070949554,2,,301
Kp_ertapenem_S_Kpn6820-Lar_573_79369,0,0.28409034,0.2055352926254272,2,,788
Kp_ertapenem_S_Kpn788_573_78772,0,0.29002297,0.2445884793996811,2,,788
Kp_ertapenem_S_Kpn_1_573_80939,0,0.4639768,0.337224006652832,2,,25
Kp_ertapenem_S_L5151_573_81388,0,0.28409034,0.1871326863765716,2,,499
Kp_ertapenem_S_LA96_573_78619,0,0.28409034,0.1927671879529953,2,,375
Kp_ertapenem_S_LACPHL-BACT-2024-00248_573_78805,0,0.31702211,0.3574554026126861,2,,25
Kp_ertapenem_S_LACPHL-BACT-2024-00261_573_78695,0,0.3050093,0.3550198376178741,2,,25
Kp_ertapenem_S_MAG230_573_84041,0,0.34323514,0.2892838418483734,2,,1138
Kp_ertapenem_S_MAR172_573_79445,0,0.39266917,0.1318424493074417,2,,147
Kp_ertapenem_S_MBBL2_573_79355,0,0.31416413,0.1364357024431228,2,,273
Kp_ertapenem_S_MMSV3_573_78079,0,0.28409034,0.1717894226312637,2,,636
Kp_ertapenem_S_MRSN119486_573_80594,0,0.28409034,0.185135543346405,2,,375
Kp_ertapenem_S_NICU_1_P3_573_31032,0,0.32476497,0.2247778624296188,2,,985
Kp_ertapenem_S_NNKP_2024.5_573_81844,0,0.5251988,0.7533760070800781,2,,147
Kp_ertapenem_S_NUBL-17197_573_77487,0,0.3375413,0.3119244575500488,2,,412
Kp_ertapenem_S_NUBL-17200_573_77485,0,0.28409034,0.2336626499891281,2,,193
Kp_ertapenem_S_NUBL-19416_573_77484,0,0.35157388,0.3203958868980407,2,,412
Kp_ertapenem_S_NUBL-22011_573_77495,0,0.40582222,0.4875209033489227,2,,25
Kp_ertapenem_S_NUBL-22014_573_77488,0,0.33257926,0.6234574913978577,2,,412
Kp_ertapenem_S_NUBL-22017_573_77483,0,0.28851888,0.2380627393722534,2,,774
Kp_ertapenem_S_P0003_573_84244,0,0.32476497,0.2254592627286911,2,,985
Kp_ertapenem_S_P0010_573_84268,0,0.32476497,0.2254592627286911,2,,985
Kp_ertapenem_S_P0011_573_84267,0,0.28409034,0.1959784924983978,2,,752
Kp_ertapenem_S_P0015_573_84241,0,0.32476497,0.2254592627286911,2,,985
Kp_ertapenem_S_P0482_573_84257,0,0.32476497,0.235767588019371,2,,985
Kp_ertapenem_S_P0736_573_84262,0,0.32476497,0.2287589609622955,2,,985
Kp_ertapenem_S_P1209_573_84249,0,0.32476497,0.2191285341978073,2,,985
Kp_ertapenem_S_P1214_573_84255,0,0.32476497,0.2254592627286911,2,,985
Kp_ertapenem_S_PB127_573_5665,0,0.31416413,0.2502250969409942,2,,995
Kp_ertapenem_S_PB199_573_5814,0,0.28851888,0.2147737443447113,2,,35
Kp_ertapenem_S_PB22_573_5661,0,0.51012355,0.6216844916343689,2,,1530
Kp_ertapenem_S_PB295_573_5695,0,0.31774423,0.2757143974304199,2,,101
Kp_ertapenem_S_PB38_573_5815,0,0.28409034,0.1690626442432403,2,,35
Kp_ertapenem_S_PB425_573_5795,0,0.32441825,0.2982997000217438,2,,101
Kp_ertapenem_S_PS2Canimalfood2_573_83616,0,0.31928965,0.253098726272583,2,,752
Kp_ertapenem_S_PS3Menvironment2_573_83617,0,0.28409034,0.2476688474416732,2,,1303
Kp_ertapenem_S_RHURS_0113_573_79179,0,0.34120387,0.3423241078853607,2,,38
Kp_ertapenem_S_RHURS_0114_573_79180,0,0.34120387,0.3423241078853607,2,,38
Kp_ertapenem_S_RHURS_0115_573_79177,0,0.34120387,0.3423241078853607,2,,38
Kp_ertapenem_S_R_H3_573_69393,0,0.34928918,0.3016448318958282,2,,25
Kp_ertapenem_S_SO_9530_KP15521_573_83589,0,0.32476497,0.2254592627286911,2,,985
Kp_ertapenem_S_T821_573_81696,0,0.34323514,0.322435975074768,2,,35
Kp_ertapenem_S_TY-21_573_83464,0,0.28409034,0.1414592415094375,2,,610
Kp_ertapenem_S_TY-23_573_83474,0,0.28409034,0.1414592415094375,2,,610
Kp_ertapenem_S_TY-28_573_83468,0,0.28409034,0.1706116050481796,2,,458
Kp_ertapenem_S_TY-29_573_83472,0,0.28409034,0.1706116050481796,2,,458
Kp_ertapenem_S_TY-3_573_83498,0,0.34323514,0.322435975074768,2,,35
Kp_ertapenem_S_TY-9_573_83495,0,0.31261438,0.207857146859169,2,,35
Kp_ertapenem_S_U1093_573_78518,0,0.3823339,0.3662921488285064,2,,855
Kp_ertapenem_S_W1-4-ERY6_G__573_5819,0,0.28409034,0.1877276003360748,2,,35
Kp_ertapenem_S_W2-1-ERG2_573_5812,0,0.30335218,0.2743999660015106,2,,3838
Kp_ertapenem_S_W2-5-ERG5_573_5816,0,0.28409034,0.169956237077713,2,,35
Kp_ertapenem_S_W2-5-ERG6_573_5726,0,0.28409034,0.169956237077713,2,,35
Kp_ertapenem_S_W2-5-ERG8_573_5820,0,0.28409034,0.169956237077713,2,,35
Kp_ertapenem_S_W247_573_77900,0,0.5747286,0.5769144892692566,2,,107
Kp_ertapenem_S_ZR154_573_81532,0,0.33257926,0.6234574913978577,2,,147
Kp_ertapenem_S_ZR309_573_81526,0,0.30784646,0.2671213150024414,2,,35
Kp_ertapenem_S_Zagreb002_573_81990,0,0.28409034,0.0301003362983465,2,,392
Kp_ertapenem_S_Zagreb009_573_81992,0,0.28409034,0.0301003362983465,2,,392
Kp_ertapenem_S_Zagreb013_573_81967,0,0.28409034,0.0301003362983465,2,,392
Kp_ertapenem_S_Zagreb038_573_81975,0,0.35155445,0.4113695025444031,2,,101
Kp_ertapenem_S_Zagreb045_573_81984,0,0.4264982,0.5788648128509521,2,,147
Kp_ertapenem_S_Zagreb047_573_81991,0,0.28409034,0.0301003362983465,2,,392
Kp_ertapenem_S_dzg20160706_573_78603,0,0.28409034,0.1807565093040466,2,,375
Kp_ertapenem_S_hvKP_366_573_78191,0,0.37675384,0.3501366376876831,2,,412
Kp_ertapenem_S_kp1GYS_573_81357,0,0.28409034,0.2025220394134521,2,,491
Kp_ertapenem_S_kp2GYS_573_81359,0,0.28409034,0.2025220394134521,2,,491
Kp_ertapenem_S_kp5GYS_573_81365,0,0.28409034,0.2025220394134521,2,,491
Kp_ertapenem_S_kp647_573_81372,0,0.33328563,0.3570909798145294,2,,147
Kp_ertapenem_S_kp681_573_81373,0,0.28409034,0.1539303362369537,2,,294
Kp_ertapenem_S_kp6BYS_573_81375,0,0.28409034,0.2025220394134521,2,,491
Kp_ertapenem_S_kp6GYS_573_81371,0,0.28409034,0.2025220394134521,2,,491
R__rgi_Klebsiella_pneumoniae_ertapenem_RESISTANT__Klebsiella_pneumoniae_R_ertapenem_Klebsiella_pneumoniae_strain_EuSCAPE_BE064.txt,1,0.47188243,0.5591997504234314,2,1.0,101
R__rgi_Klebsiella_pneumoniae_ertapenem_RESISTANT__Klebsiella_pneumoniae_R_ertapenem_Klebsiella_pneumoniae_strain_EuSCAPE_BE067.txt,1,0.58537877,0.5625970363616943,2,1.0,101
R__rgi_Klebsiella_pneumoniae_ertapenem_RESISTANT__Klebsiella_pneumoniae_R_ertapenem_Klebsiella_pneumoniae_strain_EuSCAPE_GR125.txt,1,0.3531231,0.216881051659584,2,1.0,101
R__rgi_Klebsiella_pneumoniae_ertapenem_RESISTANT__Klebsiella_pneumoniae_R_ertapenem_Klebsiella_pneumoniae_strain_EuSCAPE_GR147.txt,1,0.563966,0.7275885343551636,2,1.0,147
R__rgi_Klebsiella_pneumoniae_ertapenem_RESISTANT__Klebsiella_pneumoniae_R_ertapenem_Klebsiella_pneumoniae_strain_EuSCAPE_IT055.txt,1,0.34448898,0.2796194553375244,2,1.0,107
R__rgi_Klebsiella_pneumoniae_ertapenem_RESISTANT__Klebsiella_pneumoniae_R_ertapenem_Klebsiella_pneumoniae_strain_EuSCAPE_IT201.txt,1,0.5521098,0.489686518907547,2,1.0,101
R__rgi_Klebsiella_pneumoniae_ertapenem_RESISTANT__Klebsiella_pneumoniae_R_ertapenem_Klebsiella_pneumoniae_strain_EuSCAPE_RO005.txt,1,0.5164432,0.5579356551170349,2,1.0,147
S__rgi_Klebsiella_pneumoniae_ertapenem__Klebsiella_pneumoniae_ertapenem_S_strainEuSCAPE_IT385_GCA_9005155251,0,0.28409034,0.1931854337453842,2,,Unknown
S__rgi_Klebsiella_pneumoniae_ertapenem__Klebsiella_pneumoniae_ertapenem_S_strainEuSCAPE_RO094_GCA_9005044351,0,0.4228661,0.3163445293903351,2,,Unknown
S__rgi_Klebsiella_pneumoniae_ertapenem__Kpn_Klebsiella_pneumoniae_strain_EuSCAPE_ES232_GCA_900517355_1,0,0.5165446,0.498291015625,2,,Unknown
S__rgi_Klebsiella_pneumoniae_ertapenem__Kpn_Klebsiella_pneumoniae_strain_EuSCAPE_ES237_GCA_900517465_1,0,0.3477131,0.3681784868240356,2,,Unknown
S__rgi_Klebsiella_pneumoniae_ertapenem__Kpn_Klebsiella_pneumoniae_strain_EuSCAPE_ES275_GCA_900517495_1,0,0.35155445,0.4069208800792694,2,,Unknown
S__rgi_Klebsiella_pneumoniae_ertapenem__Kpn_Klebsiella_pneumoniae_strain_EuSCAPE_ES283_GCA_900517675_1,0,0.31424728,0.3546391129493713,2,,Unknown
S__rgi_Klebsiella_pneumoniae_ertapenem__Kpn_Klebsiella_pneumoniae_strain_EuSCAPE_IT115_GCA_900508565_1,0,0.30795184,0.2659758031368255,2,,Unknown
S__rgi_Klebsiella_pneumoniae_ertapenem__Kpn_Klebsiella_pneumoniae_strain_EuSCAPE_RO081_GCA_900504315_1,0,0.3025175,0.3322020769119262,2,,Unknown
S__rgi_Klebsiella_pneumoniae_ertapenem__Kpn_Klebsiella_pneumoniae_strain_EuSCAPE_TR056_GCA_900507915_1,0,0.38314894,0.3246768712997436,2,,Unknown
S__rgi_Klebsiella_pneumoniae_ertapenem__Kpn_S_Klebsiella_pneumoniae_strain_EuSCAPE_ES235_GCA_900517425_1.txt,0,0.30458957,0.2379741668701172,2,1.0,35
S__rgi_Klebsiella_pneumoniae_ertapenem__Kpn_S_Klebsiella_pneumoniae_strain_EuSCAPE_FR019_GCA_900510445_1.txt,0,0.28409034,0.2238857150077819,2,1.0,3147
S__rgi_Klebsiella_pneumoniae_ertapenem__Kpn_S_Klebsiella_pneumoniae_strain_EuSCAPE_GR129_GCA_900501535_1.txt,0,0.28851888,0.2048584222793579,2,1.0,35
S__rgi_Klebsiella_pneumoniae_ertapenem__Kpn_S_Klebsiella_pneumoniae_strain_EuSCAPE_PL005_GCA_900510075_1.txt,0,0.39516497,0.3638375997543335,2,1.0,25
S__rgi_Klebsiella_pneumoniae_ertapenem__Kpn_S_Klebsiella_pneumoniae_strain_EuSCAPE_TR270_GCA_900509115_1.txt,0,0.32476497,0.2191285341978073,2,1.0,985
GCA_000406525.1,1,0.11914434,0.4740833044052124,3,1.0,234
GCA_000566845.1,0,0.12386454,0.523907482624054,3,1.0,1444
GCA_000566905.1,1,0.8525117,0.5856937170028687,3,1.0,873
GCA_000706585.1,0,0.8047748,0.7467165589332581,3,1.0,437
GCA_002055765.1,1,0.60538936,0.5835000276565552,3,1.0,234
GCA_002796425.1,1,0.4958915,0.5454067587852478,3,1.0,240
GCA_003571605.1,1,0.5054857,0.7204896807670593,3,1.0,16
GCA_003952915.1,1,0.35141647,0.4971314072608948,3,1.0,207
GCA_011682735.1,0,0.0649263,0.4048603475093841,3,1.0,46
GCA_013180465.1,1,0.06219873,0.54731285572052,3,1.0,437
GCA_013180515.1,1,0.08693015,0.4696418941020965,3,1.0,437
GCA_019927325.1,0,0.024421357,0.3324526250362396,3,1.0,380
GCA_019927565.1,0,0.024421357,0.3070068955421448,3,1.0,198
GCA_019927605.1,0,0.025787858,0.2901630401611328,3,1.0,200
GCA_019928065.1,0,0.024421357,0.2868929505348205,3,1.0,342
GCA_019928105.1,1,0.17699255,0.4647800922393799,3,1.0,16
GCA_019928145.1,0,0.8253059,0.5516340732574463,3,1.0,5450
GCA_019928285.1,0,0.026065156,0.2741569876670837,3,1.0,686
GCA_019928445.1,0,0.07242516,0.3846520781517029,3,1.0,253
GCA_019928545.1,0,0.031548455,0.3198313117027282,3,1.0,1966
GCA_019928595.1,0,0.053623132,0.3387604057788849,3,1.0,2623
GCA_019930165.1,0,0.025884487,0.3368353247642517,3,1.0,1686
GCA_019930245.1,0,0.027002523,0.3080267608165741,3,1.0,4270
GCA_019930405.1,0,0.52047265,0.6024124622344971,3,1.0,234
GCA_019930425.1,0,0.08489996,0.4380037784576416,3,1.0,1787
GCA_019930505.1,0,0.4079171,0.517509937286377,3,1.0,336
GCA_020407065.1,0,0.3006294,0.52993243932724,3,1.0,199
GCA_024580195.1,1,0.29110998,0.5085440874099731,3,1.0,307
Kp_ertapenem_R_101_573_24244,1,0.4169333,0.5634379982948303,3,,1473
Kp_ertapenem_R_132_573_24249,1,0.9178482,0.8606621623039246,3,,215
Kp_ertapenem_R_16_573_24252,1,0.44858152,0.6559243202209473,3,,16
Kp_ertapenem_R_17ZR-21_573_80978,1,0.49984294,0.543832540512085,3,,437
Kp_ertapenem_R_17_573_24254,1,0.44858152,0.6559243202209473,3,,16
Kp_ertapenem_R_18471_573_82132,1,0.9097015,0.7451550364494324,3,,215
Kp_ertapenem_R_18722_573_82133,1,0.9132712,0.706519603729248,3,,16
Kp_ertapenem_R_18868_573_82134,1,0.3886225,0.5437719821929932,3,,323
Kp_ertapenem_R_18937_573_82131,1,0.5315469,0.7008692026138306,3,,MLST.-.-
Kp_ertapenem_R_22-29_573_77551,1,0.934025,0.884139358997345,3,,859
Kp_ertapenem_R_22-30_573_77552,1,0.9367848,0.8395038843154907,3,,859
Kp_ertapenem_R_22_573_24265,1,0.29345894,0.5220194458961487,3,,437
Kp_ertapenem_R_26968_6#31_573_66250,1,0.9042077,0.6799761056900024,3,,307
Kp_ertapenem_R_26968_6_38_573_66252,1,0.9042077,0.6799761056900024,3,,307
Kp_ertapenem_R_26975_5#105_573_66301,1,0.08693015,0.4724400639533996,3,,16
Kp_ertapenem_R_26994_7#157_573_66379,1,0.5208511,0.7460927367210388,3,,199
Kp_ertapenem_R_26994_7_20_573_66346,1,0.39266428,0.5350984334945679,3,,709
Kp_ertapenem_R_26994_7_26_573_66352,1,0.5429284,0.5566405653953552,3,,16
Kp_ertapenem_R_27322_4#41_573_66519,1,0.73646873,0.7356178760528564,3,,327
Kp_ertapenem_R_27322_4_39_573_66517,1,0.73646873,0.7356178760528564,3,,327
Kp_ertapenem_R_27322_4_70_573_66523,1,0.73646873,0.7356178760528564,3,,327
Kp_ertapenem_R_27322_4_74_573_66527,1,0.73646873,0.7356178760528564,3,,327
Kp_ertapenem_R_29105_1_132_573_66546,1,0.053762287,0.3513388931751251,3,,359
Kp_ertapenem_R_29339_1_68_573_66571,1,0.051014364,0.351019024848938,3,,359
Kp_ertapenem_R_30BF_573_77998,1,0.5054857,0.7206862568855286,3,,307
Kp_ertapenem_R_4247_22_573_78716,1,0.7937621,0.6201616525650024,3,,307
Kp_ertapenem_R_5059_22_573_78717,1,0.7937621,0.6201616525650024,3,,307
Kp_ertapenem_R_6110_573_79262,1,0.39372322,0.5278641581535339,3,,16
Kp_ertapenem_R_6_573_77730,1,0.60901076,0.6101630926132202,3,,234
Kp_ertapenem_R_70966222_573_79256,1,0.38743383,0.5248817801475525,3,,307
Kp_ertapenem_R_7_573_77729,1,0.60901076,0.6101630926132202,3,,234
Kp_ertapenem_R_8810_573_78906,1,0.49518266,0.6433573365211487,3,,16
Kp_ertapenem_R_8844_573_78875,1,0.9567921,0.8203614950180054,3,,16
Kp_ertapenem_R_9228_573_78908,1,0.38048917,0.6855811476707458,3,,16
Kp_ertapenem_R_9873_573_78905,1,0.5238328,0.6836175322532654,3,,16
Kp_ertapenem_R_A085_573_78457,1,0.9270452,0.8851359486579895,3,,307
Kp_ertapenem_R_A123_573_78449,1,0.9327854,0.8840392827987671,3,,307
Kp_ertapenem_R_A162_573_78462,1,0.0838997,0.4328124225139618,3,,307
Kp_ertapenem_R_A35499_573_84068,1,0.6650266,0.6739432215690613,3,,307
Kp_ertapenem_R_A36711_573_84042,1,0.38713297,0.5526000261306763,3,,307
Kp_ertapenem_R_A36813_573_84067,1,0.60039365,0.6353921294212341,3,,307
Kp_ertapenem_R_A37359_573_84064,1,0.623073,0.5818377733230591,3,,307
Kp_ertapenem_R_AN-102_573_83557,1,0.28198814,0.4851728081703186,3,,307
Kp_ertapenem_R_AN-103_573_83555,1,0.94119096,0.8745601773262024,3,,307
Kp_ertapenem_R_AN-104_573_83552,1,0.5090437,0.6195288300514221,3,,307
Kp_ertapenem_R_AN-68_573_83571,1,0.9307025,0.6782736778259277,3,,99
Kp_ertapenem_R_AN-79_573_83567,1,0.30546007,0.4604708850383758,3,,307
Kp_ertapenem_R_AN-83_573_83565,1,0.92671955,0.7903280854225159,3,,307
Kp_ertapenem_R_AN-87_573_83564,1,0.1450661,0.509276270866394,3,,307
Kp_ertapenem_R_AR8214_573_83782,1,0.87368894,0.7613388895988464,3,,307
Kp_ertapenem_R_AR8221_573_83779,1,0.6186401,0.6739432215690613,3,,323
Kp_ertapenem_R_AR8480_573_83724,1,0.25012496,0.6191259622573853,3,,307
Kp_ertapenem_R_AR_0042_573_7022,1,0.45896268,0.6507308483123779,3,,1
Kp_ertapenem_R_AR_0044_573_7033,1,0.6218886,0.6153768301010132,3,,327
Kp_ertapenem_R_BER-5_573_77814,1,0.41944408,0.6335519552230835,3,,307
Kp_ertapenem_R_CPE_E1051_573_81240,1,0.79546696,0.6742113828659058,3,,16
Kp_ertapenem_R_CPE_E1119_573_81208,1,0.03077552,0.3196388185024261,3,,502
Kp_ertapenem_R_CPE_E1135_573_81201,1,0.025909616,0.3104852735996246,3,,502
Kp_ertapenem_R_CPE_E1140_573_81197,1,0.03077552,0.3290413022041321,3,,502
Kp_ertapenem_R_CPE_E254_573_81084,1,0.22176643,0.4790162444114685,3,,323
Kp_ertapenem_R_CPE_E280_573_81079,1,0.24199519,0.5524189472198486,3,,323
Kp_ertapenem_R_CPE_E57_573_81132,1,0.048308473,0.3430665731430053,3,,540
Kp_ertapenem_R_CPE_E67_573_81130,1,0.5966169,0.6334669589996338,3,,12
Kp_ertapenem_R_CPE_E73_573_81128,1,0.35915935,0.5519359707832336,3,,307
Kp_ertapenem_R_FA-16_573_83551,1,0.6909418,0.6191834807395935,3,,307
Kp_ertapenem_R_FA-25_573_83548,1,0.3367259,0.6024124622344971,3,,307
Kp_ertapenem_R_GKPN0001_573_78907,1,0.5150786,0.6967262029647827,3,,16
Kp_ertapenem_R_GKPN0004_573_78915,1,0.7770002,0.5956101417541504,3,,16
Kp_ertapenem_R_GKPN0005_573_78902,1,0.7818147,0.6884946227073669,3,,307
Kp_ertapenem_R_GKPN0010_573_78874,1,0.5471576,0.7007924318313599,3,,16
Kp_ertapenem_R_GKPN0072_573_78909,1,0.85960793,0.6848571300506592,3,,16
Kp_ertapenem_R_GKPN0073_573_78901,1,0.11431295,0.3904177546501159,3,,16
Kp_ertapenem_R_GKPN0075_573_78903,1,0.76587296,0.6874201893806458,3,,16
Kp_ertapenem_R_GKPN0079_573_78900,1,0.83707523,0.7915040254592896,3,,16
Kp_ertapenem_R_GKPN0080_573_78899,1,0.5471576,0.7007924318313599,3,,16
Kp_ertapenem_R_GKPN0084_573_78898,1,0.5471576,0.7007924318313599,3,,16
Kp_ertapenem_R_KC263_573_84174,1,0.6903627,0.6738358736038208,3,,1869
Kp_ertapenem_R_KLEPN-0097_573_77509,1,0.051031925,0.1741292178630828,3,,1401
Kp_ertapenem_R_KPC-2VEB-1CTM-X-15SHV-106_573_78470,1,0.11881931,0.5136684775352478,3,,307
Kp_ertapenem_R_Kp_15.MM_573_49996,1,0.579622,0.6187804341316223,3,,307
Kp_ertapenem_R_Kpn20_573_81443,1,0.1825001,0.4920050799846649,3,,307
Kp_ertapenem_R_Kpn2192-Lar_573_79365,1,0.6063617,0.5962861776351929,3,,323
Kp_ertapenem_R_Kpn2282-Lar_573_79379,1,0.6063617,0.5962861776351929,3,,323
Kp_ertapenem_R_Kpn2335-Lar_573_79363,1,0.38403243,0.5220803618431091,3,,323
Kp_ertapenem_R_Kpn2341-Lar_573_79374,1,0.48815405,0.5842118263244629,3,,323
Kp_ertapenem_R_Kpngiani7132479_573_29942,1,0.60489,0.5120826363563538,3,,307
Kp_ertapenem_R_Kpngiani7132550_573_29991,1,0.5454004,0.5678767561912537,3,,307
Kp_ertapenem_R_Kpngiani7132565_573_29869,1,0.24139382,0.5536259412765503,3,,307
Kp_ertapenem_R_Kpngiani7132581_573_29890,1,0.24139382,0.5536259412765503,3,,307
Kp_ertapenem_R_Kpngiani7132582_573_29880,1,0.24139382,0.5536259412765503,3,,307
Kp_ertapenem_R_Kpngiani7132583_573_29891,1,0.24139382,0.5536259412765503,3,,307
Kp_ertapenem_R_Kpngiani7132584_573_29881,1,0.24139382,0.5536259412765503,3,,307
Kp_ertapenem_R_Kpngiani7132586_573_29893,1,0.24139382,0.5536259412765503,3,,307
Kp_ertapenem_R_Kpngiani7132590_573_29884,1,0.07324482,0.4888934195041656,3,,307
Kp_ertapenem_R_Kpngiani7132591_573_29894,1,0.048737064,0.4261723458766937,3,,307
Kp_ertapenem_R_Kpngiani7132614_573_29924,1,0.4576095,0.5287767648696899,3,,307
Kp_ertapenem_R_Kpngiani7132629_573_29923,1,0.24139382,0.5536259412765503,3,,307
Kp_ertapenem_R_LE-25_573_77791,1,0.9291631,0.8820728659629822,3,,307
Kp_ertapenem_R_MUGSI_116_573_24334,1,0.05863256,0.4017758369445801,3,,1178
Kp_ertapenem_R_MUGSI_139_573_24351,1,0.86612236,0.6334102749824524,3,,16
Kp_ertapenem_R_MUGSI_66_573_24428,1,0.90356624,0.8477157950401306,3,,418
Kp_ertapenem_R_MUGSI_82_573_24441,1,0.09523003,0.4130627810955047,3,,1737
Kp_ertapenem_R_MUGSI_83_573_24442,1,0.029706456,0.3350516259670257,3,,1626
Kp_ertapenem_R_MUGSI_85_573_24444,1,0.3150764,0.6148855686187744,3,,307
Kp_ertapenem_R_MUGSI_91_573_24449,1,0.23136014,0.6087103486061096,3,,1966
Kp_ertapenem_R_PR-10_573_83545,1,0.93279016,0.7386513948440552,3,,307
Kp_ertapenem_R_PR-15_573_83542,1,0.82515,0.6140469312667847,3,,307
Kp_ertapenem_R_PR-8_573_83544,1,0.20514184,0.5624468922615051,3,,307
Kp_ertapenem_R_SI-198_573_78684,1,0.7937621,0.6201616525650024,3,,307
Kp_ertapenem_R_SIDKP002_573_78190,1,0.04897962,0.3965938687324524,3,,313
Kp_ertapenem_R_ST307_573_81663,1,0.3972188,0.6732991337776184,3,,307
Kp_ertapenem_R_TO-24_573_77805,1,0.96143544,0.8376697897911072,3,,307
Kp_ertapenem_R_WYKP856_573_79436,1,0.17997092,0.5034789443016052,3,,828
Kp_ertapenem_R_ZR378_573_81527,1,0.24139382,0.5536259412765503,3,,307
Kp_ertapenem_S_1192_573_80927,0,0.025651988,0.318137526512146,3,,MLST.-.-
Kp_ertapenem_S_1193_573_80923,0,0.025651988,0.318137526512146,3,,1178
Kp_ertapenem_S_1195_573_80921,0,0.025651988,0.318137526512146,3,,MLST.-.-
Kp_ertapenem_S_1196_23_573_78739,0,0.61859226,0.623892605304718,3,,307
Kp_ertapenem_S_1197_23_573_78720,0,0.81803423,0.6000126004219055,3,,307
Kp_ertapenem_S_1233_573_80910,0,0.025651988,0.318137526512146,3,,291
Kp_ertapenem_S_1253_573_80905,0,0.1882547,0.4389054179191589,3,,MLST.-.-
Kp_ertapenem_S_1254_573_80906,0,0.025651988,0.318137526512146,3,,MLST.-.-
Kp_ertapenem_S_1398_573_83974,0,0.1029617,0.4498155415058136,3,,MLST.-.-
Kp_ertapenem_S_142.2_573_83444,0,0.027019536,0.2431478798389434,3,,215
Kp_ertapenem_S_169BUR08_573_81561,0,0.042124335,0.3321140706539154,3,,584
Kp_ertapenem_S_178_573_24255,0,0.025154252,0.3088160753250122,3,,198
Kp_ertapenem_S_180_573_24257,0,0.033130556,0.2665481567382812,3,,1966
Kp_ertapenem_S_183B3_573_78183,0,0.79511833,0.6097565293312073,3,,307
Kp_ertapenem_S_190J7_573_78170,0,0.024421357,0.2996701002120971,3,,1248
Kp_ertapenem_S_212D10_573_78166,0,0.07812206,0.3808884620666504,3,,336
Kp_ertapenem_S_22S00272-1_573_82127,0,0.027261237,0.336361676454544,3,,292
Kp_ertapenem_S_233-1c_573_83426,0,0.31035894,0.5141563415527344,3,,1418
Kp_ertapenem_S_233-3b_573_83439,0,0.31035894,0.5141563415527344,3,,1418
Kp_ertapenem_S_236593_573_81046,0,0.59292346,0.6257240176200867,3,,307
Kp_ertapenem_S_2368_1DZ24_573_81601,0,0.24588545,0.4863315522670746,3,,307
Kp_ertapenem_S_239_573_24266,0,0.06661977,0.2757418155670166,3,,873
Kp_ertapenem_S_246-3a_573_83442,0,0.028320912,0.2795456647872925,3,,12
Kp_ertapenem_S_26975_4#155_573_66290,0,0.43099672,0.5251861810684204,3,,323
Kp_ertapenem_S_281-2c_573_84001,0,0.024787918,0.26974618434906,3,,1966
Kp_ertapenem_S_285G7_573_78143,0,0.08773683,0.477615088224411,3,,234
Kp_ertapenem_S_303J6_573_78144,0,0.7806982,0.5967856645584106,3,,1880
Kp_ertapenem_S_324_573_24284,0,0.30300897,0.5369200110435486,3,,323
Kp_ertapenem_S_330G4_573_78129,0,0.16337095,0.507567822933197,3,,234
Kp_ertapenem_S_342-1b_573_83451,0,0.08709876,0.5078118443489075,3,,914
Kp_ertapenem_S_358C9_573_78124,0,0.08773683,0.477615088224411,3,,234
Kp_ertapenem_S_371_573_24293,0,0.70030737,0.7120069265365601,3,,16
Kp_ertapenem_S_374_573_24294,0,0.6147525,0.6163009405136108,3,,307
Kp_ertapenem_S_3857DZ24_573_81598,0,0.266334,0.4829777479171753,3,,307
Kp_ertapenem_S_39-1_58_573_81909,0,0.027307287,0.2372223287820816,3,,253
Kp_ertapenem_S_39-2_20_573_81908,0,0.34693253,0.5231158137321472,3,,253
Kp_ertapenem_S_395-2_573_81711,0,0.47387987,0.6226887702941895,3,,307
Kp_ertapenem_S_5012_22_573_78753,0,0.033977583,0.2724961638450622,3,,253
Kp_ertapenem_S_5015_22_573_78728,0,0.8072403,0.5680564045906067,3,,307
Kp_ertapenem_S_5_Alex_S320_573_78809,0,0.024421357,0.2868055403232574,3,,342
Kp_ertapenem_S_63364_sr_573_79265,0,0.50824744,0.5806493163108826,3,,313
Kp_ertapenem_S_6678335_573_79014,0,0.32384497,0.6171377897262573,3,,307
Kp_ertapenem_S_6678340_573_79007,0,0.32384497,0.6171377897262573,3,,307
Kp_ertapenem_S_6678632_573_79003,0,0.20708203,0.4189346134662628,3,,307
Kp_ertapenem_S_6700828_573_81678,0,0.34693253,0.5257949829101562,3,,1805
Kp_ertapenem_S_6720488_573_83662,0,0.047682393,0.4204806089401245,3,,307
Kp_ertapenem_S_732311_573_81043,0,0.79511833,0.6097565293312073,3,,307
Kp_ertapenem_S_80528_573_77426,0,0.38601404,0.4787725508213043,3,,323
Kp_ertapenem_S_882410_573_81011,0,0.08645902,0.3778921365737915,3,,307
Kp_ertapenem_S_896137_573_81031,0,0.04208563,0.3014198839664459,3,,584
Kp_ertapenem_S_944575_573_81030,0,0.08645902,0.3778921365737915,3,,307
Kp_ertapenem_S_A3-1_573_78853,0,0.24602182,0.5550734996795654,3,,222
Kp_ertapenem_S_AR8230_573_83777,0,0.046220995,0.4051545262336731,3,,1
Kp_ertapenem_S_AR8314_573_83762,0,0.6249493,0.5833814144134521,3,,1
Kp_ertapenem_S_AR8498_573_83716,0,0.024421357,0.2895474433898926,3,,893
Kp_ertapenem_S_AR8537_573_83697,0,0.04464416,0.4090437591075897,3,,914
Kp_ertapenem_S_BUH1_573_81257,0,0.025154252,0.3162405788898468,3,,198
Kp_ertapenem_S_BUH2_573_81256,0,0.07680369,0.4750573635101318,3,,198
Kp_ertapenem_S_BUH3_573_81255,0,0.024421357,0.3039287030696869,3,,198
Kp_ertapenem_S_CKP6_573_79395,0,0.82104766,0.6135260462760925,3,,253
Kp_ertapenem_S_CN-304-F_573_79285,0,0.025775738,0.3189755082130432,3,,659
Kp_ertapenem_S_CN-340-D_573_79309,0,0.024421357,0.2324843406677246,3,,1805
Kp_ertapenem_S_CN-357-D_573_79312,0,0.31158936,0.5141563415527344,3,,327
Kp_ertapenem_S_CN-71-F_573_79290,0,0.34693253,0.5257949829101562,3,,1779
Kp_ertapenem_S_CN-711-D_573_79277,0,0.4129459,0.6245798468589783,3,,437
Kp_ertapenem_S_CN-747-D_573_79270,0,0.077430464,0.4020399153232574,3,,540
Kp_ertapenem_S_CRE378_573_78321,0,0.033172812,0.3300729095935821,3,,893
Kp_ertapenem_S_CV4_573_83695,0,0.39616236,0.4774323403835296,3,,307
Kp_ertapenem_S_ESBL10_573_77709,0,0.028040543,0.3469007313251495,3,,131
Kp_ertapenem_S_ESBL16_573_77786,0,0.037261225,0.3149947226047516,3,,40
Kp_ertapenem_S_ESBL21_573_77710,0,0.025154252,0.3169751763343811,3,,584
Kp_ertapenem_S_ESBL4_573_77716,0,0.026310317,0.3217262923717499,3,,462
Kp_ertapenem_S_FAHZZU7605_573_78866,0,0.043536518,0.4130627810955047,3,,1393
Kp_ertapenem_S_FFDD-363677_573_82004,0,0.3103604,0.4512660801410675,3,,307
Kp_ertapenem_S_FFDD-70-12-13_573_82055,0,0.025651988,0.318915843963623,3,,815
Kp_ertapenem_S_FFMG-1331-6-21-A_573_82009,0,0.3708316,0.609117329120636,3,,16
Kp_ertapenem_S_FFMG-1331-6-21-B_573_82006,0,0.3708316,0.609117329120636,3,,16
Kp_ertapenem_S_FK4006_573_78111,0,0.026310317,0.3255875706672668,3,,462
Kp_ertapenem_S_FR21FKAN3534_573_84026,0,0.053970784,0.308444082736969,3,,584
Kp_ertapenem_S_FR22RMOR6242_573_84004,0,0.31619158,0.5998660922050476,3,,1228
Kp_ertapenem_S_FUJ80035_573_79444,0,0.048414536,0.3665472269058227,3,,76
Kp_ertapenem_S_FUJ80036_573_79443,0,0.048414536,0.3665472269058227,3,,76
Kp_ertapenem_S_FUJ80043_573_79457,0,0.05279883,0.35561403632164,3,,76
Kp_ertapenem_S_GD23SC5952PT_573_78885,0,0.26036477,0.5374055504798889,3,,1
Kp_ertapenem_S_GDKL-138_573_77886,0,0.3281827,0.5667380690574646,3,,709
Kp_ertapenem_S_GDKL-149-1_573_77889,0,0.04958426,0.3727620542049408,3,,709
Kp_ertapenem_S_GDKL-67_573_77887,0,0.2670634,0.543893039226532,3,,709
Kp_ertapenem_S_GDKL-P95-2_573_77832,0,0.33609942,0.5675771236419678,3,,709
Kp_ertapenem_S_GN4147_573_81873,0,0.025444202,0.2621565163135528,3,,462
Kp_ertapenem_S_H1-1_573_78833,0,0.025326865,0.3298367857933044,3,,116
Kp_ertapenem_S_H20-1_573_78834,0,0.024421357,0.3170065581798553,3,,358
Kp_ertapenem_S_H2379_573_83645,0,0.028480416,0.3300915062427521,3,,380
Kp_ertapenem_S_H9_573_77895,0,0.047187578,0.4390256702899933,3,,MLST.-.-
Kp_ertapenem_S_HN286_573_81523,0,0.13382038,0.5878839492797852,3,,307
Kp_ertapenem_S_HU217_573_81515,0,0.23121628,0.4614414572715759,3,,433
Kp_ertapenem_S_HUM7199_573_51850,0,0.58782697,0.5405600666999817,3,,307
Kp_ertapenem_S_IR5095_573_81894,0,0.2509254,0.4998779296875,3,,76
Kp_ertapenem_S_IR5096_573_81898,0,0.04940297,0.3590831756591797,3,,514
Kp_ertapenem_S_IR5606_573_81888,0,0.22820988,0.5040892958641052,3,,1
Kp_ertapenem_S_IR5775_573_81891,0,0.69139516,0.6454551815986633,3,,307
Kp_ertapenem_S_IR5783_573_81879,0,0.04525914,0.382199078798294,3,,5424
Kp_ertapenem_S_JXkp14_573_81395,0,0.050707307,0.3934141397476196,3,,222
Kp_ertapenem_S_JXkp29_573_81392,0,0.3517294,0.652877926826477,3,,1
Kp_ertapenem_S_K-MJD19e25_573_78571,0,0.059427276,0.4199452996253967,3,,253
Kp_ertapenem_S_K-MJD19e32_573_78580,0,0.059427276,0.4199452996253967,3,,253
Kp_ertapenem_S_K-MJD19e39_573_78590,0,0.064237565,0.4234580099582672,3,,253
Kp_ertapenem_S_K53_573_77656,0,0.27799073,0.4297883212566376,3,,16
Kp_ertapenem_S_K54_573_77655,0,0.6872071,0.5786267518997192,3,,437
Kp_ertapenem_S_K60_573_77653,0,0.21144508,0.590897262096405,3,,MLST.-.-
Kp_ertapenem_S_K65_573_77646,0,0.4189738,0.542742133140564,3,,16
Kp_ertapenem_S_K68_573_77645,0,0.27843803,0.5647587180137634,3,,16
Kp_ertapenem_S_KE10043_573_79240,0,0.4189738,0.542742133140564,3,,16
Kp_ertapenem_S_KE10050_573_79242,0,0.4189738,0.542742133140564,3,,16
Kp_ertapenem_S_KE9328_573_79237,0,0.029107638,0.2722542583942413,3,,483
Kp_ertapenem_S_KE9443_573_79231,0,0.029107638,0.2722542583942413,3,,483
Kp_ertapenem_S_KE9696_573_79218,0,0.036419243,0.3843631446361542,3,,1107
Kp_ertapenem_S_KE9799_573_79209,0,0.2771103,0.5297499895095825,3,,336
Kp_ertapenem_S_KE9995_573_79201,0,0.039891038,0.3579742312431335,3,,927
Kp_ertapenem_S_KLEPN-0036_573_77508,0,0.40523252,0.5096423625946045,3,,336
Kp_ertapenem_S_KLEPN-0175_573_77512,0,0.40523252,0.5096423625946045,3,,336
Kp_ertapenem_S_KLEPN-0192_573_77501,0,0.10695297,0.4533526301383972,3,,307
Kp_ertapenem_S_KP-HB21H30761_573_78599,0,0.024682319,0.3012303411960602,3,,721
Kp_ertapenem_S_KP04_UID2108280004_573_79328,0,0.23640361,0.502685546875,3,,16
Kp_ertapenem_S_KP08_UID2108280008_573_79331,0,0.4189738,0.542742133140564,3,,16
Kp_ertapenem_S_KP1339_2019_573_78007,0,0.07427342,0.4297284781932831,3,,16
Kp_ertapenem_S_KP13_UID2108280009_573_79332,0,0.106663756,0.4819414317607879,3,,16
Kp_ertapenem_S_KP14_UID2108280010_573_79333,0,0.4189738,0.542742133140564,3,,16
Kp_ertapenem_S_KP16_UID2108280012_573_79335,0,0.31390113,0.5125095844268799,3,,16
Kp_ertapenem_S_KP17_UID2108280013_573_79336,0,0.64914054,0.5140343904495239,3,,16
Kp_ertapenem_S_KP19_UID2108280015_573_79338,0,0.31390113,0.5125095844268799,3,,16
Kp_ertapenem_S_KP2045_573_80874,0,0.08616381,0.4732920825481415,3,,307
Kp_ertapenem_S_KP20_UID2108280016_573_79339,0,0.21377657,0.5169612765312195,3,,323
Kp_ertapenem_S_KP21_UID2108280017_573_79340,0,0.31390113,0.5125095844268799,3,,16
Kp_ertapenem_S_KP226_573_83600,0,0.027548341,0.3085657358169555,3,,4172
Kp_ertapenem_S_KP2280_2008_573_78009,0,0.024421357,0.3062165677547455,3,,659
Kp_ertapenem_S_KP25_573_77437,0,0.024421357,0.3227794170379638,3,,442
Kp_ertapenem_S_KP26_UID2108280022_573_79345,0,0.085854426,0.4951173663139343,3,,782
Kp_ertapenem_S_KP40_UID2108280036_573_79160,0,0.036419243,0.383727878332138,3,,1107
Kp_ertapenem_S_KP41_UID2108280037_573_79158,0,0.036419243,0.383727878332138,3,,1107
Kp_ertapenem_S_KP45_573_83488,0,0.51504856,0.7144662141799927,3,,348
Kp_ertapenem_S_KP58_573_83476,0,0.22640364,0.673567533493042,3,,873
Kp_ertapenem_S_KP75_573_83598,0,0.041345246,0.3525360524654388,3,,873
Kp_ertapenem_S_KP7_573_78893,0,0.35000107,0.4956666231155395,3,,16
Kp_ertapenem_S_KP826_2017_573_77688,0,0.05395451,0.4062287807464599,3,,16
Kp_ertapenem_S_KP9023_573_83587,0,0.41479978,0.5662583708763123,3,,437
Kp_ertapenem_S_KPNCDS11_573_77933,0,0.27799073,0.4297883212566376,3,,16
Kp_ertapenem_S_KP_B065_573_83533,0,0.06405608,0.4380037784576416,3,,1554
Kp_ertapenem_S_KP_B070_573_83532,0,0.059841704,0.466784805059433,3,,307
Kp_ertapenem_S_KP_B2066_573_77529,0,0.04589881,0.3980846703052521,3,,1695
Kp_ertapenem_S_KP_B2113_573_77536,0,0.04589881,0.3980846703052521,3,,1695
Kp_ertapenem_S_KP_B2147_573_77527,0,0.04589881,0.3980846703052521,3,,1695
Kp_ertapenem_S_KP_B6671_573_77521,0,0.07378221,0.2344285547733307,3,,1418
Kp_ertapenem_S_KP_J104714_573_77517,0,0.04589881,0.3980846703052521,3,,1695
Kp_ertapenem_S_KP_J115369_573_77522,0,0.04589881,0.3980846703052521,3,,1695
Kp_ertapenem_S_KP_J115371_573_77524,0,0.76331055,0.5681762099266052,3,,307
Kp_ertapenem_S_KP_NORM_BLD_112590_573_78850,0,0.12995304,0.5148271918296814,3,,643
Kp_ertapenem_S_KP_S484_573_77526,0,0.04589881,0.3980846703052521,3,,1695
Kp_ertapenem_S_KP_S7063_573_77532,0,0.04589881,0.3980846703052521,3,,1695
Kp_ertapenem_S_KP_S7064_573_77533,0,0.04589881,0.3980846703052521,3,,1695
Kp_ertapenem_S_Kp251_573_77448,0,0.035538,0.3791484832763672,3,,441
Kp_ertapenem_S_KpA1806_573_83522,0,0.29181463,0.4892594516277313,3,,1493
Kp_ertapenem_S_KpA500_573_80704,0,0.5064015,0.6322473287582397,3,,307
Kp_ertapenem_S_KpA7002_573_83792,0,0.0660039,0.3747620582580566,3,,873
Kp_ertapenem_S_Kpn02033_573_82147,0,0.024421357,0.2992203533649444,3,,292
Kp_ertapenem_S_Kpn02034_573_82140,0,0.47333845,0.6594051122665405,3,,433
Kp_ertapenem_S_Kpn02056_573_82158,0,0.027521042,0.2842654585838318,3,,200
Kp_ertapenem_S_Kpn02120_573_82194,0,0.024421357,0.3239145278930664,3,,200
Kp_ertapenem_S_Kpn113_573_78776,0,0.033003088,0.2762632071971893,3,,113
Kp_ertapenem_S_Kpn113_573_78781,0,0.033003088,0.2762632071971893,3,,113
Kp_ertapenem_S_Kpn116_573_78768,0,0.027590904,0.2794719338417053,3,,116
Kp_ertapenem_S_Kpn2097_573_78803,0,0.024421357,0.3288728296756744,3,,2097
Kp_ertapenem_S_Kpn292_573_78780,0,0.024421357,0.2984466254711151,3,,292
Kp_ertapenem_S_Kpn46_573_78793,0,0.053515602,0.3949008285999298,3,,46
Kp_ertapenem_S_Kpn49_573_78802,0,0.07004296,0.4675748944282532,3,,49
Kp_ertapenem_S_Kpn51_573_81477,0,0.037531625,0.3879511952400207,3,,380
Kp_ertapenem_S_Kpn80_573_81471,0,0.4986262,0.511228621006012,3,,307
Kp_ertapenem_S_LACPHL-BACT-2024-00277_573_78888,0,0.23723052,0.5248817801475525,3,,307
Kp_ertapenem_S_LAhvKp08_573_81797,0,0.025810646,0.3372035324573517,3,,1049
Kp_ertapenem_S_LAhvKp161_573_81803,0,0.031960886,0.3463823497295379,3,,1764
Kp_ertapenem_S_LAhvKp164_573_81810,0,0.085943766,0.502685546875,3,,76
Kp_ertapenem_S_LAhvKp175-2017_573_81777,0,0.23188098,0.5201307535171509,3,,76
Kp_ertapenem_S_LAhvKp191_573_81765,0,0.025810646,0.3372035324573517,3,,1049
Kp_ertapenem_S_LAhvKp200_573_81789,0,0.23188098,0.5201307535171509,3,,76
Kp_ertapenem_S_LAhvKp201_573_81791,0,0.23188098,0.5201307535171509,3,,76
Kp_ertapenem_S_LAhvKp240_573_81806,0,0.23188098,0.5201307535171509,3,,76
Kp_ertapenem_S_LAhvKp243_573_81774,0,0.6598303,0.6741040945053101,3,,828
Kp_ertapenem_S_LAhvKp44_573_81799,0,0.6598303,0.6741040945053101,3,,828
Kp_ertapenem_S_MAG2930_573_84152,0,0.14443,0.4270382821559906,3,,313
Kp_ertapenem_S_MAR163_573_79447,0,0.08773683,0.477615088224411,3,,234
Kp_ertapenem_S_MMSV13_573_78824,0,0.039947335,0.3144747316837311,3,,12
Kp_ertapenem_S_MRSN119488_573_80592,0,0.027521042,0.2939108908176422,3,,893
Kp_ertapenem_S_MUC-SAN_573_78594,0,0.37300467,0.5508489608764648,3,,307
Kp_ertapenem_S_N156_573_77989,0,0.46360788,0.6313670873641968,3,,16
Kp_ertapenem_S_NFYY338KPN_573_78807,0,0.099344924,0.4985046088695526,3,,16
Kp_ertapenem_S_NIB014_573_81407,0,0.26738238,0.5229940414428711,3,,437
Kp_ertapenem_S_NNKP_2024.11_573_83786,0,0.3181786,0.6419556736946106,3,,307
Kp_ertapenem_S_NNKP_2025.2_573_83791,0,0.0838997,0.4328124225139618,3,,307
Kp_ertapenem_S_NNRo_2505_573_83527,0,0.06745423,0.467939555644989,3,,348
Kp_ertapenem_S_NT004_573_78627,0,0.4189738,0.542742133140564,3,,16
Kp_ertapenem_S_NT005_573_78626,0,0.15601352,0.5095813274383545,3,,16
Kp_ertapenem_S_NT008_573_78624,0,0.37238315,0.5826097726821899,3,,16
Kp_ertapenem_S_NT009_573_78623,0,0.37238315,0.5826097726821899,3,,16
Kp_ertapenem_S_NUBL-17199_573_77492,0,0.4282189,0.6787663102149963,3,,12
Kp_ertapenem_S_P0013_573_84209,0,0.8114388,0.613815426826477,3,,307
Kp_ertapenem_S_P0016_573_84203,0,0.648662,0.5424997210502625,3,,307
Kp_ertapenem_S_P0033_573_84254,0,0.52381825,0.5714078545570374,3,,307
Kp_ertapenem_S_P0034_573_84235,0,0.8114388,0.613815426826477,3,,307
Kp_ertapenem_S_P0035_573_84237,0,0.8114388,0.613815426826477,3,,307
Kp_ertapenem_S_P0488_573_84236,0,0.8114388,0.613815426826477,3,,307
Kp_ertapenem_S_P0730_573_84214,0,0.8114388,0.613815426826477,3,,307
Kp_ertapenem_S_P1122_573_84250,0,0.8114388,0.613815426826477,3,,307
Kp_ertapenem_S_P66_573_78876,0,0.031297047,0.3221926689147949,3,,893
Kp_ertapenem_S_P91_573_78877,0,0.024421357,0.2979165613651275,3,,893
Kp_ertapenem_S_PA004_573_78638,0,0.32783902,0.5330328941345215,3,,16
Kp_ertapenem_S_PA007_573_78636,0,0.4189738,0.542742133140564,3,,16
Kp_ertapenem_S_PA017_573_78635,0,0.4189738,0.542742133140564,3,,16
Kp_ertapenem_S_PB107_573_5806,0,0.24651918,0.3259059488773346,3,,307
Kp_ertapenem_S_PB121_573_5800,0,0.2796494,0.556309163570404,3,,323
Kp_ertapenem_S_PB129_573_5807,0,0.30073994,0.6414784789085388,3,,16
Kp_ertapenem_S_PB14_573_5682,0,0.048122253,0.3765658140182495,3,,234
Kp_ertapenem_S_PB209_573_5796,0,0.3415578,0.5326074361801147,3,,199
Kp_ertapenem_S_PB21_573_5692,0,0.4079171,0.517509937286377,3,,336
Kp_ertapenem_S_PB226_573_5690,0,0.8706702,0.8462603092193604,3,,307
Kp_ertapenem_S_PB28_573_5678,0,0.40523252,0.5096423625946045,3,,336
Kp_ertapenem_S_PB298_573_5808,0,0.40523252,0.5096423625946045,3,,336
Kp_ertapenem_S_PB473_573_5813,0,0.027943257,0.3260299861431122,3,,2097
Kp_ertapenem_S_PB495_573_5658,0,0.08489996,0.4380037784576416,3,,1787
Kp_ertapenem_S_PB525_573_5817,0,0.39771235,0.6743722558021545,3,,16
Kp_ertapenem_S_PB5_573_5681,0,0.4079171,0.517509937286377,3,,336
Kp_ertapenem_S_PS1Tanimalfeces1_573_83618,0,0.3493003,0.5195213556289673,3,,328
Kp_ertapenem_S_RSUH15_573_77429,0,0.35855103,0.5078118443489075,3,,323
Kp_ertapenem_S_S2-IND-01-F_573_80931,0,0.40523252,0.5096423625946045,3,,16
Kp_ertapenem_S_S8_573_79024,0,0.083474144,0.459682434797287,3,,MLST.-.-
Kp_ertapenem_S_SBH193_573_80816,0,0.2254432,0.5065304040908813,3,,307
Kp_ertapenem_S_SKLX031291_573_78393,0,0.026065156,0.295560210943222,3,,893
Kp_ertapenem_S_T2_573_79358,0,0.12788595,0.5205572843551636,3,,MLST.-.-
Kp_ertapenem_S_TR009_573_78631,0,0.4189738,0.542742133140564,3,,16
Kp_ertapenem_S_TY-10_573_83496,0,0.025810646,0.3372035324573517,3,,1049
Kp_ertapenem_S_TY-14_573_83461,0,0.025810646,0.3372035324573517,3,,1049
Kp_ertapenem_S_TY-24_573_77619,0,0.050108753,0.3549219965934753,3,,442
Kp_ertapenem_S_TY-25_573_77904,0,0.050108753,0.3549219965934753,3,,442
Kp_ertapenem_S_TY-33_573_83511,0,0.03404797,0.3456020355224609,3,,1
Kp_ertapenem_S_TY-39_573_83515,0,0.045314226,0.3742759823799133,3,,514
Kp_ertapenem_S_W2-1-ERG1_573_5804,0,0.024787918,0.2726898491382599,3,,1966
Kp_ertapenem_S_W2-1-ERG5_573_5694,0,0.02619983,0.3181441128253937,3,,462
Kp_ertapenem_S_W2-1-ERY5_G__573_5676,0,0.029597137,0.2714568674564361,3,,1966
Kp_ertapenem_S_W2-13-ERG3_573_5823,0,0.27585474,0.4742659330368042,3,,2355
Kp_ertapenem_S_W2-13-ERG4_573_5716,0,0.25280243,0.4746311902999878,3,,2355
Kp_ertapenem_S_W2-9-ERG10_573_5711,0,0.03207208,0.2309414595365524,3,,3839
Kp_ertapenem_S_YZ22CS094_573_80812,0,0.29136017,0.419350653886795,3,,5982
Kp_ertapenem_S_ZR158_573_81531,0,0.0641777,0.4165592789649963,3,,307
Kp_ertapenem_S_ZR163_573_81530,0,0.05609219,0.3528008162975311,3,,1
Kp_ertapenem_S_ZR416_573_81525,0,0.08709876,0.5075372457504272,3,,12
Kp_ertapenem_S_ZR710_573_81537,0,0.16229722,0.5008544921875,3,,16
Kp_ertapenem_S_ZR719_573_81536,0,0.046052586,0.3910934031009674,3,,514
Kp_ertapenem_S_fly-402_573_78074,0,0.027116302,0.3111005425453186,3,,222
Kp_ertapenem_S_hvKP_287_573_78314,0,0.025775738,0.3190816044807434,3,,1049
Kp_ertapenem_S_kp112_573_81350,0,0.10185809,0.4851118326187134,3,,76
Kp_ertapenem_S_kp123_573_81349,0,0.10185809,0.4851118326187134,3,,76
Kp_ertapenem_S_kp124_573_81351,0,0.10185809,0.4851118326187134,3,,76
Kp_ertapenem_S_kp128_573_81352,0,0.10185809,0.4851118326187134,3,,76
Kp_ertapenem_S_kp130_573_81354,0,0.10185809,0.4851118326187134,3,,76
Kp_ertapenem_S_kp13BYS_573_81353,0,0.033903513,0.3651170432567596,3,,1985
Kp_ertapenem_S_kp16GYS_573_81356,0,0.10127634,0.50225830078125,3,,12
Kp_ertapenem_S_kp17BYS_573_81355,0,0.025787858,0.2886067032814026,3,,200
Kp_ertapenem_S_kp335_573_81362,0,0.026872382,0.3174196481704712,3,,200
R__rgi_Klebsiella_pneumoniae_ertapenem_RESISTANT__Klebsiella_pneumoniae_R_ertapenem_Klebsiella_pneumoniae_strain_EuSCAPE_PT072.txt,1,0.43099672,0.5252470970153809,3,1.0,323
S__rgi_Klebsiella_pneumoniae_ertapenem__Kpn_Klebsiella_pneumoniae_strain_EuSCAPE_CZ012_GCA_900510985_1,0,0.025834002,0.2940565943717956,3,,Unknown
S__rgi_Klebsiella_pneumoniae_ertapenem__Kpn_Klebsiella_pneumoniae_strain_EuSCAPE_ES246_GCA_900517525_1,0,0.50437677,0.5649387240409851,3,,Unknown
S__rgi_Klebsiella_pneumoniae_ertapenem__Kpn_Klebsiella_pneumoniae_strain_EuSCAPE_FR013_GCA_900510395_1,0,0.05454375,0.2530525922775268,3,,Unknown
S__rgi_Klebsiella_pneumoniae_ertapenem__Kpn_Klebsiella_pneumoniae_strain_EuSCAPE_HR024_GCA_900505795_1,0,0.53781325,0.6014765501022339,3,,Unknown
S__rgi_Klebsiella_pneumoniae_ertapenem__Kpn_Klebsiella_pneumoniae_strain_EuSCAPE_HR056_GCA_900505985_1,0,0.045456387,0.4053016006946563,3,,Unknown
S__rgi_Klebsiella_pneumoniae_ertapenem__Kpn_Klebsiella_pneumoniae_strain_EuSCAPE_HU065_GCA_900517105_1,0,0.024421357,0.2901787757873535,3,,Unknown
S__rgi_Klebsiella_pneumoniae_ertapenem__Kpn_Klebsiella_pneumoniae_strain_EuSCAPE_IT119_GCA_900514845_1,0,0.027851,0.3152622878551483,3,,Unknown
S__rgi_Klebsiella_pneumoniae_ertapenem__Kpn_Klebsiella_pneumoniae_strain_EuSCAPE_RO031_GCA_900504595_1,0,0.45228305,0.4604708850383758,3,,Unknown
S__rgi_Klebsiella_pneumoniae_ertapenem__Kpn_Klebsiella_pneumoniae_strain_EuSCAPE_RO071_GCA_900504195_1,0,0.86481905,0.6250948309898376,3,,Unknown
S__rgi_Klebsiella_pneumoniae_ertapenem__Kpn_Klebsiella_pneumoniae_strain_EuSCAPE_TR042_GCA_900507835_1,0,0.024421357,0.3058876395225525,3,,Unknown
S__rgi_Klebsiella_pneumoniae_ertapenem__Kpn_S_Klebsiella_pneumoniae_strain_EuSCAPE_HR007_GCA_900505665_1.txt,0,0.64505255,0.5144612789154053,3,1.0,437
S__rgi_Klebsiella_pneumoniae_ertapenem__Kpn_S_Klebsiella_pneumoniae_strain_EuSCAPE_HR017_GCA_900505775_1.txt,0,0.86150444,0.7002930641174316,3,1.0,437
S__rgi_Klebsiella_pneumoniae_ertapenem__Kpn_S_Klebsiella_pneumoniae_strain_EuSCAPE_IE013_GCA_900506305_1.txt,0,0.055543724,0.4044780135154724,3,1.0,643
S__rgi_Klebsiella_pneumoniae_ertapenem__Kpn_S_Klebsiella_pneumoniae_strain_EuSCAPE_LT007_GCA_900512025_1.txt,0,0.9307025,0.6782736778259277,3,0.0,437
S__rgi_Klebsiella_pneumoniae_ertapenem__Kpn_S_Klebsiella_pneumoniae_strain_EuSCAPE_SI020_GCA_900503055_1.txt,0,0.07415957,0.4310003221035003,3,1.0,307
S__rgi_Klebsiella_pneumoniae_ertapenem__Kpn_S_Klebsiella_pneumoniae_strain_EuSCAPE_TR125_GCA_900507385_1.txt,0,0.5911365,0.6267526745796204,3,1.0,307
S__rgi_Klebsiella_pneumoniae_ertapenem__Kpn_S_Klebsiella_pneumoniae_strain_EuSCAPE_TR306_GCA_900508255_1.txt,0,0.024421357,0.3276817500591278,3,1.0,185
GCA_000406765.2,1,0.7398772,0.8283494710922241,4,1.0,Unknown
GCA_000417265.2,1,0.7581271,0.888372004032135,4,1.0,Unknown
GCA_000417485.1,1,0.6738395,0.8265718221664429,4,1.0,45
GCA_000709165.2,1,0.7581271,0.888372004032135,4,1.0,Unknown
GCA_000709185.2,1,0.7581271,0.906321942806244,4,1.0,Unknown
GCA_001704235.1,1,0.7496361,0.8084834218025208,4,1.0,Unknown
GCA_001709275.1,1,0.22261493,0.4061551690101623,4,1.0,14
GCA_001709295.1,1,0.23318592,0.4084241986274719,4,1.0,14
GCA_001720705.1,1,0.67352915,0.7302417755126953,4,1.0,Unknown
GCA_001720745.1,1,0.14523453,0.2877427935600281,4,1.0,Unknown
GCA_001720755.1,1,0.29888135,0.4561675190925598,4,1.0,Unknown
GCA_001720765.1,1,0.3010445,0.4127668440341949,4,1.0,Unknown
GCA_001720845.1,1,0.51952255,0.6598710417747498,4,1.0,Unknown
GCA_001720865.1,1,0.23615305,0.3992552459239959,4,1.0,Unknown
GCA_001720905.1,1,0.3097898,0.4451375603675842,4,1.0,Unknown
GCA_001874695.1,1,0.6132258,0.8952023983001709,4,1.0,Unknown
GCA_001874715.1,1,0.16275814,0.3670859038829803,4,1.0,Unknown
GCA_001874725.1,0,0.22561625,0.4103574752807617,4,1.0,Unknown
GCA_001874865.1,1,0.25919628,0.4263813197612762,4,1.0,Unknown
GCA_001874875.1,1,0.7496361,0.8084834218025208,4,1.0,Unknown
GCA_001875045.2,1,0.7135516,0.6950664520263672,4,1.0,Unknown
GCA_001875055.2,1,0.68793845,0.8005750775337219,4,1.0,Unknown
GCA_001875075.1,1,0.7400292,0.8025168180465698,4,1.0,Unknown
GCA_001875105.1,1,0.6421243,0.6433222889900208,4,1.0,Unknown
GCA_001875125.1,1,0.27296066,0.4775541722774505,4,1.0,Unknown
GCA_001875135.1,1,0.6789147,0.6836702823638916,4,1.0,Unknown
GCA_001875745.1,0,0.20972577,0.450540691614151,4,1.0,Unknown
GCA_002180315.1,1,0.24421926,0.3372751176357269,4,1.0,14
GCA_002202255.1,1,0.26032457,0.4218495190143585,4,1.0,11
GCA_002918585.2,1,0.3050253,0.4705541431903839,4,1.0,Unknown
GCA_003069525.1,1,0.22261493,0.4061551690101623,4,1.0,14
GCA_003073335.1,1,0.21483281,0.4847459495067596,4,1.0,11
GCA_003950545.1,1,0.7581271,0.8203974962234497,4,1.0,Unknown
GCA_003951175.1,1,0.5903218,0.6284074187278748,4,1.0,Unknown
GCA_003951605.1,1,0.6829084,0.6928595900535583,4,1.0,Unknown
GCA_003952045.1,1,0.7581271,0.8041368722915649,4,1.0,237
GCA_003952125.1,0,0.7581271,0.7817891240119934,4,1.0,Unknown
GCA_004322955.1,0,0.35250375,0.6069644689559937,4,1.0,45
GCA_008704145.1,1,0.21204597,0.3328319787979126,4,1.0,607
GCA_011682855.1,0,0.14828847,0.299034833908081,4,1.0,13
GCA_013180385.1,0,0.1742073,0.3593360185623169,4,1.0,Unknown
GCA_014840245.1,1,0.7123592,0.9865846633911132,4,1.0,14
GCA_014840295.1,1,0.13594282,0.1256542950868606,4,1.0,20
GCA_014840345.1,1,0.22891253,0.140572041273117,4,1.0,11
GCA_014840475.1,1,0.31613532,0.4051545262336731,4,1.0,14
GCA_014840535.1,1,0.25425342,0.4068030416965484,4,1.0,340
GCA_014840555.1,1,0.22891253,0.140572041273117,4,1.0,11
GCA_014840575.1,1,0.5313909,0.5805304050445557,4,1.0,11
GCA_014840645.1,1,0.18365346,0.2550362348556518,4,1.0,11
GCA_014840705.1,0,0.13594282,0.2680064439773559,4,1.0,48
GCA_014840735.1,0,0.13594282,0.2097528129816055,4,1.0,65
GCA_014840795.1,0,0.13594282,0.2669182419776916,4,1.0,48
GCA_014946945.1,1,0.21941216,0.3450362980365753,4,1.0,Unknown
GCA_014947005.1,0,0.14484598,0.3010280132293701,4,1.0,Unknown
GCA_019927285.1,0,0.13594282,0.1086609736084938,4,1.0,4075
GCA_019927315.1,0,0.13594282,0.2095910012722015,4,1.0,461
GCA_019927435.1,0,0.13594282,0.1475551873445511,4,1.0,1621
GCA_019927745.1,0,0.13594282,0.1171169728040695,4,1.0,2217
GCA_019927785.1,0,0.2562778,0.464294284582138,4,1.0,268
GCA_019927845.1,0,0.13594282,0.2563662827014923,4,1.0,133
GCA_019927855.1,0,0.13594282,0.221098318696022,4,1.0,65
GCA_019927905.1,1,0.13594282,0.2086219787597656,4,1.0,3050
GCA_019928165.1,0,0.13594282,0.1377063244581222,4,1.0,5449
GCA_019928625.2,0,0.13594282,0.136781245470047,4,1.0,Unknown
GCA_019928685.1,0,0.13594282,0.1343778520822525,4,1.0,1271
GCA_019930055.1,0,0.3650871,0.4680003225803375,4,1.0,45
GCA_019930175.1,0,0.13594282,0.2062937766313552,4,1.0,111
GCA_019930385.1,0,0.13594282,0.1823891103267669,4,1.0,48
GCA_021773895.1,1,0.70837337,0.7076888084411621,4,1.0,Unknown
GCA_021773985.1,1,0.74178827,0.7793008685112,4,1.0,Unknown
GCA_022182405.1,0,0.75209844,0.8236477971076965,4,1.0,Unknown
GCA_022182645.1,0,0.13594282,0.0915444046258926,4,1.0,Unknown
GCA_022299735.1,0,0.1693448,0.3361028730869293,4,1.0,Unknown
GCA_022299755.1,0,0.13594282,0.1134321987628936,4,1.0,Unknown
GCA_022299775.1,0,0.13594282,0.2371560931205749,4,1.0,Unknown
GCA_022299835.1,1,0.5128493,0.5097033381462097,4,1.0,Unknown
GCA_022299875.1,0,0.14980438,0.2964887320995331,4,1.0,Unknown
GCA_022299895.1,0,0.13594282,0.234560027718544,4,1.0,Unknown
GCA_022299915.1,0,0.6250833,0.5690745115280151,4,1.0,Unknown
GCA_022299935.1,0,0.13594282,0.1715811192989349,4,1.0,Unknown
GCA_022299975.1,0,0.31316903,0.5339442491531372,4,1.0,Unknown
GCA_022300015.1,0,0.373982,0.501708984375,4,1.0,Unknown
GCA_022300035.1,0,0.13594282,0.1934138536453247,4,1.0,Unknown
GCA_022300075.1,0,0.41445807,0.4593792855739593,4,1.0,Unknown
GCA_022300095.1,0,0.70820767,0.6629481911659241,4,1.0,Unknown
GCA_022300155.1,0,0.13594282,0.2151857763528823,4,1.0,Unknown
GCA_022300195.1,0,0.13594282,0.1351749897003173,4,1.0,Unknown
GCA_022305035.1,0,0.14359789,0.1945590376853943,4,1.0,Unknown
GCA_022307095.1,0,0.16226494,0.3139667510986328,4,1.0,Unknown
GCA_022310895.1,0,0.13594282,0.2016166448593139,4,1.0,Unknown
GCA_022310915.1,0,0.13713504,0.1965176314115524,4,1.0,Unknown
GCA_022310935.1,0,0.1693448,0.3361028730869293,4,1.0,Unknown
GCA_022310975.1,0,0.14740366,0.1726944297552108,4,1.0,Unknown
GCA_022315575.1,1,0.14629641,0.0763732269406318,4,1.0,Unknown
GCA_022315595.1,1,0.23766072,0.4246803820133209,4,1.0,Unknown
GCA_022315615.1,1,0.1698435,0.2667868733406067,4,1.0,Unknown
GCA_022315655.1,1,0.30307153,0.4499363899230957,4,1.0,Unknown
GCA_022315675.1,1,0.58477193,0.3573712408542633,4,1.0,Unknown
GCA_022315695.1,1,0.74178827,0.7793008685112,4,1.0,Unknown
GCA_022315715.1,1,0.732767,0.8242852091789246,4,1.0,Unknown
GCA_022315735.1,1,0.7564117,0.8533636927604675,4,1.0,Unknown
GCA_022315755.1,1,0.5348887,0.6382858753204346,4,1.0,Unknown
GCA_022315775.1,1,0.5120655,0.5729617476463318,4,1.0,Unknown
GCA_022315795.1,1,0.7564117,0.8533636927604675,4,1.0,Unknown
GCA_022315815.1,1,0.7564117,0.8495035767555237,4,1.0,Unknown
GCA_022315835.1,1,0.7564117,0.8533636927604675,4,1.0,Unknown
GCA_022315855.1,1,0.2519016,0.3779136836528778,4,1.0,Unknown
GCA_022315875.1,1,0.2519016,0.3779136836528778,4,1.0,Unknown
GCA_022315895.1,1,0.3000251,0.3645795583724975,4,1.0,Unknown
GCA_022315915.1,1,0.14284034,0.3802122771739959,4,1.0,Unknown
GCA_022315935.1,1,0.30901712,0.3882410526275635,4,1.0,Unknown
GCA_022315955.1,1,0.24613172,0.3852879405021667,4,1.0,Unknown
GCA_022315975.1,1,0.732767,0.8242852091789246,4,1.0,Unknown
GCA_022315985.1,1,0.2881723,0.4153434038162231,4,1.0,Unknown
GCA_022316015.1,1,0.3473182,0.4246207475662231,4,1.0,Unknown
GCA_022316035.1,1,0.16897558,0.1045687198638916,4,1.0,Unknown
GCA_022316155.1,1,0.70837337,0.7076888084411621,4,1.0,Unknown
GCA_022316255.1,1,0.74178827,0.7793008685112,4,1.0,Unknown
GCA_022316305.1,1,0.70942795,0.958924114704132,4,1.0,Unknown
GCA_022316345.1,1,0.58524567,0.9561044573783876,4,1.0,Unknown
GCA_022316385.1,0,0.22432758,0.4731703400611877,4,1.0,Unknown
GCA_022316405.1,0,0.13594282,0.1059020459651947,4,1.0,Unknown
GCA_022316545.1,1,0.18330708,0.2320707440376281,4,1.0,Unknown
GCA_022316805.1,1,0.31372362,0.447762131690979,4,1.0,Unknown
GCA_022316865.1,1,0.2986875,0.447762131690979,4,1.0,Unknown
GCA_024580135.1,1,0.2190833,0.4064937829971313,4,1.0,Unknown
GCA_025367465.1,1,0.7079373,0.7099878191947937,4,1.0,11
GCA_025367575.1,1,0.7079373,0.7099878191947937,4,1.0,11
GCA_027144125.2,1,0.1882527,0.50030517578125,4,1.0,Unknown
GCA_030026945.2,1,0.7214256,0.9089821577072144,4,1.0,Unknown
GCA_031044775.1,0,0.13594282,0.1383453458547592,4,1.0,Unknown
GCA_031045235.1,0,0.13594282,0.1950568705797195,4,1.0,Unknown
GCA_031045635.1,0,0.14552446,0.161254197359085,4,1.0,Unknown
GCA_031045655.1,0,0.22994348,0.2366484999656677,4,1.0,Unknown
GCA_031045675.1,0,0.53771627,0.5446197390556335,4,1.0,Unknown
GCA_031045695.1,0,0.34658015,0.41920205950737,4,1.0,Unknown
GCA_031045735.1,0,0.5282321,0.6675507426261902,4,1.0,Unknown
GCA_031045755.1,0,0.6509335,0.7415278553962708,4,1.0,Unknown
GCA_031045795.1,0,0.7581271,0.816516101360321,4,1.0,Unknown
GCA_031045815.1,0,0.13594282,0.1583694964647293,4,1.0,Unknown
GCA_031045835.1,0,0.13594282,0.2029166221618652,4,1.0,Unknown
GCA_031045895.1,0,0.4857576,0.5293850302696228,4,1.0,Unknown
GCA_031045955.1,0,0.75209844,0.7773633003234863,4,1.0,Unknown
GCA_031045995.1,0,0.71799356,0.8639664649963379,4,1.0,Unknown
GCA_031046015.1,0,0.35109732,0.4389054179191589,4,1.0,Unknown
GCA_031046035.1,0,0.40445483,0.3501713275909424,4,1.0,Unknown
GCA_031046055.1,0,0.40265715,0.5592900514602661,4,1.0,Unknown
GCA_031046075.1,0,0.7197408,0.8061668872833252,4,1.0,Unknown
GCA_031046095.1,0,0.6797562,0.8164795637130737,4,1.0,Unknown
GCA_031046115.1,0,0.51201653,0.7622470855712891,4,1.0,Unknown
GCA_031046135.1,0,0.51201653,0.7622470855712891,4,1.0,Unknown
GCA_031046195.1,0,0.40445483,0.3501713275909424,4,1.0,Unknown
GCA_031046215.1,0,0.60153073,0.6725366711616516,4,1.0,Unknown
GCA_031046255.1,0,0.51201653,0.7622470855712891,4,1.0,Unknown
GCA_031046335.1,0,0.40445483,0.3501713275909424,4,1.0,Unknown
GCA_031046355.1,0,0.13711104,0.3124355673789978,4,1.0,Unknown
GCA_031046375.1,0,0.6492024,0.6824492812156677,4,1.0,Unknown
GCA_031046395.1,0,0.51201653,0.7622470855712891,4,1.0,Unknown
GCA_031046415.1,0,0.6492024,0.6824492812156677,4,1.0,Unknown
GCA_031046435.1,0,0.13594282,0.2060540467500686,4,1.0,Unknown
GCA_031046455.1,0,0.13594282,0.134150817990303,4,1.0,Unknown
GCA_031046475.1,0,0.26729113,0.4372827410697937,4,1.0,Unknown
GCA_031046495.1,0,0.13594282,0.2027982026338577,4,1.0,Unknown
GCA_031046555.1,0,0.13594282,0.1879883408546447,4,1.0,Unknown
GCA_031046615.1,0,0.15622243,0.2674559950828552,4,1.0,Unknown
GCA_031046755.1,0,0.59321266,0.7778909802436829,4,1.0,Unknown
GCA_031046775.1,0,0.1388509,0.1337542980909347,4,1.0,Unknown
GCA_031046795.1,0,0.1388509,0.1337542980909347,4,1.0,Unknown
GCA_032121155.1,0,0.13594282,0.2424297481775283,4,1.0,Unknown
GCA_032121395.1,0,0.13594282,0.1037940382957458,4,1.0,Unknown
GCA_032182185.1,0,0.6568173,0.6192986369132996,4,1.0,Unknown
GCA_033197195.1,0,0.7542871,0.7536026835441589,4,1.0,Unknown
Kp_ertapenem_R_015710-delta-acyT-delta-pyt_573_81410,1,0.6032653,0.6448124051094055,4,,11
Kp_ertapenem_R_015710-delta-acyT_573_81406,1,0.6032653,0.6448124051094055,4,,11
Kp_ertapenem_R_015710-delta-pyt_573_81405,1,0.209306,0.3864160776138305,4,,11
Kp_ertapenem_R_12_573_24247,1,0.21745771,0.4143655598163605,4,,14
Kp_ertapenem_R_13545_573_82129,1,0.7157257,0.675336480140686,4,,340
Kp_ertapenem_R_14_573_79053,1,0.7337813,0.8651671409606934,4,,11
Kp_ertapenem_R_18473_573_82135,1,0.13594282,0.1970578879117965,4,,Unknown
Kp_ertapenem_R_18_573_24256,1,0.23324835,0.435301274061203,4,,14
Kp_ertapenem_R_18_573_79052,1,0.55726904,0.7140177488327026,4,,11
Kp_ertapenem_R_2014C06-205_573_78971,1,0.23644374,0.430207222700119,4,,11
Kp_ertapenem_R_2014C06-217_573_78970,1,0.2213332,0.3237090706825256,4,,11
Kp_ertapenem_R_2016C06-010_573_78967,1,0.7581271,0.8171371221542358,4,,11
Kp_ertapenem_R_2016C06-013_573_78965,1,0.7581271,0.8171371221542358,4,,11
Kp_ertapenem_R_2016C06-072_573_78963,1,0.7581271,0.8171371221542358,4,,11
Kp_ertapenem_R_2016C06-080_573_78961,1,0.7581271,0.8171371221542358,4,,11
Kp_ertapenem_R_2016C06-098_573_78960,1,0.7581271,0.8171371221542358,4,,11
Kp_ertapenem_R_2016C06-122_573_78959,1,0.75570095,0.8009645938873291,4,,11
Kp_ertapenem_R_2016C06-211_573_78956,1,0.7581271,0.8171371221542358,4,,11
Kp_ertapenem_R_2016C06-237_573_78955,1,0.7581271,0.8171371221542358,4,,11
Kp_ertapenem_R_2016C07-154_573_78954,1,0.7581271,0.8171371221542358,4,,11
Kp_ertapenem_R_2016E04-172_573_78953,1,0.7581271,0.8171371221542358,4,,11
Kp_ertapenem_R_2018C06-148_573_78957,1,0.25192323,0.4093388617038727,4,,11
Kp_ertapenem_R_2024CK-00645_573_77406,1,0.19468842,0.3093496263027191,4,,Unknown
Kp_ertapenem_R_213_573_79048,1,0.7337813,0.8651671409606934,4,,11
Kp_ertapenem_R_218_573_79046,1,0.68398464,0.915808916091919,4,,11
Kp_ertapenem_R_231225596_573_81660,1,0.4905248,0.6077795624732971,4,,11
Kp_ertapenem_R_240107177_573_81655,1,0.34694165,0.5045775175094604,4,,11
Kp_ertapenem_R_240108208_573_81654,1,0.4905248,0.6077795624732971,4,,11
Kp_ertapenem_R_240115390_573_81670,1,0.4905248,0.6077795624732971,4,,11
Kp_ertapenem_R_240222455_573_81635,1,0.4905248,0.6077795624732971,4,,11
Kp_ertapenem_R_240304097_573_81625,1,0.40184483,0.4487282335758209,4,,11
Kp_ertapenem_R_240422532_573_81641,1,0.35245606,0.3719774782657623,4,,11
Kp_ertapenem_R_2407435_573_81623,1,0.48149058,0.5978426933288574,4,,11
Kp_ertapenem_R_26968_5#106_573_66225,1,0.7172207,0.9546896815299988,4,,11
Kp_ertapenem_R_26968_5#109_573_66224,1,0.7172207,0.9546896815299988,4,,11
Kp_ertapenem_R_26968_5#50_573_66220,1,0.24039504,0.3487421572208404,4,,11
Kp_ertapenem_R_26968_6#121_573_66266,1,0.23522566,0.3261640965938568,4,,11
Kp_ertapenem_R_26968_6_1_573_66242,1,0.23522566,0.3261640965938568,4,,11
Kp_ertapenem_R_26994_6#164_573_66342,1,0.23522566,0.3261640965938568,4,,11
Kp_ertapenem_R_26994_6_59_573_66322,1,0.23522566,0.3261640965938568,4,,11
Kp_ertapenem_R_27261_7#68_573_66453,1,0.501048,0.794424831867218,4,,20
Kp_ertapenem_R_27261_8_183_573_66508,1,0.37295738,0.563978374004364,4,,11
Kp_ertapenem_R_27261_8_62_573_66483,1,0.7172207,0.9546896815299988,4,,11
Kp_ertapenem_R_2842_573_78882,1,0.630833,0.7202376127243042,4,,11
Kp_ertapenem_R_29105_1_376_573_66555,1,0.23522566,0.3261640965938568,4,,11
Kp_ertapenem_R_29109_2_143_573_66556,1,0.1911461,0.1773829758167266,4,,11
Kp_ertapenem_R_29339_1#51_573_66564,1,0.23522566,0.3261640965938568,4,,11
Kp_ertapenem_R_4015_Futian_573_83681,1,0.7581271,0.9993964433670044,4,,11
Kp_ertapenem_R_41T-01_573_77999,1,0.513798,0.6070809364318848,4,,1685
Kp_ertapenem_R_42T-02_573_77994,1,0.7466279,0.9285385012626648,4,,1685
Kp_ertapenem_R_45_s__573_79049,1,0.68398464,0.915808916091919,4,,11
Kp_ertapenem_R_5016_22_573_78747,1,0.707338,0.8651671409606934,4,,45
Kp_ertapenem_R_5192_573_78914,1,0.74346745,0.8153427839279175,4,,11
Kp_ertapenem_R_5236_573_78910,1,0.25529036,0.3259042799472809,4,,11
Kp_ertapenem_R_58_s__573_79051,1,0.68398464,0.915808916091919,4,,11
Kp_ertapenem_R_6011_573_79263,1,0.74346745,0.8153427839279175,4,,11
Kp_ertapenem_R_6471_573_79259,1,0.13652343,0.1490352898836136,4,,11
Kp_ertapenem_R_66_573_24314,1,0.31372362,0.447762131690979,4,,Unknown
Kp_ertapenem_R_70378_573_84139,1,0.23644374,0.430207222700119,4,,11
Kp_ertapenem_R_76w_winter_573_92117,1,0.50522214,0.4863315522670746,4,,872
Kp_ertapenem_R_7824_573_78703,1,0.25174275,0.2995916604995727,4,,11
Kp_ertapenem_R_7_573_24313,1,0.3355209,0.5033568739891052,4,,14
Kp_ertapenem_R_80080926_573_79250,1,0.4244485,0.5346124768257141,4,,268
Kp_ertapenem_R_9497_573_78897,1,0.65426105,0.5961393117904663,4,,11
Kp_ertapenem_R_9589_573_78704,1,0.25174275,0.2995916604995727,4,,11
Kp_ertapenem_R_9_573_24316,1,0.3606791,0.3785596191883087,4,,14
Kp_ertapenem_R_A1H_573_77951,1,0.56398124,0.9593832492828368,4,,11
Kp_ertapenem_R_A1L_573_77953,1,0.56398124,0.9593832492828368,4,,11
Kp_ertapenem_R_A2H_573_77950,1,0.56398124,0.9593832492828368,4,,11
Kp_ertapenem_R_A2L_573_77945,1,0.56398124,0.9593832492828368,4,,11
Kp_ertapenem_R_A3H_573_77949,1,0.56398124,0.9593832492828368,4,,11
Kp_ertapenem_R_A3L_573_77941,1,0.56398124,0.9593832492828368,4,,11
Kp_ertapenem_R_A4H_573_77940,1,0.56398124,0.9593832492828368,4,,11
Kp_ertapenem_R_A4L_573_77946,1,0.56398124,0.9593832492828368,4,,11
Kp_ertapenem_R_A5H_573_77947,1,0.56398124,0.9593832492828368,4,,11
Kp_ertapenem_R_A5L_573_77939,1,0.56398124,0.9593832492828368,4,,11
Kp_ertapenem_R_A871_573_79050,1,0.7337813,0.8651671409606934,4,,11
Kp_ertapenem_R_ABOVE58_573_77546,1,0.74346745,0.8153427839279175,4,,Unknown
Kp_ertapenem_R_ABOVE65_573_77545,1,0.22100893,0.2169225066900253,4,,11
Kp_ertapenem_R_ACR4_573_83518,1,0.13713504,0.1860950589179992,4,,Unknown
Kp_ertapenem_R_ACR8_573_83517,1,0.14292853,0.1480471938848495,4,,5
Kp_ertapenem_R_AN-28_573_83583,1,0.2743151,0.4122934937477112,4,,14
Kp_ertapenem_R_AN-93_573_83563,1,0.73373777,0.8138309121131897,4,,Unknown
Kp_ertapenem_R_AR8229_573_83778,1,0.6261911,0.9580694437026978,4,,11
Kp_ertapenem_R_AR8292_573_83768,1,0.6981047,0.9940080642700196,4,,11
Kp_ertapenem_R_AR8310_573_83763,1,0.6261911,0.9228655695915222,4,,11
Kp_ertapenem_R_AR8313_573_83761,1,0.6981047,0.9940080642700196,4,,11
Kp_ertapenem_R_AR8319_573_83759,1,0.6261911,0.9228655695915222,4,,11
Kp_ertapenem_R_AR8324_573_83758,1,0.6261911,0.9228655695915222,4,,11
Kp_ertapenem_R_AR8331_573_83756,1,0.74007094,0.9766469597816468,4,,11
Kp_ertapenem_R_AR8336_573_83754,1,0.6981047,0.9940080642700196,4,,11
Kp_ertapenem_R_AR8369_573_83751,1,0.30920357,0.2531218230724334,4,,461
Kp_ertapenem_R_AR8388_573_83749,1,0.6981047,0.9940080642700196,4,,11
Kp_ertapenem_R_AR8398_573_83744,1,0.7340268,0.9465473294258118,4,,11
Kp_ertapenem_R_AR8415_573_83740,1,0.6981047,0.9940080642700196,4,,11
Kp_ertapenem_R_AR8423_573_83731,1,0.15431273,0.1721022576093673,4,,11
Kp_ertapenem_R_AR8463_573_83726,1,0.41331777,0.6891618371009827,4,,11
Kp_ertapenem_R_AR8479_573_83721,1,0.47779256,0.4814538359642029,4,,11
Kp_ertapenem_R_AR8481_573_83722,1,0.13874283,0.2301834970712661,4,,11
Kp_ertapenem_R_AR8484_573_83725,1,0.17787881,0.3036027550697326,4,,11
Kp_ertapenem_R_AR8487_573_83720,1,0.6981047,0.9940080642700196,4,,11
Kp_ertapenem_R_AR8489_573_83717,1,0.6981047,0.9940080642700196,4,,11
Kp_ertapenem_R_AR8490_573_83718,1,0.6981047,0.9940080642700196,4,,11
Kp_ertapenem_R_AR8507_573_83712,1,0.6261911,0.9228655695915222,4,,11
Kp_ertapenem_R_AR8509_573_83710,1,0.3017516,0.5397111177444458,4,,11
Kp_ertapenem_R_AR8512_573_83707,1,0.6981047,0.9940080642700196,4,,11
Kp_ertapenem_R_AR8514_573_83709,1,0.21524815,0.3386783599853515,4,,11
Kp_ertapenem_R_AR8518_573_83706,1,0.6389004,0.8099909424781799,4,,11
Kp_ertapenem_R_AR_0010_573_7025,1,0.25919628,0.4263813197612762,4,,461
Kp_ertapenem_R_B1H_573_77937,1,0.56398124,0.9593832492828368,4,,11
Kp_ertapenem_R_B1L_573_77944,1,0.56398124,0.9593832492828368,4,,11
Kp_ertapenem_R_B2H_573_77942,1,0.56398124,0.9593832492828368,4,,11
Kp_ertapenem_R_B2L_573_77938,1,0.56398124,0.9593832492828368,4,,11
Kp_ertapenem_R_B3H_573_77935,1,0.56398124,0.9593832492828368,4,,11
Kp_ertapenem_R_B3L_573_77943,1,0.56398124,0.9593832492828368,4,,11
Kp_ertapenem_R_B4H_573_77936,1,0.56398124,0.9593832492828368,4,,11
Kp_ertapenem_R_B4L_573_77934,1,0.68398464,0.915808916091919,4,,11
Kp_ertapenem_R_B5H_573_77974,1,0.56398124,0.9593832492828368,4,,11
Kp_ertapenem_R_B5L_573_77973,1,0.56398124,0.9593832492828368,4,,11
Kp_ertapenem_R_C029_573_36694,1,0.38626286,0.5293242335319519,4,,Unknown
Kp_ertapenem_R_C1H_573_77962,1,0.56398124,0.9593832492828368,4,,11
Kp_ertapenem_R_C1L_573_77972,1,0.68398464,0.915808916091919,4,,11
Kp_ertapenem_R_C2H_573_77970,1,0.56398124,0.9593832492828368,4,,11
Kp_ertapenem_R_C2L_573_77969,1,0.56398124,0.9593832492828368,4,,11
Kp_ertapenem_R_C3H_573_77964,1,0.56398124,0.9593832492828368,4,,11
Kp_ertapenem_R_C3L_573_77967,1,0.56398124,0.9593832492828368,4,,11
Kp_ertapenem_R_C4H_573_77985,1,0.68398464,0.915808916091919,4,,11
Kp_ertapenem_R_C4L_573_77959,1,0.56398124,0.9593832492828368,4,,11
Kp_ertapenem_R_C5H_573_77963,1,0.56398124,0.9593832492828368,4,,11
Kp_ertapenem_R_C5L_573_77981,1,0.68398464,0.915808916091919,4,,11
Kp_ertapenem_R_CCBH6556_573_78861,1,0.75547206,0.7526721358299255,4,,340
Kp_ertapenem_R_CPE_E1046_573_81241,1,0.28103417,0.447762131690979,4,,11
Kp_ertapenem_R_CPE_E1218_573_81167,1,0.681212,0.6736480593681335,4,,11
Kp_ertapenem_R_CPE_E136_573_81107,1,0.58699936,0.820900559425354,4,,11
Kp_ertapenem_R_CPE_E139_573_81106,1,0.26032457,0.4229216873645782,4,,20
Kp_ertapenem_R_CPE_E186_573_81093,1,0.5864482,0.4570155143737793,4,,20
Kp_ertapenem_R_CPE_E257_573_81083,1,0.13594282,0.1272725015878677,4,,20
Kp_ertapenem_R_CPE_E267_573_81081,1,0.3331052,0.499267578125,4,,20
Kp_ertapenem_R_CPE_E339_573_81059,1,0.2004557,0.3310927152633667,4,,20
Kp_ertapenem_R_CPE_E340_573_81057,1,0.20619982,0.3871326446533203,4,,20
Kp_ertapenem_R_CPE_E52_573_81134,1,0.19493456,0.3074457347393036,4,,1876
Kp_ertapenem_R_CPE_E82_573_81123,1,0.13713504,0.156491219997406,4,,11
Kp_ertapenem_R_CPE_E83_573_81121,1,0.18760094,0.3215598464012146,4,,11
Kp_ertapenem_R_CRE119_573_78117,1,0.7090084,0.6857916116714478,4,,11
Kp_ertapenem_R_CRKP-100_573_80737,1,0.68398464,0.915808916091919,4,,11
Kp_ertapenem_R_CRKP-118_573_80735,1,0.31372362,0.447762131690979,4,,11
Kp_ertapenem_R_CRKP-12_573_80768,1,0.68398464,0.915808916091919,4,,11
Kp_ertapenem_R_CRKP-133_573_80731,1,0.3017516,0.5397111177444458,4,,11
Kp_ertapenem_R_CRKP-134_573_80730,1,0.68398464,0.915808916091919,4,,11
Kp_ertapenem_R_CRKP-138_573_80729,1,0.3017516,0.5397111177444458,4,,11
Kp_ertapenem_R_CRKP-146_573_80722,1,0.6631019,0.797990083694458,4,,11
Kp_ertapenem_R_CRKP-147_573_80721,1,0.6631019,0.797990083694458,4,,11
Kp_ertapenem_R_CRKP-19_573_80765,1,0.68398464,0.915808916091919,4,,11
Kp_ertapenem_R_CRKP-56_573_80758,1,0.7337813,0.8651671409606934,4,,11
Kp_ertapenem_R_CRKP-58_573_80761,1,0.7337813,0.8651671409606934,4,,11
Kp_ertapenem_R_CRKP-59_573_80757,1,0.41251498,0.5924307703971863,4,,11
Kp_ertapenem_R_CRKP-60_573_80759,1,0.41251498,0.5924307703971863,4,,11
Kp_ertapenem_R_CRKP-61_573_80756,1,0.68398464,0.915808916091919,4,,11
Kp_ertapenem_R_CRKP-62_573_80754,1,0.7337813,0.8651671409606934,4,,11
Kp_ertapenem_R_CRKP-63_573_80755,1,0.7337813,0.8651671409606934,4,,11
Kp_ertapenem_R_CRKP-64_573_80753,1,0.7337813,0.8651671409606934,4,,11
Kp_ertapenem_R_CRKP-65_573_80752,1,0.68398464,0.915808916091919,4,,11
Kp_ertapenem_R_CRKP-66_573_80751,1,0.7337813,0.8651671409606934,4,,11
Kp_ertapenem_R_CRKP-68_573_80747,1,0.68398464,0.915808916091919,4,,11
Kp_ertapenem_R_CRKP-73_573_80748,1,0.68398464,0.915808916091919,4,,11
Kp_ertapenem_R_CRKP-77_573_80743,1,0.68398464,0.915808916091919,4,,11
Kp_ertapenem_R_CRKP-79_573_80745,1,0.68398464,0.915808916091919,4,,11
Kp_ertapenem_R_CRKP-7_573_80770,1,0.435066,0.4651445150375366,4,,11
Kp_ertapenem_R_CRKP-80_573_80741,1,0.68398464,0.915808916091919,4,,11
Kp_ertapenem_R_CRKP-86_573_80742,1,0.68398464,0.915808916091919,4,,11
Kp_ertapenem_R_CRKP-94_573_80740,1,0.41251498,0.5924307703971863,4,,11
Kp_ertapenem_R_CRKP-97_573_80734,1,0.68398464,0.915808916091919,4,,11
Kp_ertapenem_R_CRKP-99_573_80736,1,0.68398464,0.915808916091919,4,,11
Kp_ertapenem_R_CRKP1_573_77922,1,0.31372362,0.447641372680664,4,,11
Kp_ertapenem_R_CRKP2_573_77921,1,0.659525,0.6625235676765442,4,,11
Kp_ertapenem_R_CRhvKp1645_573_81788,1,0.630833,0.7202376127243042,4,,11
Kp_ertapenem_R_D14_573_78455,1,0.27611208,0.3992552459239959,4,,Unknown
Kp_ertapenem_R_D1H_573_77956,1,0.56398124,0.9593832492828368,4,,11
Kp_ertapenem_R_D1L_573_77960,1,0.56398124,0.9593832492828368,4,,11
Kp_ertapenem_R_D2H_573_77961,1,0.56398124,0.9593832492828368,4,,11
Kp_ertapenem_R_D2L_573_77976,1,0.56398124,0.9593832492828368,4,,11
Kp_ertapenem_R_D3H_573_77958,1,0.56398124,0.9593832492828368,4,,11
Kp_ertapenem_R_D3L_573_77957,1,0.56398124,0.9593832492828368,4,,11
Kp_ertapenem_R_D4H_573_77982,1,0.56398124,0.9593832492828368,4,,11
Kp_ertapenem_R_D4L_573_77954,1,0.68398464,0.915808916091919,4,,11
Kp_ertapenem_R_D5H_573_77955,1,0.56398124,0.9593832492828368,4,,11
Kp_ertapenem_R_D5L_573_77968,1,0.56398124,0.9593832492828368,4,,11
Kp_ertapenem_R_E1H_573_77980,1,0.56398124,0.9593832492828368,4,,11
Kp_ertapenem_R_E1L_573_77983,1,0.56398124,0.9593832492828368,4,,11
Kp_ertapenem_R_E2H_573_77978,1,0.56398124,0.9593832492828368,4,,11
Kp_ertapenem_R_E2L_573_77984,1,0.56398124,0.9593832492828368,4,,11
Kp_ertapenem_R_E3H_573_77971,1,0.56398124,0.9593832492828368,4,,11
Kp_ertapenem_R_E3L_573_77966,1,0.56398124,0.9593832492828368,4,,11
Kp_ertapenem_R_E4H_573_77977,1,0.56398124,0.9593832492828368,4,,11
Kp_ertapenem_R_E4L_573_77975,1,0.56398124,0.9593832492828368,4,,11
Kp_ertapenem_R_E5H_573_77965,1,0.56398124,0.9593832492828368,4,,11
Kp_ertapenem_R_E5L_573_77979,1,0.56398124,0.9593832492828368,4,,11
Kp_ertapenem_R_EC-307121_573_77776,1,0.25192323,0.4093388617038727,4,,11
Kp_ertapenem_R_F36_573_79047,1,0.68398464,0.915808916091919,4,,11
Kp_ertapenem_R_FAHZZU6216_573_84176,1,0.35246605,0.4743268191814422,4,,11
Kp_ertapenem_R_FK2831-HR_573_83872,1,0.7581271,0.9967774748802184,4,,11
Kp_ertapenem_R_FK2831_573_83873,1,0.738813,0.9141375422477722,4,,11
Kp_ertapenem_R_FK2847-HR_573_83874,1,0.7581271,0.9967774748802184,4,,11
Kp_ertapenem_R_FK2847_573_83870,1,0.68398464,0.915808916091919,4,,11
Kp_ertapenem_R_FK2866-HR_573_83864,1,0.7581271,0.9967774748802184,4,,11
Kp_ertapenem_R_FK2866_573_83862,1,0.68398464,0.915808916091919,4,,11
Kp_ertapenem_R_FK2958-HR_573_83863,1,0.630833,0.7202376127243042,4,,11
Kp_ertapenem_R_FK3001-HR_573_83860,1,0.7581271,0.9967648983001708,4,,11
Kp_ertapenem_R_FK3001_573_83865,1,0.68398464,0.915808916091919,4,,11
Kp_ertapenem_R_FK3166-HR_573_83866,1,0.630833,0.7202376127243042,4,,11
Kp_ertapenem_R_FK3686-HR_573_83867,1,0.630833,0.7202376127243042,4,,11
Kp_ertapenem_R_FK3719-HR_573_83875,1,0.5585458,0.597108781337738,4,,11
Kp_ertapenem_R_FK3730-HR_573_83858,1,0.7193067,0.9104260206222534,4,,11
Kp_ertapenem_R_FK3730_573_83859,1,0.18517064,0.324998140335083,4,,11
Kp_ertapenem_R_FK3732-HR_573_83857,1,0.630833,0.7202376127243042,4,,11
Kp_ertapenem_R_FK3746-HR_573_83856,1,0.630833,0.7202376127243042,4,,11
Kp_ertapenem_R_FK3831-HR_573_83853,1,0.630833,0.7202376127243042,4,,11
Kp_ertapenem_R_FK3845_573_83848,1,0.23720016,0.0447643175721168,4,,11
Kp_ertapenem_R_FK3882-HR_573_83851,1,0.6075477,0.7975568175315857,4,,11
Kp_ertapenem_R_FK3882_573_83849,1,0.17787881,0.304558515548706,4,,11
Kp_ertapenem_R_FK3886-HR_573_83846,1,0.630833,0.7202376127243042,4,,11
Kp_ertapenem_R_FK3981-HR_573_83847,1,0.630833,0.7202376127243042,4,,11
Kp_ertapenem_R_FK3990-HR_573_83844,1,0.630833,0.7202376127243042,4,,11
Kp_ertapenem_R_FK3991-HR_573_83843,1,0.16267833,0.2041038423776626,4,,11
Kp_ertapenem_R_FK4009-HR_573_83839,1,0.64165473,0.7201215624809265,4,,11
Kp_ertapenem_R_FK4020-HR_573_83837,1,0.7008667,0.7201544046401978,4,,11
Kp_ertapenem_R_FK5164_573_78100,1,0.41251498,0.5924307703971863,4,,11
Kp_ertapenem_R_FK5222_573_78091,1,0.31372362,0.447762131690979,4,,11
Kp_ertapenem_R_FK6172-HR_573_83836,1,0.7581271,0.9967648983001708,4,,11
Kp_ertapenem_R_FK6172_573_83833,1,0.68398464,0.915808916091919,4,,11
Kp_ertapenem_R_FK6299-HR_573_83834,1,0.7581271,0.9967774748802184,4,,11
Kp_ertapenem_R_FK6299_573_83830,1,0.68398464,0.915808916091919,4,,11
Kp_ertapenem_R_FK6304_573_83829,1,0.68398464,0.915808916091919,4,,11
Kp_ertapenem_R_FK6336-HR_573_83827,1,0.68398464,0.915808916091919,4,,11
Kp_ertapenem_R_FK6469-HR_573_83831,1,0.7581271,0.9967774748802184,4,,11
Kp_ertapenem_R_FK6469_573_83824,1,0.68398464,0.915808916091919,4,,11
Kp_ertapenem_R_FK6506_573_83826,1,0.6631019,0.797990083694458,4,,11
Kp_ertapenem_R_FK6625-HR_573_83823,1,0.7581271,0.9967774748802184,4,,11
Kp_ertapenem_R_FK6658_573_83828,1,0.68398464,0.915808916091919,4,,11
Kp_ertapenem_R_FK6696_573_78107,1,0.64925486,0.5898049473762512,4,,11
Kp_ertapenem_R_FK6916_573_78098,1,0.64925486,0.5898049473762512,4,,11
Kp_ertapenem_R_FK7407-HR_573_83822,1,0.630833,0.7202376127243042,4,,11
Kp_ertapenem_R_FK7407_573_83817,1,0.68398464,0.915808916091919,4,,11
Kp_ertapenem_R_FK7410-HR_573_83816,1,0.7581271,0.9967774748802184,4,,11
Kp_ertapenem_R_FK7410_573_83812,1,0.68398464,0.915808916091919,4,,11
Kp_ertapenem_R_FK7792_573_78086,1,0.36639354,0.4221472442150116,4,,11
Kp_ertapenem_R_FK7804-HR_573_83815,1,0.630833,0.7202376127243042,4,,11
Kp_ertapenem_R_FK8017_573_83811,1,0.6348414,0.5428633093833923,4,,11
Kp_ertapenem_R_FK8036-HR_573_83809,1,0.711793,0.9046926498413086,4,,11
Kp_ertapenem_R_FK8036_573_83810,1,0.6348414,0.5428633093833923,4,,11
Kp_ertapenem_R_FK8055-HR_573_83807,1,0.7581271,0.9967774748802184,4,,11
Kp_ertapenem_R_FK8072-HR_573_83806,1,0.63844186,0.7344767451286316,4,,11
Kp_ertapenem_R_FK8072_573_83808,1,0.570419,0.6043696999549866,4,,11
Kp_ertapenem_R_FK8078-HR_573_83804,1,0.6334315,0.835852324962616,4,,11
Kp_ertapenem_R_FK8078_573_83805,1,0.6348414,0.5428633093833923,4,,11
Kp_ertapenem_R_FK8132-HR_573_83803,1,0.7156012,0.8858291506767273,4,,11
Kp_ertapenem_R_FK8132_573_83801,1,0.56724745,0.4278149902820587,4,,11
Kp_ertapenem_R_FK8136-HR_573_83799,1,0.7466279,0.9474297165870668,4,,11
Kp_ertapenem_R_FK8152-HR_573_83802,1,0.6334315,0.8307315111160278,4,,11
Kp_ertapenem_R_FR21FBAR1544_573_84034,1,0.46080193,0.4289508759975433,4,,11
Kp_ertapenem_R_GKPN0009_573_78904,1,0.39074975,0.5142783522605896,4,,Unknown
Kp_ertapenem_R_GKPN0068_573_78912,1,0.564018,0.8686318397521973,4,,11
Kp_ertapenem_R_GKPN0070_573_78911,1,0.7037556,0.7150137424468994,4,,11
Kp_ertapenem_R_GKPN0071_573_78913,1,0.14273661,0.2534681260585785,4,,Unknown
Kp_ertapenem_R_GYH-CZA-R_573_80641,1,0.7036301,0.7200769186019897,4,,11
Kp_ertapenem_R_HD1641_573_78554,1,0.21277378,0.3549988567829132,4,,11
Kp_ertapenem_R_HD1657_573_78549,1,0.33504608,0.4392060935497284,4,,11
Kp_ertapenem_R_HD1948_573_78536,1,0.40690848,0.5347340106964111,4,,45
Kp_ertapenem_R_HD2064_573_78516,1,0.2865919,0.3549359738826751,4,,11
Kp_ertapenem_R_HD2513_573_78512,1,0.40690848,0.5347340106964111,4,,45
Kp_ertapenem_R_HD2629_573_78503,1,0.32701278,0.3739901185035705,4,,11
Kp_ertapenem_R_HD2653_573_78498,1,0.21243553,0.3024756014347076,4,,45
Kp_ertapenem_R_ICBKPS10_573_77906,1,0.17636266,0.2299240231513977,4,,11
Kp_ertapenem_R_JX-CRKP-K30_573_79324,1,0.6892345,0.60964035987854,4,,11
Kp_ertapenem_R_JXZRKP2_573_80986,1,0.630833,0.7202376127243042,4,,11
Kp_ertapenem_R_JXZRKP3_573_80987,1,0.630833,0.7202376127243042,4,,11
Kp_ertapenem_R_JXkp10_573_81266,1,0.33084124,0.4227131307125091,4,,11
Kp_ertapenem_R_JXkp11_573_81396,1,0.20794837,0.4155509769916534,4,,11
Kp_ertapenem_R_JXkp12_573_81397,1,0.43612292,0.4133587479591369,4,,11
Kp_ertapenem_R_JXkp15_573_81398,1,0.720901,0.9075173139572144,4,,11
Kp_ertapenem_R_JXkp16_573_83625,1,0.2845866,0.3542934060096741,4,,11
Kp_ertapenem_R_JXkp17_573_83627,1,0.75495034,0.913174569606781,4,,11
Kp_ertapenem_R_JXkp18_573_83626,1,0.75495034,0.9401060938835144,4,,11
Kp_ertapenem_R_JXkp19_573_83628,1,0.2845866,0.3542934060096741,4,,11
Kp_ertapenem_R_JXkp1_573_81267,1,0.75495034,0.9401060938835144,4,,11
Kp_ertapenem_R_JXkp22_573_81308,1,0.75495034,0.9401060938835144,4,,11
Kp_ertapenem_R_JXkp24_573_81393,1,0.37982085,0.5114725828170776,4,,11
Kp_ertapenem_R_JXkp25_573_81390,1,0.17203723,0.2335752099752426,4,,11
Kp_ertapenem_R_JXkp26_573_81389,1,0.21164165,0.4156102538108825,4,,11
Kp_ertapenem_R_JXkp3_573_81269,1,0.17203723,0.2335752099752426,4,,11
Kp_ertapenem_R_JXkp5_573_81271,1,0.72861665,0.6606241464614868,4,,11
Kp_ertapenem_R_JXkp7_573_81268,1,0.2845866,0.3542934060096741,4,,11
Kp_ertapenem_R_K1-IR_573_78933,1,0.20090796,0.3387911319732666,4,,11
Kp_ertapenem_R_K1_573_78940,1,0.20090796,0.3387911319732666,4,,11
Kp_ertapenem_R_K2-IR_573_78941,1,0.6261911,0.9228655695915222,4,,11
Kp_ertapenem_R_K2_573_78932,1,0.6261911,0.9228655695915222,4,,11
Kp_ertapenem_R_K3-IR_573_78938,1,0.30288225,0.491089791059494,4,,11
Kp_ertapenem_R_K5-IR_573_78928,1,0.75045675,0.8996075391769409,4,,11
Kp_ertapenem_R_K56649_573_78867,1,0.48403516,0.5673673748970032,4,,11
Kp_ertapenem_R_K5_573_78931,1,0.20090796,0.3387911319732666,4,,11
Kp_ertapenem_R_K6-IR_573_78926,1,0.74456614,0.9249253869056702,4,,11
Kp_ertapenem_R_K60365_573_78869,1,0.48403516,0.5673673748970032,4,,11
Kp_ertapenem_R_K7-IR_573_78930,1,0.30288225,0.491089791059494,4,,11
Kp_ertapenem_R_K7_573_78925,1,0.30288225,0.491089791059494,4,,11
Kp_ertapenem_R_K8-IR_573_78939,1,0.6994478,0.903166115283966,4,,11
Kp_ertapenem_R_K8_573_78934,1,0.14702663,0.1280882358551025,4,,11
Kp_ertapenem_R_KC141_573_79323,1,0.3017516,0.5397111177444458,4,,11
Kp_ertapenem_R_KC231_573_84173,1,0.3017516,0.5397111177444458,4,,11
Kp_ertapenem_R_KE9682_573_79219,1,0.13594282,0.1352320909500122,4,,Unknown
Kp_ertapenem_R_KE9944_573_79204,1,0.31748214,0.4744789600372314,4,,Unknown
Kp_ertapenem_R_KP-302858_573_77765,1,0.68398464,0.915808916091919,4,,11
Kp_ertapenem_R_KP-311884_573_77773,1,0.7337813,0.8651671409606934,4,,11
Kp_ertapenem_R_KP-402944_573_77769,1,0.25192323,0.4093388617038727,4,,11
Kp_ertapenem_R_KP-405051_573_77771,1,0.28998134,0.2470325380563736,4,,11
Kp_ertapenem_R_KP-406507_573_77764,1,0.16872393,0.1448127478361129,4,,11
Kp_ertapenem_R_KP-406844_573_77779,1,0.68398464,0.915808916091919,4,,11
Kp_ertapenem_R_KP-407151_573_77758,1,0.28833172,0.4546537697315216,4,,11
Kp_ertapenem_R_KP-407501_573_77760,1,0.15519848,0.15071502327919,4,,11
Kp_ertapenem_R_KP-407520_573_77755,1,0.16872393,0.1448127478361129,4,,11
Kp_ertapenem_R_KP-409017_573_77751,1,0.64925486,0.5898049473762512,4,,11
Kp_ertapenem_R_KP-409289_573_77775,1,0.25192323,0.4093388617038727,4,,11
Kp_ertapenem_R_KP-410754_573_77748,1,0.68398464,0.915808916091919,4,,11
Kp_ertapenem_R_KP-413914_573_77770,1,0.73376656,0.816516101360321,4,,11
Kp_ertapenem_R_KP-414546_573_77752,1,0.7581271,0.8171371221542358,4,,11
Kp_ertapenem_R_KP-414946_573_77754,1,0.63468564,0.6960616111755371,4,,11
Kp_ertapenem_R_KP-414956_573_77778,1,0.17459537,0.3614816069602966,4,,11
Kp_ertapenem_R_KP-416254_573_77747,1,0.25192323,0.4093388617038727,4,,11
Kp_ertapenem_R_KP-416871_573_77749,1,0.68398464,0.915808916091919,4,,11
Kp_ertapenem_R_KP-417514_573_77774,1,0.6705551,0.8215457201004028,4,,11
Kp_ertapenem_R_KP-447845_573_77777,1,0.13594282,0.0879939123988151,4,,11
Kp_ertapenem_R_KP-7_573_81250,1,0.630833,0.7202376127243042,4,,11
Kp_ertapenem_R_KP-HB21H30535_573_78601,1,0.720901,0.9160721302032472,4,,11
Kp_ertapenem_R_KP-HB21H30845_573_78597,1,0.3017516,0.5397111177444458,4,,11
Kp_ertapenem_R_KP12_573_78446,1,0.16904086,0.301092267036438,4,,11
Kp_ertapenem_R_KP1923_573_80884,1,0.56398124,0.9593832492828368,4,,11
Kp_ertapenem_R_KP1936_573_80879,1,0.30979034,0.43914595246315,4,,11
Kp_ertapenem_R_KP2010_573_78994,1,0.6909719,0.7201000452041626,4,,11
Kp_ertapenem_R_KP2048_573_80873,1,0.31257865,0.4849898815155029,4,,11
Kp_ertapenem_R_KP2051_573_80869,1,0.31257865,0.4849898815155029,4,,11
Kp_ertapenem_R_KP2053_573_80870,1,0.31257865,0.4849898815155029,4,,11
Kp_ertapenem_R_KP2056_573_80867,1,0.31257865,0.4849898815155029,4,,11
Kp_ertapenem_R_KP2057_573_80865,1,0.31257865,0.4849898815155029,4,,11
Kp_ertapenem_R_KP2059_573_80863,1,0.31257865,0.4849898815155029,4,,11
Kp_ertapenem_R_KP205_573_78863,1,0.13936277,0.1220515444874763,4,,11
Kp_ertapenem_R_KP2064_573_80859,1,0.31257865,0.4849898815155029,4,,11
Kp_ertapenem_R_KP2070_573_80858,1,0.31257865,0.4849898815155029,4,,11
Kp_ertapenem_R_KP2094_573_80850,1,0.283728,0.4835264682769775,4,,11
Kp_ertapenem_R_KP2161_573_80864,1,0.31257865,0.4849898815155029,4,,11
Kp_ertapenem_R_KP2175_573_80860,1,0.31257865,0.4849898815155029,4,,11
Kp_ertapenem_R_KP2176_573_80857,1,0.31257865,0.4849898815155029,4,,11
Kp_ertapenem_R_KP2177_573_80856,1,0.31257865,0.4849898815155029,4,,11
Kp_ertapenem_R_KP2180_573_80855,1,0.31257865,0.4849898815155029,4,,11
Kp_ertapenem_R_KP2185_573_80854,1,0.31257865,0.4849898815155029,4,,11
Kp_ertapenem_R_KP2189_573_80851,1,0.3017516,0.5397111177444458,4,,11
Kp_ertapenem_R_KP2191_573_80847,1,0.31257865,0.4849898815155029,4,,11
Kp_ertapenem_R_KP2740_573_81251,1,0.30857462,0.4440825581550598,4,,11
Kp_ertapenem_R_KP694_573_84135,1,0.68398464,0.915808916091919,4,,11
Kp_ertapenem_R_KPB80_573_78944,1,0.2845866,0.3542934060096741,4,,11
Kp_ertapenem_R_KPN1009_573_78696,1,0.7581271,0.9576358199119568,4,,11
Kp_ertapenem_R_KPN2663_573_83640,1,0.6909719,0.7201384902000427,4,,11
Kp_ertapenem_R_KPN2788_573_83639,1,0.69196784,0.7597383260726929,4,,11
Kp_ertapenem_R_KPN683_573_83637,1,0.69196784,0.7597383260726929,4,,11
Kp_ertapenem_R_KPN728_573_83638,1,0.6682581,0.7732163667678833,4,,11
Kp_ertapenem_R_KPN845_573_83642,1,0.67676586,0.8403899669647217,4,,11
Kp_ertapenem_R_Kp4874_IMP_573_78864,1,0.1637077,0.2300537526607513,4,,11
Kp_ertapenem_R_Kpn02028_573_82205,1,0.13594282,0.1545354276895523,4,,Unknown
Kp_ertapenem_R_Kpn12_573_81446,1,0.17128158,0.3367126286029815,4,,11
Kp_ertapenem_R_Kpn13_573_81444,1,0.73376656,0.816516101360321,4,,11
Kp_ertapenem_R_Kpn17_573_81447,1,0.29213855,0.4671494662761688,4,,11
Kp_ertapenem_R_Kpn19_573_81421,1,0.46795028,0.4979248046875,4,,11
Kp_ertapenem_R_Kpn2112-Lar_573_79378,1,0.7123592,0.9865975975990297,4,,11
Kp_ertapenem_R_Kpn24_573_81449,1,0.6995031,0.9698996543884276,4,,11
Kp_ertapenem_R_Kpn29_573_81465,1,0.46795028,0.4979248046875,4,,11
Kp_ertapenem_R_Kpn30_573_81415,1,0.7552355,0.9303001165390016,4,,11
Kp_ertapenem_R_Kpn31_573_81469,1,0.3017516,0.5397111177444458,4,,11
Kp_ertapenem_R_Kpn32_573_81468,1,0.29213855,0.4671494662761688,4,,11
Kp_ertapenem_R_Kpn35_573_81476,1,0.29213855,0.4671494662761688,4,,11
Kp_ertapenem_R_Kpn36_573_81418,1,0.23644374,0.430207222700119,4,,11
Kp_ertapenem_R_Kpn37_573_81413,1,0.16123796,0.0236668940633535,4,,11
Kp_ertapenem_R_Kpn38_573_81485,1,0.29213855,0.4671494662761688,4,,11
Kp_ertapenem_R_Kpn46_573_81483,1,0.23644374,0.430207222700119,4,,11
Kp_ertapenem_R_Kpn48_573_81482,1,0.29213855,0.4671494662761688,4,,11
Kp_ertapenem_R_Kpn4_573_81426,1,0.16857742,0.1334999203681945,4,,11
Kp_ertapenem_R_Kpn53_573_81455,1,0.29213855,0.4671494662761688,4,,11
Kp_ertapenem_R_Kpn57_573_81420,1,0.29213855,0.4671494662761688,4,,11
Kp_ertapenem_R_Kpn59_573_81430,1,0.75656706,0.7969253659248352,4,,11
Kp_ertapenem_R_Kpn63_573_81453,1,0.23644374,0.430207222700119,4,,11
Kp_ertapenem_R_Kpn66_573_81438,1,0.23644374,0.430207222700119,4,,11
Kp_ertapenem_R_Kpn69_573_81484,1,0.29213855,0.4671494662761688,4,,11
Kp_ertapenem_R_Kpn70_573_81434,1,0.29213855,0.4671494662761688,4,,11
Kp_ertapenem_R_Kpn72_573_81428,1,0.23644374,0.430207222700119,4,,11
Kp_ertapenem_R_Kpn81_573_81473,1,0.23644374,0.430207222700119,4,,11
Kp_ertapenem_R_Kpn_2_573_80938,1,0.36654666,0.4984131157398224,4,,45
Kp_ertapenem_R_Kpn_XM13_573_80642,1,0.630833,0.7202376127243042,4,,11
Kp_ertapenem_R_Kpn_XM9_573_77439,1,0.2150761,0.3552434742450714,4,,11
Kp_ertapenem_R_Kpngiani7132501_573_29938,1,0.20319076,0.3478970527648926,4,,45
Kp_ertapenem_R_Kpngiani7132548_573_30013,1,0.22138925,0.3087370693683624,4,,11
Kp_ertapenem_R_Kpngiani7132617_573_29927,1,0.21745771,0.4143655598163605,4,,14
Kp_ertapenem_R_L2329_573_81247,1,0.3017516,0.5397111177444458,4,,11
Kp_ertapenem_R_LZQ108_573_78366,1,0.5909893,0.5993679165840149,4,,11
Kp_ertapenem_R_LZQ109_573_78364,1,0.41251498,0.5924307703971863,4,,11
Kp_ertapenem_R_LZQ111_573_78367,1,0.5909893,0.5993679165840149,4,,11
Kp_ertapenem_R_LZQ115_573_78365,1,0.41251498,0.5924307703971863,4,,11
Kp_ertapenem_R_LZQ38_573_78378,1,0.41251498,0.5924307703971863,4,,11
Kp_ertapenem_R_LZQ44_573_78379,1,0.5909893,0.5993679165840149,4,,11
Kp_ertapenem_R_LZQ48_573_78374,1,0.5909893,0.5993679165840149,4,,11
Kp_ertapenem_R_LZQ51_573_78376,1,0.41251498,0.5924307703971863,4,,11
Kp_ertapenem_R_LZQ52_573_78377,1,0.5909893,0.5993679165840149,4,,11
Kp_ertapenem_R_LZQ54_573_78373,1,0.375319,0.4464645385742187,4,,11
Kp_ertapenem_R_LZQ57_573_78372,1,0.41251498,0.5924307703971863,4,,11
Kp_ertapenem_R_LZQ61_573_78371,1,0.5909893,0.5993679165840149,4,,11
Kp_ertapenem_R_LZQ67_573_78369,1,0.5909893,0.5993679165840149,4,,11
Kp_ertapenem_R_LZQ70_573_78370,1,0.41251498,0.5924307703971863,4,,11
Kp_ertapenem_R_LZQ8_573_78381,1,0.41251498,0.5924307703971863,4,,11
Kp_ertapenem_R_LZQ9_573_78382,1,0.41251498,0.5924307703971863,4,,11
Kp_ertapenem_R_MDRT1_573_77433,1,0.29903948,0.443208783864975,4,,11
Kp_ertapenem_R_MMR010_573_80688,1,0.597114,0.8703770637512207,4,,11
Kp_ertapenem_R_MR015_573_80682,1,0.20090796,0.3387911319732666,4,,11
Kp_ertapenem_R_MR023_573_80676,1,0.68398464,0.915808916091919,4,,11
Kp_ertapenem_R_MR024_573_80675,1,0.6631019,0.797990083694458,4,,11
Kp_ertapenem_R_MR025_573_80677,1,0.6631019,0.797990083694458,4,,11
Kp_ertapenem_R_MR026_573_80674,1,0.72405183,0.7744554281234741,4,,11
Kp_ertapenem_R_MR027_573_80673,1,0.6631019,0.797990083694458,4,,11
Kp_ertapenem_R_MR029_573_80672,1,0.20090796,0.3387911319732666,4,,11
Kp_ertapenem_R_MR030_573_80671,1,0.6631019,0.797990083694458,4,,11
Kp_ertapenem_R_MR031_573_80668,1,0.68398464,0.915808916091919,4,,11
Kp_ertapenem_R_MR032_573_80667,1,0.72405183,0.7744554281234741,4,,11
Kp_ertapenem_R_MR034_573_80665,1,0.3017516,0.5397111177444458,4,,11
Kp_ertapenem_R_MR035_573_80664,1,0.3017516,0.5397111177444458,4,,11
Kp_ertapenem_R_MR036_573_80663,1,0.3017516,0.5397111177444458,4,,11
Kp_ertapenem_R_MR037_573_80662,1,0.3017516,0.5397111177444458,4,,11
Kp_ertapenem_R_MR038_573_80661,1,0.68088454,0.7926649451255798,4,,11
Kp_ertapenem_R_MR039_573_80660,1,0.3017516,0.5397111177444458,4,,11
Kp_ertapenem_R_MR040_573_80659,1,0.3017516,0.5397111177444458,4,,11
Kp_ertapenem_R_MR044_573_80656,1,0.6063911,0.6997419595718384,4,,11
Kp_ertapenem_R_MR047_573_80654,1,0.597114,0.8703770637512207,4,,11
Kp_ertapenem_R_MR049_573_80669,1,0.6063911,0.6825208067893982,4,,11
Kp_ertapenem_R_MR053_573_80653,1,0.68398464,0.915808916091919,4,,11
Kp_ertapenem_R_MR054_573_80651,1,0.6631019,0.797990083694458,4,,11
Kp_ertapenem_R_MR056_573_80649,1,0.3017516,0.5397111177444458,4,,11
Kp_ertapenem_R_MUGSI_110_573_24328,1,0.20081842,0.4090437591075897,4,,340
Kp_ertapenem_R_MUGSI_111_573_24329,1,0.20081842,0.4090437591075897,4,,340
Kp_ertapenem_R_MUGSI_119_573_24337,1,0.54959387,0.6486332416534424,4,,Unknown
Kp_ertapenem_R_MUGSI_120_573_24338,1,0.20081842,0.4090437591075897,4,,340
Kp_ertapenem_R_MUGSI_125_573_24342,1,0.7581271,0.9026095867156982,4,,Unknown
Kp_ertapenem_R_MUGSI_133_573_24349,1,0.25285372,0.4489094018936157,4,,45
Kp_ertapenem_R_MUGSI_140_573_24352,1,0.7381091,0.8009256720542908,4,,Unknown
Kp_ertapenem_R_MUGSI_158_573_24361,1,0.7193962,0.9501802921295166,4,,Unknown
Kp_ertapenem_R_MUGSI_161_573_24365,1,0.5719278,0.5489152669906616,4,,340
Kp_ertapenem_R_MUGSI_314_573_24397,1,0.5302756,0.8106476068496704,4,,14
Kp_ertapenem_R_MUGSI_54_573_24420,1,0.20081842,0.4090437591075897,4,,340
Kp_ertapenem_R_MUGSI_80_573_24440,1,0.7581271,0.888372004032135,4,,Unknown
Kp_ertapenem_R_NC75_573_77918,1,0.1772823,0.2252461612224578,4,,11
Kp_ertapenem_R_NC9_573_77915,1,0.21902366,0.3573432266712188,4,,11
Kp_ertapenem_R_PB12_573_81760,1,0.3017516,0.5397111177444458,4,,11
Kp_ertapenem_R_PR-17_573_83541,1,0.75484425,0.7239930033683777,4,,Unknown
Kp_ertapenem_R_R14_573_81335,1,0.6981047,0.9940080642700196,4,,11
Kp_ertapenem_R_R15_573_81339,1,0.73376656,0.816516101360321,4,,11
Kp_ertapenem_R_R17_573_81332,1,0.6981047,0.9940080642700196,4,,11
Kp_ertapenem_R_R1_573_81337,1,0.6981047,0.9940080642700196,4,,11
Kp_ertapenem_R_R24_573_81331,1,0.58566606,0.6466554999351501,4,,11
Kp_ertapenem_R_R25_573_81322,1,0.6981047,0.9940080642700196,4,,11
Kp_ertapenem_R_R2_573_81340,1,0.6981047,0.9940080642700196,4,,11
Kp_ertapenem_R_R33_573_81333,1,0.6981047,0.9940080642700196,4,,11
Kp_ertapenem_R_R38_573_81321,1,0.14232516,0.0186535213142633,4,,11
Kp_ertapenem_R_R41_573_81316,1,0.17787881,0.304558515548706,4,,11
Kp_ertapenem_R_R47_573_81319,1,0.17787881,0.304558515548706,4,,11
Kp_ertapenem_R_R48_573_81317,1,0.6981047,0.9940080642700196,4,,11
Kp_ertapenem_R_R6_573_81325,1,0.13950048,0.1947886943817138,4,,592
Kp_ertapenem_R_R70_573_81285,1,0.6981047,0.9940080642700196,4,,11
Kp_ertapenem_R_R71_573_81303,1,0.6981047,0.9940080642700196,4,,11
Kp_ertapenem_R_R72_573_81292,1,0.6981047,0.9940080642700196,4,,11
Kp_ertapenem_R_R75_573_81306,1,0.6243163,0.7332608699798584,4,,11
Kp_ertapenem_R_R76_573_81301,1,0.6981047,0.9940080642700196,4,,11
Kp_ertapenem_R_R77_573_81312,1,0.6981047,0.9940080642700196,4,,11
Kp_ertapenem_R_R81_573_81294,1,0.6981047,0.9940080642700196,4,,11
Kp_ertapenem_R_R8_573_81330,1,0.43139288,0.562056303024292,4,,11
Kp_ertapenem_R_SKLX018651_573_78400,1,0.22015212,0.4336816668510437,4,,11
Kp_ertapenem_R_SKLX033820_573_78397,1,0.29585394,0.4421547055244446,4,,11
Kp_ertapenem_R_SKLX043500_573_78444,1,0.3017516,0.5397111177444458,4,,11
Kp_ertapenem_R_SKLX043620_573_78438,1,0.3017516,0.5397111177444458,4,,11
Kp_ertapenem_R_SKLX049409_573_78437,1,0.29585394,0.4421547055244446,4,,11
Kp_ertapenem_R_SKLX049763_573_78436,1,0.29585394,0.4421547055244446,4,,11
Kp_ertapenem_R_SKLX064510_573_78439,1,0.3017516,0.5397111177444458,4,,11
Kp_ertapenem_R_SKLX065941_573_78435,1,0.3017516,0.5397111177444458,4,,11
Kp_ertapenem_R_SKLX068180_573_78426,1,0.21745771,0.4174495637416839,4,,11
Kp_ertapenem_R_SKLX072197_573_78432,1,0.41251498,0.5924307703971863,4,,11
Kp_ertapenem_R_SKLX072973_573_78431,1,0.41251498,0.5924307703971863,4,,11
Kp_ertapenem_R_SKLX073449_573_78425,1,0.41251498,0.5924307703971863,4,,11
Kp_ertapenem_R_SKLX074265_573_78423,1,0.41251498,0.5924307703971863,4,,11
Kp_ertapenem_R_SKLX091389_573_78418,1,0.23344854,0.4159660637378692,4,,11
Kp_ertapenem_R_SKLX092986_573_78417,1,0.23344854,0.4159660637378692,4,,11
Kp_ertapenem_R_SKLX101083_573_78406,1,0.5048411,0.4921271204948425,4,,11
Kp_ertapenem_R_SKLX105588_573_78404,1,0.3148161,0.4427569508552551,4,,11
Kp_ertapenem_R_SKLX106629_573_78402,1,0.3148161,0.4427569508552551,4,,11
Kp_ertapenem_R_Sy161667_573_80991,1,0.6261911,0.9228655695915222,4,,11
Kp_ertapenem_R_Sy161707_573_80996,1,0.6981047,0.9940080642700196,4,,11
Kp_ertapenem_R_Sy162315_573_80997,1,0.7581271,0.9982959628105164,4,,11
Kp_ertapenem_R_Sy162316_573_80998,1,0.7581271,0.9982959628105164,4,,11
Kp_ertapenem_R_Sy163503_573_81000,1,0.7581271,0.999669909477234,4,,11
Kp_ertapenem_R_Sy164427_573_80993,1,0.7581271,0.9982959628105164,4,,11
Kp_ertapenem_R_T231205122_573_83458,1,0.35245606,0.3719774782657623,4,,11
Kp_ertapenem_R_T231209233_573_81667,1,0.4905248,0.6077795624732971,4,,11
Kp_ertapenem_R_T240101011_573_81664,1,0.34694165,0.5045775175094604,4,,11
Kp_ertapenem_R_T240103123_573_83459,1,0.20783587,0.1799625009298324,4,,11
Kp_ertapenem_R_T240112425_573_81672,1,0.4905248,0.6077795624732971,4,,11
Kp_ertapenem_R_T2401301048_573_81653,1,0.14484894,0.236031636595726,4,,11
Kp_ertapenem_R_T240213416_573_81650,1,0.4905248,0.6077795624732971,4,,11
Kp_ertapenem_R_T240312416_573_81652,1,0.34694165,0.5045775175094604,4,,11
Kp_ertapenem_R_T240321700_573_81624,1,0.373772,0.3856638371944427,4,,11
Kp_ertapenem_R_T240321732_573_81626,1,0.34694165,0.5045775175094604,4,,11
Kp_ertapenem_R_T2403311006_573_83455,1,0.373772,0.3856638371944427,4,,11
Kp_ertapenem_R_T240404117_573_81649,1,0.43413812,0.4799911379814148,4,,11
Kp_ertapenem_R_T240406168_573_81642,1,0.373772,0.3856638371944427,4,,11
Kp_ertapenem_R_T240406172_573_81645,1,0.373772,0.3856638371944427,4,,11
Kp_ertapenem_R_T240410272_573_81640,1,0.2845866,0.3542934060096741,4,,11
Kp_ertapenem_R_T240419536_573_83453,1,0.4905248,0.6077795624732971,4,,11
Kp_ertapenem_R_T240421578_573_81646,1,0.373772,0.3856638371944427,4,,11
Kp_ertapenem_R_T240503076_573_83454,1,0.373772,0.3856638371944427,4,,11
Kp_ertapenem_R_T240515393_573_81637,1,0.32110414,0.4918220341205597,4,,11
Kp_ertapenem_R_T2407288_573_81627,1,0.42851222,0.5193384885787964,4,,11
Kp_ertapenem_R_TJKP220321384_573_83682,1,0.7340967,0.9008355736732484,4,,11
Kp_ertapenem_R_TO-18_573_77810,1,0.7466279,0.9285385012626648,4,,1685
Kp_ertapenem_R_WYKP1009_573_79440,1,0.66855454,0.9824230670928956,4,,11
Kp_ertapenem_R_WYKP104_573_79028,1,0.6981047,0.9940080642700196,4,,11
Kp_ertapenem_R_WYKP188_573_80773,1,0.41251498,0.5924307703971863,4,,11
Kp_ertapenem_R_WYKP393_573_79034,1,0.6981047,0.9940080642700196,4,,11
Kp_ertapenem_R_WYKP409_573_79038,1,0.17787881,0.3047654032707214,4,,11
Kp_ertapenem_R_WYKP457_573_79041,1,0.18071896,0.4030381143093109,4,,11
Kp_ertapenem_R_WYKP477_573_79042,1,0.18071896,0.4030381143093109,4,,11
Kp_ertapenem_R_WYKP487_573_79044,1,0.18071896,0.4030381143093109,4,,11
Kp_ertapenem_R_WYKP527_573_79045,1,0.18071896,0.4030381143093109,4,,11
Kp_ertapenem_R_WYKP756_573_79421,1,0.31372362,0.447641372680664,4,,11
Kp_ertapenem_R_WYKP865_573_79423,1,0.75495034,0.9763104915618896,4,,11
Kp_ertapenem_R_WYKP871_573_79426,1,0.31372362,0.447641372680664,4,,11
Kp_ertapenem_R_WYKP894_573_79424,1,0.75495034,0.9763104915618896,4,,11
Kp_ertapenem_R_WYKP895_573_79438,1,0.7581271,0.9982282519340516,4,,11
Kp_ertapenem_R_WYKP908_573_79425,1,0.66855454,0.9824230670928956,4,,11
Kp_ertapenem_R_WYKP926_573_79439,1,0.75495034,0.9763104915618896,4,,11
Kp_ertapenem_R_WYKP938_573_79427,1,0.75495034,0.9763104915618896,4,,11
Kp_ertapenem_R_WYKP949_573_79429,1,0.41251498,0.5924307703971863,4,,11
Kp_ertapenem_R_WYKP968_573_79430,1,0.75495034,0.9763104915618896,4,,11
Kp_ertapenem_R_WYKP995_573_79431,1,0.66855454,0.9824230670928956,4,,11
Kp_ertapenem_R_XYJ-CZA-R_573_80819,1,0.630833,0.7202376127243042,4,,11
Kp_ertapenem_R_ZZX-CZA-R_573_77535,1,0.630833,0.7202376127243042,4,,11
Kp_ertapenem_R_hv-CRKP_573_81248,1,0.3017516,0.5397111177444458,4,,11
Kp_ertapenem_S_003D_573_84188,0,0.13594282,0.1036124974489212,4,,967
Kp_ertapenem_S_061D_573_84183,0,0.2034161,0.3936399221420288,4,,20
Kp_ertapenem_S_063D_573_84182,0,0.21889344,0.3819757401943207,4,,24
Kp_ertapenem_S_1078DZ24_573_81581,0,0.14232516,0.243597462773323,4,,11
Kp_ertapenem_S_107F7_573_78189,0,0.57295924,0.6130049228668213,4,,11
Kp_ertapenem_S_1201_573_80919,0,0.13594282,0.1750439554452896,4,,1307
Kp_ertapenem_S_1238_AV_925_17062024_573_83615,0,0.209306,0.390911728143692,4,,429
Kp_ertapenem_S_1244_573_80911,0,0.13594282,0.1750439554452896,4,,1307
Kp_ertapenem_S_133_573_24250,0,0.41769812,0.4990234673023224,4,,Unknown
Kp_ertapenem_S_13434E18_573_81553,0,0.5699193,0.7140052914619446,4,,11
Kp_ertapenem_S_135M7011_573_81555,0,0.3953486,0.4359015226364136,4,,20
Kp_ertapenem_S_1388_573_83975,0,0.20090796,0.3388082385063171,4,,2096
Kp_ertapenem_S_1399_573_83972,0,0.20090796,0.3388082385063171,4,,2096
Kp_ertapenem_S_1400_573_83970,0,0.15505236,0.1588255912065506,4,,2096
Kp_ertapenem_S_1431_573_83956,0,0.37165087,0.2347134947776794,4,,2096
Kp_ertapenem_S_161H9_573_78185,0,0.58778363,0.6434973478317261,4,,11
Kp_ertapenem_S_161J6_573_78187,0,0.14437643,0.1127465441823005,4,,11
Kp_ertapenem_S_16427GOR12_573_83690,0,0.1902592,0.2926584780216217,4,,20
Kp_ertapenem_S_173F9_573_78184,0,0.14383337,0.3545727729797363,4,,1726
Kp_ertapenem_S_178J3_573_78172,0,0.13594282,0.1744454354047775,4,,420
Kp_ertapenem_S_17_573_77735,0,0.28416038,0.3314577639102936,4,,14
Kp_ertapenem_S_17_Alex_S307_573_78808,0,0.24882962,0.3394306302070617,4,,967
Kp_ertapenem_S_1844E18_573_83691,0,0.13594282,0.2009101957082748,4,,111
Kp_ertapenem_S_187-1f_573_83432,0,0.13762653,0.1866503804922104,4,,278
Kp_ertapenem_S_187-2g_573_83428,0,0.2837476,0.447762131690979,4,,Unknown
Kp_ertapenem_S_18Y001710_573_77684,0,0.13594282,0.1668450236320495,4,,Unknown
Kp_ertapenem_S_19014_573_78433,0,0.25285372,0.4489094018936157,4,,11
Kp_ertapenem_S_2023CK-01686_573_77403,0,0.13594282,0.223461776971817,4,,133
Kp_ertapenem_S_2024CK-00033_573_77402,0,0.1791586,0.4308955669403076,4,,11
Kp_ertapenem_S_2024CK-00187_573_83417,0,0.25285372,0.4489094018936157,4,,45
Kp_ertapenem_S_2024CK-00457_573_77404,0,0.27048525,0.4612594544887543,4,,45
Kp_ertapenem_S_2050ckDZ24_573_81590,0,0.13594282,0.1991132795810699,4,,Unknown
Kp_ertapenem_S_2064DZ24_573_81592,0,0.13594282,0.129292756319046,4,,Unknown
Kp_ertapenem_S_206B3_573_78161,0,0.13594282,0.152158185839653,4,,48
Kp_ertapenem_S_20IR1006_573_79434,0,0.18406539,0.2062937766313552,4,,Unknown
Kp_ertapenem_S_213Grvolos_573_80950,0,0.21483281,0.4846239984035492,4,,11
Kp_ertapenem_S_218-74_573_80934,0,0.13594282,0.2400167286396026,4,,65
Kp_ertapenem_S_219-96_573_80937,0,0.14157967,0.3735615313053131,4,,133
Kp_ertapenem_S_221-24_573_80936,0,0.1738876,0.3974413275718689,4,,967
Kp_ertapenem_S_2218_kpn_573_78043,0,0.13594282,0.0842287465929985,4,,48
Kp_ertapenem_S_222.2023_573_78872,0,0.35589087,0.5188509225845337,4,,429
Kp_ertapenem_S_229I7_573_78155,0,0.13594282,0.1264611780643463,4,,Unknown
Kp_ertapenem_S_22S00292-1_573_82125,0,0.15408424,0.2475551515817642,4,,5
Kp_ertapenem_S_235-2b_573_83441,0,0.13762653,0.1866503804922104,4,,278
Kp_ertapenem_S_236-2a_573_83446,0,0.13762653,0.1866503804922104,4,,278
Kp_ertapenem_S_2366DZ24_573_81576,0,0.13594282,0.117774911224842,4,,Unknown
Kp_ertapenem_S_238F8_573_78152,0,0.40494096,0.5864044427871704,4,,607
Kp_ertapenem_S_240525668_573_81648,0,0.25082308,0.489747554063797,4,,Unknown
Kp_ertapenem_S_240612295_573_81639,0,0.25082308,0.489747554063797,4,,Unknown
Kp_ertapenem_S_2466_22_573_78722,0,0.31372362,0.4477017521858215,4,,11
Kp_ertapenem_S_249231_573_81049,0,0.3560693,0.5215929746627808,4,,13
Kp_ertapenem_S_2609_573_77413,0,0.47422972,0.5245164632797241,4,,11
Kp_ertapenem_S_2619_573_77422,0,0.18517064,0.324998140335083,4,,11
Kp_ertapenem_S_2660_573_77424,0,0.18517064,0.324998140335083,4,,11
Kp_ertapenem_S_27097_7#59_573_66428,0,0.13594282,0.1100878790020942,4,,20
Kp_ertapenem_S_27261_7#187_573_66458,0,0.14475416,0.1839598417282104,4,,20
Kp_ertapenem_S_27261_8#10_573_66455,0,0.14475416,0.1839598417282104,4,,20
Kp_ertapenem_S_27261_8#135_573_66495,0,0.14475416,0.1839598417282104,4,,20
Kp_ertapenem_S_275_573_24273,0,0.13594282,0.1973284184932708,4,,5380
Kp_ertapenem_S_283_573_83960,0,0.16891637,0.2740355730056762,4,,2096
Kp_ertapenem_S_285_573_83959,0,0.20090796,0.3388082385063171,4,,2096
Kp_ertapenem_S_297J2_573_78141,0,0.13594282,0.1958631128072738,4,,1436
Kp_ertapenem_S_316J2_573_78134,0,0.19426194,0.2382620424032211,4,,11
Kp_ertapenem_S_318B5_573_78132,0,0.72539943,0.7598273754119873,4,,11
Kp_ertapenem_S_319F5_573_78139,0,0.15127078,0.1675589233636856,4,,Unknown
Kp_ertapenem_S_321_573_83979,0,0.6319817,0.8597815036773682,4,,2096
Kp_ertapenem_S_322_573_83982,0,0.20090796,0.3388082385063171,4,,2096
Kp_ertapenem_S_3246_573_77611,0,0.41077378,0.4475206732749939,4,,268
Kp_ertapenem_S_335-2b_573_83450,0,0.13594282,0.1509026288986206,4,,Unknown
Kp_ertapenem_S_337Gr_573_80952,0,0.60437286,0.7569419741630554,4,,11
Kp_ertapenem_S_340-1b_573_83419,0,0.13762653,0.1866503804922104,4,,278
Kp_ertapenem_S_345-1b_573_83425,0,0.13594282,0.1649868041276931,4,,Unknown
Kp_ertapenem_S_348-2b_573_83420,0,0.14723666,0.2704682052135467,4,,10285
Kp_ertapenem_S_349_573_24287,0,0.54091036,0.5798763036727905,4,,20
Kp_ertapenem_S_43082_573_77908,0,0.14046375,0.1495934873819351,4,,1271
Kp_ertapenem_S_47BUR14_573_81613,0,0.13594282,0.2962468862533569,4,,48
Kp_ertapenem_S_4973636_573_83647,0,0.39638528,0.5531432628631592,4,,Unknown
Kp_ertapenem_S_4BUR14_573_81603,0,0.15035184,0.3985235095024109,4,,48
Kp_ertapenem_S_5018_22_573_78737,0,0.25800198,0.4842581450939178,4,,Unknown
Kp_ertapenem_S_56.11.10.2023_573_78467,0,0.22355397,0.438664972782135,4,,14
Kp_ertapenem_S_56406_573_77912,0,0.13594282,0.1380545645952224,4,,1271
Kp_ertapenem_S_6678351_573_83670,0,0.14273661,0.2992075681686401,4,,340
Kp_ertapenem_S_6678931_573_83675,0,0.13594282,0.2097123563289642,4,,65
Kp_ertapenem_S_66HiT18_573_81606,0,0.6280865,0.5895391702651978,4,,Unknown
Kp_ertapenem_S_6700823_573_81679,0,0.18091598,0.2474414557218551,4,,45
Kp_ertapenem_S_6722132_573_83665,0,0.13594282,0.2313102185726165,4,,Unknown
Kp_ertapenem_S_6741_22_573_78718,0,0.22850068,0.4823071658611297,4,,11
Kp_ertapenem_S_6887_573_79260,0,0.2227613,0.4279943108558655,4,,45
Kp_ertapenem_S_70965949_573_79257,0,0.36313653,0.4020692408084869,4,,14
Kp_ertapenem_S_71014117_573_79253,0,0.21745771,0.4143655598163605,4,,14
Kp_ertapenem_S_71038355_573_79252,0,0.7131484,0.7791643738746643,4,,45
Kp_ertapenem_S_783-2_573_77924,0,0.72057,0.8790429830551147,4,,11
Kp_ertapenem_S_838840_573_81038,0,0.13815428,0.2535836398601532,4,,Unknown
Kp_ertapenem_S_838Gr_573_78694,0,0.20090796,0.3387911319732666,4,,11
Kp_ertapenem_S_83BUR14_573_81571,0,0.13594282,0.1503404229879379,4,,48
Kp_ertapenem_S_8597_22_573_78738,0,0.2004557,0.3290682435035705,4,,11
Kp_ertapenem_S_932969_573_81027,0,0.14080396,0.120438814163208,4,,268
Kp_ertapenem_S_98229_573_80901,0,0.18517064,0.324998140335083,4,,11
Kp_ertapenem_S_98890_573_80902,0,0.18517064,0.324998140335083,4,,11
Kp_ertapenem_S_993_1207AV_142L_10.04.2024_573_83614,0,0.13594282,0.1464225798845291,4,,Unknown
Kp_ertapenem_S_A122_573_78464,0,0.25495538,0.4257842600345611,4,,Unknown
Kp_ertapenem_S_A165Gr_573_80948,0,0.19284847,0.3774832487106323,4,,11
Kp_ertapenem_S_A2-3_573_78854,0,0.24884982,0.3419120609760284,4,,Unknown
Kp_ertapenem_S_AJ156_573_78947,0,0.25192323,0.4093388617038727,4,,1454
Kp_ertapenem_S_AR3365-Yvys_573_78892,0,0.13594282,0.1738485097885131,4,,65
Kp_ertapenem_S_AR8233_573_83776,0,0.13594282,0.1455398947000503,4,,140
Kp_ertapenem_S_AR8508_573_83711,0,0.21134701,0.4489094018936157,4,,Unknown
Kp_ertapenem_S_AR8531_573_83703,0,0.18071896,0.4059196412563324,4,,45
Kp_ertapenem_S_AR8539_573_83699,0,0.14359789,0.0959407463669776,4,,Unknown
Kp_ertapenem_S_A_44_573_84065,0,0.13594282,0.2352181673049926,4,,Unknown
Kp_ertapenem_S_B20158_573_83693,0,0.13594282,0.1273810118436813,4,,289
Kp_ertapenem_S_BATC1_573_81713,0,0.13594282,0.0758581757545471,4,,Unknown
Kp_ertapenem_S_BG4752_573_79147,0,0.681212,0.6747474074363708,4,,Unknown
Kp_ertapenem_S_BG4757_573_79146,0,0.15093274,0.0281674731522798,4,,Unknown
Kp_ertapenem_S_BG4761_573_79145,0,0.21059881,0.4171527922153473,4,,Unknown
Kp_ertapenem_S_BG4793_573_79142,0,0.21059881,0.4171527922153473,4,,Unknown
Kp_ertapenem_S_BG4823_573_79134,0,0.15055257,0.1203870996832847,4,,Unknown
Kp_ertapenem_S_BG4890_573_79129,0,0.15548247,0.2002447247505188,4,,Unknown
Kp_ertapenem_S_BG4916_573_79131,0,0.59979475,0.4887714385986328,4,,Unknown
Kp_ertapenem_S_BG4930_573_79123,0,0.681212,0.6747474074363708,4,,Unknown
Kp_ertapenem_S_BG4994_573_79125,0,0.20090796,0.3388082385063171,4,,Unknown
Kp_ertapenem_S_BG5018_573_79117,0,0.16013987,0.1666076034307479,4,,Unknown
Kp_ertapenem_S_BG5033_573_79114,0,0.20090796,0.340416669845581,4,,Unknown
Kp_ertapenem_S_BG5036_573_79112,0,0.17449151,0.277277261018753,4,,Unknown
Kp_ertapenem_S_BG5070_573_79100,0,0.1561586,0.1176734864711761,4,,Unknown
Kp_ertapenem_S_BG5071_573_79097,0,0.70469666,0.7251805663108826,4,,Unknown
Kp_ertapenem_S_BG5111_573_79098,0,0.681212,0.6747474074363708,4,,Unknown
Kp_ertapenem_S_BG5120_573_79090,0,0.18280457,0.2232076972723007,4,,Unknown
Kp_ertapenem_S_BG5121_573_79091,0,0.24261178,0.3021336495876312,4,,Unknown
Kp_ertapenem_S_BG5123_573_79087,0,0.70469666,0.7251805663108826,4,,Unknown
Kp_ertapenem_S_BG5155_573_79089,0,0.16427602,0.0777974501252174,4,,Unknown
Kp_ertapenem_S_BG5162_573_79083,0,0.307738,0.5487943887710571,4,,Unknown
Kp_ertapenem_S_BG5165_573_79082,0,0.681212,0.6747474074363708,4,,Unknown
Kp_ertapenem_S_BG5171_573_79078,0,0.70469666,0.7251805663108826,4,,Unknown
Kp_ertapenem_S_BG5178_573_79068,0,0.21059881,0.4171527922153473,4,,Unknown
Kp_ertapenem_S_BG5179_573_79079,0,0.20090796,0.3388082385063171,4,,Unknown
Kp_ertapenem_S_BG5194_573_79081,0,0.681212,0.6747474074363708,4,,Unknown
Kp_ertapenem_S_BG5219_573_79066,0,0.21059881,0.4174495637416839,4,,Unknown
Kp_ertapenem_S_BGI264_573_79077,0,0.681212,0.6747474074363708,4,,Unknown
Kp_ertapenem_S_BGS1023_573_79059,0,0.33228937,0.5281683802604675,4,,Unknown
Kp_ertapenem_S_BGS2989_573_79058,0,0.681212,0.6747474074363708,4,,Unknown
Kp_ertapenem_S_BGS3725_573_79062,0,0.15265104,0.1897837221622467,4,,Unknown
Kp_ertapenem_S_BGS571_573_79064,0,0.33228937,0.5281683802604675,4,,Unknown
Kp_ertapenem_S_BGS834_573_79065,0,0.33228937,0.5281683802604675,4,,Unknown
Kp_ertapenem_S_BP10h_573_83513,0,0.13594282,0.1219992190599441,4,,Unknown
Kp_ertapenem_S_BP122h_573_83512,0,0.13594282,0.1624796688556671,4,,Unknown
Kp_ertapenem_S_BP12h_573_83510,0,0.13594282,0.1350608617067337,4,,Unknown
Kp_ertapenem_S_BP217h_573_83507,0,0.1865692,0.337995171546936,4,,Unknown
Kp_ertapenem_S_BP23h_573_83508,0,0.16483176,0.2480557411909103,4,,Unknown
Kp_ertapenem_S_BP372h_573_83505,0,0.19011424,0.3161317110061645,4,,Unknown
Kp_ertapenem_S_BUH1_573_81252,0,0.13594282,0.1778822690248489,4,,66
Kp_ertapenem_S_BioB-1_573_83624,0,0.13594282,0.1116279959678649,4,,626
Kp_ertapenem_S_CAM_1_HF_IV_KESB1_573_78474,0,0.20223425,0.4427870810031891,4,,Unknown
Kp_ertapenem_S_CAM_1_HF_IV_KESB3_573_78475,0,0.13713504,0.139337807893753,4,,Unknown
Kp_ertapenem_S_CAM_1_HF_I_KESB1_573_78473,0,0.2831669,0.3686329424381256,4,,753
Kp_ertapenem_S_CAM_1_HF_I_KESB2_573_78472,0,0.13594282,0.1982969492673874,4,,Unknown
Kp_ertapenem_S_CAM_1_HF_I_KESB3_573_78471,0,0.27003255,0.4374629557132721,4,,Unknown
Kp_ertapenem_S_CAM_2_CS_ESBL1_573_78477,0,0.13594282,0.1190492063760757,4,,Unknown
Kp_ertapenem_S_CAM_2_HF_II_ESBL1_573_78476,0,0.39964414,0.5178147554397583,4,,111
Kp_ertapenem_S_CAM_3_CS_ESBL3_573_78478,0,0.18510522,0.2302483767271042,4,,Unknown
Kp_ertapenem_S_CAM_3_HF_III_ESBL1_573_78480,0,0.46402732,0.5375876426696777,4,,Unknown
Kp_ertapenem_S_CAM_3_HF_II_ESBL5_573_78479,0,0.44210717,0.6002030372619629,4,,Unknown
Kp_ertapenem_S_CAM_5_HF_III_ESBL1_573_78481,0,0.40556815,0.5415604114532471,4,,Unknown
Kp_ertapenem_S_CFI_001_VIM2_573_77409,0,0.15274346,0.17050801217556,4,,14
Kp_ertapenem_S_CFI_128_NDM1_573_77412,0,0.13652343,0.1742697060108184,4,,14
Kp_ertapenem_S_CHURS_171503_573_79181,0,0.21734634,0.4069208800792694,4,,Unknown
Kp_ertapenem_S_CHURS_174873_573_79182,0,0.13594282,0.1896336078643798,4,,Unknown
Kp_ertapenem_S_CHURS_175802_573_79183,0,0.13594282,0.0819595530629158,4,,1825
Kp_ertapenem_S_CHURS_183019_573_79165,0,0.22333488,0.3994016349315643,4,,Unknown
Kp_ertapenem_S_CIP_107_2_573_81675,0,0.24042875,0.4700067639350891,4,,Unknown
Kp_ertapenem_S_CKP2_573_79398,0,0.13594282,0.065904788672924,4,,11
Kp_ertapenem_S_CKP8_573_79394,0,0.13594282,0.0720468834042549,4,,Unknown
Kp_ertapenem_S_CN-131-D_573_79292,0,0.14479908,0.1629786342382431,4,,Unknown
Kp_ertapenem_S_CN-137-D_573_79297,0,0.19386077,0.355341374874115,4,,Unknown
Kp_ertapenem_S_CN-308-F_573_79283,0,0.13594282,0.2588642835617065,4,,Unknown
Kp_ertapenem_S_CN-338-D_573_79293,0,0.13594282,0.1440284252166748,4,,881
Kp_ertapenem_S_CN-362-D_573_79310,0,0.1628869,0.3760501146316528,4,,1876
Kp_ertapenem_S_CN-502-F_573_79295,0,0.2933476,0.435301274061203,4,,14
Kp_ertapenem_S_CN-665-F_573_79304,0,0.13594282,0.1296229213476181,4,,Unknown
Kp_ertapenem_S_CN-684-F_573_79303,0,0.14475416,0.1839598417282104,4,,20
Kp_ertapenem_S_CN-69-F_573_79289,0,0.13594282,0.1709919571876526,4,,Unknown
Kp_ertapenem_S_CN-696-D_573_79275,0,0.13594282,0.1741643249988556,4,,Unknown
Kp_ertapenem_S_CN-76-F_573_79284,0,0.14442538,0.1827170103788375,4,,Unknown
Kp_ertapenem_S_CN-83-D_573_79301,0,0.1538754,0.1138748973608017,4,,20
Kp_ertapenem_S_CR2021_573_77554,0,0.14930734,0.2062537968158722,4,,Unknown
Kp_ertapenem_S_CRE147_573_78122,0,0.67434984,0.6411977410316467,4,,11
Kp_ertapenem_S_CRE187_573_78121,0,0.2988379,0.4253665208816528,4,,Unknown
Kp_ertapenem_S_CRE301_573_78315,0,0.50446516,0.5124486088752747,4,,Unknown
Kp_ertapenem_S_CRE321_573_78318,0,0.43139288,0.5616957545280457,4,,11
Kp_ertapenem_S_CRE398_573_78319,0,0.21367903,0.4173011481761932,4,,592
Kp_ertapenem_S_CRE524_573_78604,0,0.6588089,0.6287493705749512,4,,Unknown
Kp_ertapenem_S_CRhvKp1421_573_84280,0,0.44190723,0.5849233269691467,4,,268
Kp_ertapenem_S_CRhvKp1432_573_81785,0,0.3115983,0.5337620377540588,4,,268
Kp_ertapenem_S_CRhvKp1653_573_81787,0,0.14786477,0.2110304087400436,4,,65
Kp_ertapenem_S_CRhvKp175_573_83623,0,0.15343383,0.1887722164392471,4,,11
Kp_ertapenem_S_CRhvKp1980-2_573_81878,0,0.26272377,0.5324251055717468,4,,11
Kp_ertapenem_S_CRhvKp547_573_81790,0,0.19011424,0.3179554641246795,4,,14
Kp_ertapenem_S_D17_573_79449,0,0.42126215,0.4828558564186096,4,,592
Kp_ertapenem_S_DCC2_573_81712,0,0.13594282,0.1509965062141418,4,,Unknown
Kp_ertapenem_S_DCC3_573_81717,0,0.13594282,0.1620150953531265,4,,2055
Kp_ertapenem_S_E22_573_83492,0,0.681212,0.6747474074363708,4,,20
Kp_ertapenem_S_ESBL20170347_573_82061,0,0.6934352,0.7065436840057373,4,,Unknown
Kp_ertapenem_S_F15_573_78454,0,0.15701818,0.286793053150177,4,,13
Kp_ertapenem_S_FFDD-1012-A_573_82013,0,0.13594282,0.1576224863529205,4,,Unknown
Kp_ertapenem_S_FFDD-1144_573_82031,0,0.13594282,0.1429482549428939,4,,Unknown
Kp_ertapenem_S_FFDD-1150_573_82030,0,0.3010897,0.4242927134037018,4,,11
Kp_ertapenem_S_FFDD-1720B_573_82039,0,0.4816301,0.5095202922821045,4,,45
Kp_ertapenem_S_FFDD-457A_573_82045,0,0.27415273,0.3432110249996185,4,,Unknown
Kp_ertapenem_S_FFDD-548959L411_573_82052,0,0.52311295,0.6624144315719604,4,,Unknown
Kp_ertapenem_S_FFDD-580362L466_573_82049,0,0.27507988,0.448667824268341,4,,Unknown
Kp_ertapenem_S_FFDD-593727-L677B_573_82048,0,0.14899005,0.2537454068660736,4,,Unknown
Kp_ertapenem_S_FFKG-00-47-71-A_573_82044,0,0.18517064,0.324998140335083,4,,20
Kp_ertapenem_S_FFMG-1283-12-21_573_82012,0,0.13594282,0.209065705537796,4,,65
Kp_ertapenem_S_FFMG-1286-4-21-AE_573_82008,0,0.4449943,0.5372234582901001,4,,Unknown
Kp_ertapenem_S_FFMG-268-1-21_573_82027,0,0.54396164,0.6729171872138977,4,,Unknown
Kp_ertapenem_S_FFMG-308-01-21_573_82025,0,0.17180024,0.2462160289287567,4,,607
Kp_ertapenem_S_FFMG-332-11-21_573_82042,0,0.13594282,0.0811548978090286,4,,Unknown
Kp_ertapenem_S_FFMG-341-7-21-B_573_82032,0,0.13594282,0.1479240655899047,4,,Unknown
Kp_ertapenem_S_FFMG-569-7-21-B_573_82028,0,0.13594282,0.1479240655899047,4,,Unknown
Kp_ertapenem_S_FFMG-683-06-21_573_82038,0,0.13594282,0.1500599682331085,4,,Unknown
Kp_ertapenem_S_FFMG-840-06-21-EC_573_82023,0,0.13594282,0.1588908731937408,4,,111
Kp_ertapenem_S_FFMG-840-06-21-SA_573_82034,0,0.13594282,0.1585974246263504,4,,111
Kp_ertapenem_S_FFMG-986-6-21_573_82020,0,0.13594282,0.1479240655899047,4,,Unknown
Kp_ertapenem_S_FFZB-138A_573_82054,0,0.15080091,0.2744486033916473,4,,Unknown
Kp_ertapenem_S_FFZB-170_573_82002,0,0.15080091,0.274424284696579,4,,Unknown
Kp_ertapenem_S_FFZB-19A_573_82056,0,0.14288548,0.2165495157241821,4,,1427
Kp_ertapenem_S_FK1541_573_78106,0,0.13594282,0.2224044501781463,4,,111
Kp_ertapenem_S_FK3680_573_78113,0,0.13594282,0.1591847240924835,4,,700
Kp_ertapenem_S_FK6048_573_78112,0,0.13594282,0.2076964080333709,4,,65
Kp_ertapenem_S_FNC1_573_81716,0,0.13594282,0.1635122001171112,4,,487
Kp_ertapenem_S_FR21DGEO8782_573_84036,0,0.16927093,0.2238221168518066,4,,11
Kp_ertapenem_S_FR21GDAN5307_573_84029,0,0.72539943,0.7598273754119873,4,,11
Kp_ertapenem_S_FR21GDAN8474_573_84025,0,0.72539943,0.7598273754119873,4,,11
Kp_ertapenem_S_FR21LN2DO3763_573_84023,0,0.13594282,0.1327392309904098,4,,Unknown
Kp_ertapenem_S_FR21LROD2532_573_84024,0,0.15701818,0.286793053150177,4,,13
Kp_ertapenem_S_FR21PLAJ6702_573_84016,0,0.16319655,0.2841723263263702,4,,Unknown
Kp_ertapenem_S_FR21TFAD8500_573_84009,0,0.13594282,0.2635401487350464,4,,Unknown
Kp_ertapenem_S_FUJ80025_573_79461,0,0.13594282,0.082033060491085,4,,Unknown
Kp_ertapenem_S_FUJ80050_573_79462,0,0.17404781,0.1515293419361114,4,,461
Kp_ertapenem_S_GD23SC5914PT_573_78884,0,0.13950048,0.2200908958911895,4,,340
Kp_ertapenem_S_GDKL-39_573_77880,0,0.13594282,0.0740972533822059,4,,Unknown
Kp_ertapenem_S_GDKL-555_573_77829,0,0.13652343,0.1643487364053726,4,,Unknown
Kp_ertapenem_S_GDKL-556_573_77874,0,0.13769583,0.2685336172580719,4,,Unknown
Kp_ertapenem_S_GDKL-587_573_77872,0,0.145433,0.2591454088687897,4,,Unknown
Kp_ertapenem_S_GDKL-62_573_77842,0,0.19878094,0.2957635819911957,4,,11
Kp_ertapenem_S_GDKL-65_573_77848,0,0.13594282,0.129733145236969,4,,895
Kp_ertapenem_S_GDKL-96-1_573_77843,0,0.13594282,0.129733145236969,4,,895
Kp_ertapenem_S_GDKL-96-2_573_77845,0,0.13979766,0.1612871885299682,4,,895
Kp_ertapenem_S_GDKL-N20_573_77885,0,0.1446085,0.1535491794347763,4,,290
Kp_ertapenem_S_GDKL-N25_573_77838,0,0.2896731,0.3981724083423614,4,,11
Kp_ertapenem_S_GDKL-N65_573_77844,0,0.30366528,0.4009252786636352,4,,11
Kp_ertapenem_S_GDKL-N8_573_77841,0,0.61103415,0.5118995904922485,4,,11
Kp_ertapenem_S_GDKL-Q4_573_77860,0,0.1896317,0.3816515803337097,4,,789
Kp_ertapenem_S_GLOEC00010_573_81833,0,0.28839445,0.5327897667884827,4,,Unknown
Kp_ertapenem_S_GLOEC2_573_83632,0,0.36723596,0.5333974361419678,4,,Unknown
Kp_ertapenem_S_GLOEC9_573_83633,0,0.36723596,0.5333974361419678,4,,Unknown
Kp_ertapenem_S_H1-7_573_78831,0,0.13711104,0.2907416820526123,4,,Unknown
Kp_ertapenem_S_H2351_573_83629,0,0.3115983,0.5337620377540588,4,,268
Kp_ertapenem_S_HD1523_573_78559,0,0.14732574,0.3119506239891052,4,,Unknown
Kp_ertapenem_S_HD1625_573_78560,0,0.15401357,0.2763974666595459,4,,Unknown
Kp_ertapenem_S_HD1663_573_78545,0,0.14732574,0.3119506239891052,4,,Unknown
Kp_ertapenem_S_HD1671_573_78541,0,0.13594282,0.1459350436925888,4,,48
Kp_ertapenem_S_HD1970_573_78531,0,0.13594282,0.1326830387115478,4,,48
Kp_ertapenem_S_HD1976_573_78530,0,0.13594282,0.1326830387115478,4,,48
Kp_ertapenem_S_HD1978_573_78529,0,0.13594282,0.1326830387115478,4,,48
Kp_ertapenem_S_HD1980_573_78528,0,0.13594282,0.1326830387115478,4,,48
Kp_ertapenem_S_HD2002_573_78526,0,0.13594282,0.1326830387115478,4,,48
Kp_ertapenem_S_HD2004_573_78525,0,0.13594282,0.1326830387115478,4,,48
Kp_ertapenem_S_HD2018_573_78522,0,0.13594282,0.1346620768308639,4,,48
Kp_ertapenem_S_HD2024_573_78524,0,0.13594282,0.1326830387115478,4,,48
Kp_ertapenem_S_HD2026_573_78523,0,0.13594282,0.1326830387115478,4,,48
Kp_ertapenem_S_HD2034_573_78521,0,0.13594282,0.1326830387115478,4,,48
Kp_ertapenem_S_HD2050_573_78520,0,0.13594282,0.1326830387115478,4,,48
Kp_ertapenem_S_HD2505_573_78517,0,0.13594282,0.1326830387115478,4,,48
Kp_ertapenem_S_HD2507_573_78514,0,0.13594282,0.1326830387115478,4,,48
Kp_ertapenem_S_HD2581_573_78509,0,0.13594282,0.1326830387115478,4,,48
Kp_ertapenem_S_HD2587_573_78506,0,0.13594282,0.1326830387115478,4,,48
Kp_ertapenem_S_HD2593_573_78507,0,0.17812435,0.3683062791824341,4,,420
Kp_ertapenem_S_HD2607_573_78504,0,0.13594282,0.1318983435630798,4,,48
Kp_ertapenem_S_HD2697_573_78493,0,0.13594282,0.1326830387115478,4,,48
Kp_ertapenem_S_HD2705_573_78491,0,0.13594282,0.1326830387115478,4,,48
Kp_ertapenem_S_HD2894_573_78486,0,0.13594282,0.1374745517969131,4,,48
Kp_ertapenem_S_HS-13_573_78466,0,0.13594282,0.1240537390112876,4,,Unknown
Kp_ertapenem_S_HU154_573_81511,0,0.31372362,0.447581022977829,4,,340
Kp_ertapenem_S_HU186_573_81494,0,0.31372362,0.447581022977829,4,,340
Kp_ertapenem_S_HUMV1_573_81254,0,0.6087462,0.6679197549819946,4,,66
Kp_ertapenem_S_HUMV2_573_81253,0,0.31661022,0.526038408279419,4,,66
Kp_ertapenem_S_HX166_573_78815,0,0.61871815,0.6732923984527588,4,,45
Kp_ertapenem_S_INFBF6273_573_78346,0,0.37888673,0.5660185217857361,4,,11
Kp_ertapenem_S_IR5625_573_81899,0,0.13979766,0.1595444977283477,4,,895
Kp_ertapenem_S_IR5626_573_81897,0,0.13979766,0.1595444977283477,4,,895
Kp_ertapenem_S_IR5627_573_81885,0,0.13979766,0.1595444977283477,4,,895
Kp_ertapenem_S_IR5661_573_81893,0,0.46804026,0.9299192428588868,4,,11
Kp_ertapenem_S_IR5682_573_81887,0,0.65802866,0.7524277567863464,4,,340
Kp_ertapenem_S_IR5753_573_81883,0,0.13594282,0.2097528129816055,4,,65
Kp_ertapenem_S_IVRI_FBI_611_573_81824,0,0.13594282,0.1753261685371399,4,,Unknown
Kp_ertapenem_S_IVRI_FBI_615_573_81827,0,0.20219368,0.2850484251976013,4,,Unknown
Kp_ertapenem_S_IVRI_FBI_616_573_81828,0,0.1405085,0.2400167286396026,4,,Unknown
Kp_ertapenem_S_IVRI_FBI_619_573_81829,0,0.13594282,0.1187933981418609,4,,Unknown
Kp_ertapenem_S_IVRI_FBI_622_573_81831,0,0.14563051,0.1520951986312866,4,,14
Kp_ertapenem_S_IVRI_FBI_623_573_81836,0,0.14563051,0.131507471203804,4,,14
Kp_ertapenem_S_IVRI_FBI_625_573_81830,0,0.13594282,0.1642817109823227,4,,133
Kp_ertapenem_S_J21CTR26_573_83520,0,0.13594282,0.09743332862854,4,,Unknown
Kp_ertapenem_S_J21CTR30_573_83521,0,0.13594282,0.0958560779690742,4,,Unknown
Kp_ertapenem_S_JHKP133_573_83687,0,0.13594282,0.1600361764430999,4,,1545
Kp_ertapenem_S_JHKP136_573_83686,0,0.13594282,0.1601674854755401,4,,1545
Kp_ertapenem_S_JHKP139_573_83689,0,0.13594282,0.1869841963052749,4,,1545
Kp_ertapenem_S_JHKP140_573_83688,0,0.13594282,0.1603974997997284,4,,1545
Kp_ertapenem_S_JHKP159_573_83684,0,0.13594282,0.1600361764430999,4,,1545
Kp_ertapenem_S_JHKP170_573_83685,0,0.13594282,0.1502468734979629,4,,1545
Kp_ertapenem_S_JHKP172_573_83683,0,0.13594282,0.186835765838623,4,,1545
Kp_ertapenem_S_JJ-M10A2-106-6-m2-bin91_573_81916,0,0.66712403,0.6562178134918213,4,,Unknown
Kp_ertapenem_S_JXkp20_573_81394,0,0.7079373,0.7089561223983765,4,,290
Kp_ertapenem_S_K-20210828y126.M-2_573_78577,0,0.13594282,0.1302300989627838,4,,Unknown
Kp_ertapenem_S_K-20210828y196.M-1_573_78574,0,0.13594282,0.1302300989627838,4,,Unknown
Kp_ertapenem_S_K-20210828y196.M-4_573_78588,0,0.13594282,0.1302300989627838,4,,Unknown
Kp_ertapenem_S_K-210828y126.V-2_573_78595,0,0.13594282,0.1302300989627838,4,,Unknown
Kp_ertapenem_S_K-210830y115.M-5_573_78585,0,0.13594282,0.1302300989627838,4,,Unknown
Kp_ertapenem_S_K-210902y113.M-5_573_78589,0,0.13594282,0.1299538314342498,4,,Unknown
Kp_ertapenem_S_K-211002y45204V-2-M_573_78593,0,0.13594282,0.1703009158372879,4,,Unknown
Kp_ertapenem_S_K-JX19e03_573_78569,0,0.13594282,0.1203870996832847,4,,Unknown
Kp_ertapenem_S_K-MJD19e29_573_78583,0,0.13594282,0.1210089549422264,4,,Unknown
Kp_ertapenem_S_K-MJD19e35_573_78570,0,0.13594282,0.1210089549422264,4,,Unknown
Kp_ertapenem_S_K-MJD20e148_573_78591,0,0.13831186,0.3317587971687317,4,,Unknown
Kp_ertapenem_S_K-MJD20e149_573_78602,0,0.13815428,0.3109362721443176,4,,Unknown
Kp_ertapenem_S_K16_573_77676,0,0.3059909,0.551030158996582,4,,11
Kp_ertapenem_S_K22877_573_78868,0,0.13594282,0.1783468723297119,4,,65
Kp_ertapenem_S_K24_573_77670,0,0.14232516,0.1164119839668273,4,,14
Kp_ertapenem_S_K2_573_77681,0,0.21747619,0.3715355694293976,4,,45
Kp_ertapenem_S_K55_573_77654,0,0.15267494,0.2850111126899719,4,,14
Kp_ertapenem_S_K5864_573_80967,0,0.13831186,0.2069741934537887,4,,268
Kp_ertapenem_S_K66_573_77643,0,0.15659112,0.2755437791347503,4,,14
Kp_ertapenem_S_K67_573_77644,0,0.5302756,0.8106476068496704,4,,2096
Kp_ertapenem_S_KAF1_573_77683,0,0.15318127,0.1914410293102264,4,,1128
Kp_ertapenem_S_KE10009_573_79245,0,0.7581271,0.8171371221542358,4,,45
Kp_ertapenem_S_KE9171_573_79238,0,0.13594282,0.152504950761795,4,,251
Kp_ertapenem_S_KE9365_573_79236,0,0.13594282,0.1209051087498664,4,,Unknown
Kp_ertapenem_S_KE9434_573_79233,0,0.13594282,0.1500599682331085,4,,626
Kp_ertapenem_S_KE9541_573_79227,0,0.4035481,0.5151930451393127,4,,Unknown
Kp_ertapenem_S_KE9694_573_79217,0,0.22758663,0.4290106892585754,4,,Unknown
Kp_ertapenem_S_KE9718_573_79213,0,0.13594282,0.2155983746051788,4,,Unknown
Kp_ertapenem_S_KP-413255_573_77753,0,0.16156942,0.1337542980909347,4,,14
Kp_ertapenem_S_KP-HB21H30740_573_78596,0,0.13594282,0.1322901844978332,4,,Unknown
Kp_ertapenem_S_KP00519_573_78568,0,0.13594282,0.1302300989627838,4,,Unknown
Kp_ertapenem_S_KP00522_573_78592,0,0.13594282,0.1302300989627838,4,,Unknown
Kp_ertapenem_S_KP00524_573_78578,0,0.13594282,0.220132827758789,4,,111
Kp_ertapenem_S_KP02_UID2108280002_573_80644,0,0.13594282,0.1246385648846626,4,,Unknown
Kp_ertapenem_S_KP1050_573_80776,0,0.14634025,0.185061901807785,4,,1245
Kp_ertapenem_S_KP18_UID2108280014_573_79337,0,0.254338,0.3328523337841034,4,,Unknown
Kp_ertapenem_S_KP217-59_573_80840,0,0.14364854,0.2790173888206482,4,,Unknown
Kp_ertapenem_S_KP217-89_573_80839,0,0.14630501,0.2317880690097808,4,,48
Kp_ertapenem_S_KP218-12_573_80837,0,0.14100432,0.2049578428268432,4,,48
Kp_ertapenem_S_KP218-74_573_80832,0,0.13594282,0.1708189994096756,4,,65
Kp_ertapenem_S_KP219-51_573_80831,0,0.13594282,0.1589887738227844,4,,Unknown
Kp_ertapenem_S_KP219-96_573_80830,0,0.13594282,0.2601074576377868,4,,133
Kp_ertapenem_S_KP220-4_573_80829,0,0.13594282,0.2007926404476165,4,,753
Kp_ertapenem_S_KP220-61_573_80828,0,0.13594282,0.2601074576377868,4,,133
Kp_ertapenem_S_KP220-98_573_80827,0,0.13594282,0.1708189994096756,4,,65
Kp_ertapenem_S_KP2207_573_81901,0,0.13594282,0.1495003253221511,4,,857
Kp_ertapenem_S_KP221-22_573_80822,0,0.14359789,0.2438899725675583,4,,967
Kp_ertapenem_S_KP221-24_573_80823,0,0.14359789,0.2438899725675583,4,,967
Kp_ertapenem_S_KP221-35_573_80824,0,0.14359789,0.2438899725675583,4,,967
Kp_ertapenem_S_KP221-5_573_80825,0,0.13594282,0.2628418505191803,4,,133
Kp_ertapenem_S_KP227_573_83593,0,0.2102158,0.2375096082687378,4,,Unknown
Kp_ertapenem_S_KP23_UID2108280019_573_79342,0,0.3807374,0.4405896067619324,4,,Unknown
Kp_ertapenem_S_KP2569_2011_573_78012,0,0.68373376,0.6635463237762451,4,,Unknown
Kp_ertapenem_S_KP2728_2008_573_77689,0,0.17388335,0.1906486898660659,4,,Unknown
Kp_ertapenem_S_KP32_UID2108280028_573_79351,0,0.14167614,0.2224044501781463,4,,Unknown
Kp_ertapenem_S_KP33_UID2108280029_573_79418,0,0.15460248,0.2623454630374908,4,,Unknown
Kp_ertapenem_S_KP37_UID2108280033_573_79354,0,0.13594282,0.1425001770257949,4,,Unknown
Kp_ertapenem_S_KP45_573_81265,0,0.20090796,0.3388082385063171,4,,14
Kp_ertapenem_S_KP47_573_83485,0,0.17180024,0.2462160289287567,4,,607
Kp_ertapenem_S_KP48_573_83484,0,0.17180024,0.2462160289287567,4,,607
Kp_ertapenem_S_KP51_573_83483,0,0.13594282,0.1664042919874191,4,,133
Kp_ertapenem_S_KP57_573_83478,0,0.14549099,0.3112436234951019,4,,45
Kp_ertapenem_S_KP6024_2013_573_78008,0,0.13594282,0.2312885224819183,4,,Unknown
Kp_ertapenem_S_KP727_2007_573_78010,0,0.13594282,0.1011002883315086,4,,Unknown
Kp_ertapenem_S_KPD5_573_78948,0,0.13594282,0.2266552150249481,4,,133
Kp_ertapenem_S_KPNCDS13_573_77928,0,0.13594282,0.2302916646003723,4,,Unknown
Kp_ertapenem_S_KPNCDS14_573_77931,0,0.13594282,0.1900090873241424,4,,111
Kp_ertapenem_S_KPNCDS15_573_77987,0,0.14080396,0.2277912646532058,4,,14
Kp_ertapenem_S_KPNCDS19_573_78677,0,0.61138755,0.5172051191329956,4,,607
Kp_ertapenem_S_KPNCDS21_573_78678,0,0.13594282,0.239593893289566,4,,Unknown
Kp_ertapenem_S_KPNCDS26_573_78683,0,0.29448235,0.4396270215511322,4,,607
Kp_ertapenem_S_KPNCDS27_573_79417,0,0.21186833,0.3027259409427643,4,,Unknown
Kp_ertapenem_S_KPNCDS29_573_79415,0,0.14500289,0.2628418505191803,4,,Unknown
Kp_ertapenem_S_KPNCDS31_573_79413,0,0.14167614,0.1740590184926986,4,,Unknown
Kp_ertapenem_S_KPNCDS32_573_79411,0,0.5094537,0.7381739616394043,4,,Unknown
Kp_ertapenem_S_KPNCDS33_573_79412,0,0.13594282,0.180070623755455,4,,1625
Kp_ertapenem_S_KPNCDS41_573_79405,0,0.13594282,0.1814444363117218,4,,Unknown
Kp_ertapenem_S_KPNMA216_573_80779,0,0.7477932,0.8964781761169434,4,,14
Kp_ertapenem_S_KPUK04a_573_77432,0,0.65504074,0.6292052268981934,4,,14
Kp_ertapenem_S_KPZM16_573_83783,0,0.42126215,0.4828558564186096,4,,592
Kp_ertapenem_S_KPZM6_573_83490,0,0.1741298,0.3265465199947357,4,,592
Kp_ertapenem_S_KP_B057_573_83534,0,0.14039207,0.144994243979454,4,,Unknown
Kp_ertapenem_S_KP_J104724_573_77518,0,0.3012407,0.4858435988426208,4,,20
Kp_ertapenem_S_KP_J115373_573_77523,0,0.3012407,0.4858435988426208,4,,20
Kp_ertapenem_S_Kp222_573_77473,0,0.30404887,0.3211538791656494,4,,2096
Kp_ertapenem_S_Kp223_573_77462,0,0.2199745,0.3942009508609772,4,,14
Kp_ertapenem_S_Kp227_573_77461,0,0.7581271,0.9389409422874452,4,,Unknown
Kp_ertapenem_S_Kp230_573_77464,0,0.17289001,0.2545784711837768,4,,14
Kp_ertapenem_S_Kp235_573_77466,0,0.26032457,0.4213732182979584,4,,2096
Kp_ertapenem_S_Kp241_573_77454,0,0.39042538,0.4813319444656372,4,,14
Kp_ertapenem_S_Kp250_573_77443,0,0.26032457,0.4179840385913849,4,,2096
Kp_ertapenem_S_Kp253_573_77442,0,0.38956857,0.4773105382919311,4,,48
Kp_ertapenem_S_Kp256_573_77447,0,0.1494316,0.1466363072395324,4,,14
Kp_ertapenem_S_KpA6101_573_80699,0,0.23482457,0.3787750005722046,4,,Unknown
Kp_ertapenem_S_KpC87_573_78063,0,0.13594282,0.1155109927058219,4,,Unknown
Kp_ertapenem_S_Kp_01_20h_573_79199,0,0.71132016,0.7291914224624634,4,,Unknown
Kp_ertapenem_S_Kp_01_48h_573_79194,0,0.15238573,0.0715911984443664,4,,Unknown
Kp_ertapenem_S_Kp_02_20h_573_79200,0,0.21862516,0.3409067392349243,4,,Unknown
Kp_ertapenem_S_Kp_02_48h_573_79192,0,0.14510186,0.2352181673049926,4,,Unknown
Kp_ertapenem_S_Kp_03_48h_573_79189,0,0.3304351,0.3483263850212097,4,,Unknown
Kp_ertapenem_S_Kp_03_IT_573_79319,0,0.14523453,0.3239746689796448,4,,Unknown
Kp_ertapenem_S_Kp_04_48h_573_79190,0,0.14510186,0.2033513337373733,4,,Unknown
Kp_ertapenem_S_Kp_05_48h_573_79191,0,0.1388509,0.1429482549428939,4,,Unknown
Kp_ertapenem_S_Kp_05_IT_573_79316,0,0.14523453,0.3239746689796448,4,,Unknown
Kp_ertapenem_S_Kp_06_20h_573_79196,0,0.1499404,0.2805671095848083,4,,Unknown
Kp_ertapenem_S_Kp_06_48h_573_79193,0,0.15747967,0.2932653129100799,4,,Unknown
Kp_ertapenem_S_Kpn-A24_573_81872,0,0.13594282,0.0883472338318824,4,,700
Kp_ertapenem_S_Kpn-A8_573_81881,0,0.13594282,0.0940517783164978,4,,700
Kp_ertapenem_S_Kpn01943_573_82138,0,0.15701818,0.286793053150177,4,,13
Kp_ertapenem_S_Kpn01950_573_82139,0,0.25285372,0.4489094018936157,4,,45
Kp_ertapenem_S_Kpn02030_573_82149,0,0.15842746,0.2489447891712188,4,,397
Kp_ertapenem_S_Kpn02036_573_82142,0,0.15333816,0.2546942830085754,4,,397
Kp_ertapenem_S_Kpn02042_573_82156,0,0.13594282,0.1587930023670196,4,,Unknown
Kp_ertapenem_S_Kpn02043_573_82144,0,0.13594282,0.1587930023670196,4,,Unknown
Kp_ertapenem_S_Kpn02044_573_82141,0,0.13594282,0.1012779176235199,4,,1486
Kp_ertapenem_S_Kpn02045_573_82143,0,0.13594282,0.1012779176235199,4,,1486
Kp_ertapenem_S_Kpn02049_573_82157,0,0.13594282,0.1587930023670196,4,,Unknown
Kp_ertapenem_S_Kpn02050_573_82155,0,0.13594282,0.1587930023670196,4,,Unknown
Kp_ertapenem_S_Kpn02051_573_82150,0,0.13594282,0.1587930023670196,4,,Unknown
Kp_ertapenem_S_Kpn02055_573_82154,0,0.13594282,0.1587930023670196,4,,Unknown
Kp_ertapenem_S_Kpn02059_573_82153,0,0.13594282,0.1587930023670196,4,,Unknown
Kp_ertapenem_S_Kpn02072_573_82166,0,0.17250416,0.3543073832988739,4,,48
Kp_ertapenem_S_Kpn02074_573_82183,0,0.1439184,0.1996198743581771,4,,Unknown
Kp_ertapenem_S_Kpn02082_573_82188,0,0.13594282,0.2876177430152893,4,,1731
Kp_ertapenem_S_Kpn02088_573_82170,0,0.66967255,0.7193590402603149,4,,Unknown
Kp_ertapenem_S_Kpn02110_573_82191,0,0.2338786,0.3991088569164276,4,,20
Kp_ertapenem_S_Kpn02113_573_82192,0,0.2338786,0.3991088569164276,4,,20
Kp_ertapenem_S_Kpn02119_573_82193,0,0.2338786,0.3991088569164276,4,,20
Kp_ertapenem_S_Kpn13_573_78792,0,0.16981499,0.3392561674118042,4,,13
Kp_ertapenem_S_Kpn2281-Lar_573_79380,0,0.21483281,0.4846239984035492,4,,11
Kp_ertapenem_S_Kpn2285-Lar_573_79377,0,0.25285372,0.4489094018936157,4,,11
Kp_ertapenem_S_Kpn2408-Lar_573_79368,0,0.6693929,0.612048864364624,4,,11
Kp_ertapenem_S_Kpn2411_573_78777,0,0.13594282,0.2343409359455108,4,,Unknown
Kp_ertapenem_S_Kpn2513_573_78788,0,0.13594282,0.1025291457772255,4,,Unknown
Kp_ertapenem_S_Kpn289_573_78775,0,0.13711104,0.2680064439773559,4,,289
Kp_ertapenem_S_Kpn3020_573_78801,0,0.15063281,0.3693293035030365,4,,Unknown
Kp_ertapenem_S_Kpn3175_573_78787,0,0.13594282,0.1460568010807037,4,,Unknown
Kp_ertapenem_S_Kpn3403_573_78767,0,0.13594282,0.1949802190065384,4,,Unknown
Kp_ertapenem_S_Kpn4356_573_78784,0,0.13594282,0.1842532157897949,4,,Unknown
Kp_ertapenem_S_Kpn4710_573_78799,0,0.14736494,0.2095910012722015,4,,290
Kp_ertapenem_S_Kpn4717_573_78774,0,0.13594282,0.1496245563030243,4,,Unknown
Kp_ertapenem_S_Kpn5459_573_78763,0,0.13594282,0.1701629757881164,4,,Unknown
Kp_ertapenem_S_Kpn5529_573_78762,0,0.13594282,0.2029561251401901,4,,Unknown
Kp_ertapenem_S_Kpn5836_573_78785,0,0.13594282,0.161683902144432,4,,Unknown
Kp_ertapenem_S_Kpn5841_573_78779,0,0.14046375,0.2080582231283188,4,,Unknown
Kp_ertapenem_S_Kpn7182-Lar_573_79359,0,0.39450982,0.3666464388370514,4,,Unknown
Kp_ertapenem_S_Kpn77_573_81432,0,0.23047546,0.3928608298301697,4,,592
Kp_ertapenem_S_Kpn8819-Lar_573_79367,0,0.13594282,0.1549825221300125,4,,48
Kp_ertapenem_S_Kpn9251-Lar_573_79361,0,0.13594282,0.1426494121551513,4,,Unknown
Kp_ertapenem_S_Kpn_246_573_78697,0,0.1628869,0.357210099697113,4,,1876
Kp_ertapenem_S_L0593_573_80956,0,0.18071896,0.4059196412563324,4,,45
Kp_ertapenem_S_L0644_573_80957,0,0.1464614,0.3143925070762634,4,,Unknown
Kp_ertapenem_S_L0738_573_80958,0,0.22886722,0.1847675144672393,4,,Unknown
Kp_ertapenem_S_L0747_573_80954,0,0.13594282,0.2486025840044021,4,,Unknown
Kp_ertapenem_S_L1522_573_80955,0,0.18912232,0.3587320744991302,4,,Unknown
Kp_ertapenem_S_LA19_573_81714,0,0.3115983,0.5337620377540588,4,,268
Kp_ertapenem_S_LA64_573_78613,0,0.13594282,0.1783468723297119,4,,65
Kp_ertapenem_S_LA68_573_78617,0,0.3115983,0.5337620377540588,4,,268
Kp_ertapenem_S_LA86_573_84178,0,0.13594282,0.2087832391262054,4,,65
Kp_ertapenem_S_LACPHL-BACT-2024-00210_573_77800,0,0.13594282,0.1954404860734939,4,,Unknown
Kp_ertapenem_S_LACPHL-BACT-2024-00237_573_78081,0,0.26650107,0.4335017502307892,4,,14
Kp_ertapenem_S_LACPHL-BACT-2024-00255_573_78700,0,0.18009523,0.1188956722617149,4,,14
Kp_ertapenem_S_LACPHL-BACT-2024-00272_573_78819,0,0.26650107,0.4335017502307892,4,,14
Kp_ertapenem_S_LACPHL-BACT-2024-00278_573_78890,0,0.75484425,0.7239930033683777,4,,14
Kp_ertapenem_S_LAKp01_573_78607,0,0.14167614,0.1938713192939758,4,,Unknown
Kp_ertapenem_S_LAKp235_573_78084,0,0.20541522,0.4203616380691528,4,,Unknown
Kp_ertapenem_S_LAhvKp03_573_81795,0,0.18517064,0.3206085562705993,4,,Unknown
Kp_ertapenem_S_LAhvKp12_573_81761,0,0.18517064,0.321406751871109,4,,Unknown
Kp_ertapenem_S_LAhvKp138_573_81763,0,0.18517064,0.321406751871109,4,,Unknown
Kp_ertapenem_S_LAhvKp143_573_81764,0,0.18517064,0.3220727145671844,4,,Unknown
Kp_ertapenem_S_LAhvKp175-2007_573_81877,0,0.23449017,0.3016705513000488,4,,11
Kp_ertapenem_S_LAhvKp198-2017_573_81766,0,0.40690848,0.5345517992973328,4,,Unknown
Kp_ertapenem_S_LAhvKp204_573_81767,0,0.1741298,0.3250985741615295,4,,Unknown
Kp_ertapenem_S_LAhvKp211_573_81792,0,0.18517064,0.3206085562705993,4,,Unknown
Kp_ertapenem_S_LAhvKp218_573_81793,0,0.18517064,0.3206085562705993,4,,Unknown
Kp_ertapenem_S_LAhvKp221_573_81794,0,0.14786477,0.2110304087400436,4,,65
Kp_ertapenem_S_LAhvKp228_573_81796,0,0.18517064,0.3206085562705993,4,,Unknown
Kp_ertapenem_S_LAhvKp230_573_81772,0,0.14786477,0.2110304087400436,4,,65
Kp_ertapenem_S_LAhvKp23_573_81813,0,0.18517064,0.3206085562705993,4,,Unknown
Kp_ertapenem_S_LAhvKp31_573_81819,0,0.15408424,0.2475551515817642,4,,5
Kp_ertapenem_S_LAhvKp40_573_81762,0,0.18517064,0.3206085562705993,4,,Unknown
Kp_ertapenem_S_LAhvKp90_573_83643,0,0.18517064,0.3206085562705993,4,,Unknown
Kp_ertapenem_S_MAC_573_81758,0,0.13594282,0.1722762733697891,4,,Unknown
Kp_ertapenem_S_MAG11790_573_84279,0,0.26456833,0.4429979026317596,4,,Unknown
Kp_ertapenem_S_MAG2056_573_84040,0,0.14080396,0.2060140967369079,4,,Unknown
Kp_ertapenem_S_MAG3670_573_84122,0,0.13594282,0.1543122678995132,4,,Unknown
Kp_ertapenem_S_MAG8170_573_84282,0,0.13594282,0.1997369229793548,4,,Unknown
Kp_ertapenem_S_MAG8263_573_84271,0,0.20847113,0.3148136734962463,4,,Unknown
Kp_ertapenem_S_MAG8620_573_84278,0,0.13594282,0.2749715149402618,4,,Unknown
Kp_ertapenem_S_MAG8674_573_84287,0,0.1432268,0.235767588019371,4,,Unknown
Kp_ertapenem_S_MMSV15_573_78823,0,0.13594282,0.0681953951716423,4,,20
Kp_ertapenem_S_MMSV1_573_78075,0,0.25119773,0.3717351257801056,4,,20
Kp_ertapenem_S_MMSV28_573_78327,0,0.1580429,0.2378413677215576,4,,461
Kp_ertapenem_S_MMSV5_573_78076,0,0.14590783,0.2783303558826446,4,,133
Kp_ertapenem_S_N103_573_77992,0,0.6727409,0.6079540848731995,4,,Unknown
Kp_ertapenem_S_N248_573_77993,0,0.21409465,0.4724400639533996,4,,2096
Kp_ertapenem_S_NC3_573_78067,0,0.13594282,0.1861690282821655,4,,65
Kp_ertapenem_S_NNKP_2025.1_573_83787,0,0.19146217,0.1757855415344238,4,,Unknown
Kp_ertapenem_S_NUBL-17201_573_77489,0,0.13711104,0.2050573229789734,4,,13
Kp_ertapenem_S_NUBL-17202_573_77486,0,0.1692062,0.3223426043987274,4,,13
Kp_ertapenem_S_NUBL-22012_573_77493,0,0.16659777,0.2406853586435318,4,,268
Kp_ertapenem_S_NUBL-22016_573_77496,0,0.13594282,0.1166130229830741,4,,Unknown
Kp_ertapenem_S_NUBL-22022_573_77498,0,0.14080396,0.2604129910469055,4,,Unknown
Kp_ertapenem_S_OT202_573_78343,0,0.16084431,0.334772914648056,4,,Unknown
Kp_ertapenem_S_OT204_573_78342,0,0.29477632,0.4088076949119568,4,,Unknown
Kp_ertapenem_S_P0001_573_84245,0,0.13594282,0.2501563727855682,4,,48
Kp_ertapenem_S_P0005_573_84243,0,0.14444716,0.2898237407207489,4,,48
Kp_ertapenem_S_P0006_573_84258,0,0.14444716,0.2898237407207489,4,,48
Kp_ertapenem_S_P0007_573_84200,0,0.14444716,0.2898237407207489,4,,48
Kp_ertapenem_S_P0008_573_84201,0,0.16744989,0.3538327813148498,4,,48
Kp_ertapenem_S_P0012_573_84210,0,0.18071896,0.4063318371772766,4,,45
Kp_ertapenem_S_P0014_573_84232,0,0.13594282,0.2835457623004913,4,,Unknown
Kp_ertapenem_S_P0017_573_84211,0,0.16744989,0.3538327813148498,4,,48
Kp_ertapenem_S_P0018_573_84213,0,0.18071896,0.4063318371772766,4,,45
Kp_ertapenem_S_P0019_573_84206,0,0.14444716,0.2898237407207489,4,,48
Kp_ertapenem_S_P0021_573_84240,0,0.14444716,0.2898237407207489,4,,48
Kp_ertapenem_S_P0027_573_84224,0,0.18071896,0.4063318371772766,4,,45
Kp_ertapenem_S_P0028_573_84242,0,0.13594282,0.0723740234971046,4,,20
Kp_ertapenem_S_P0029_573_84212,0,0.18071896,0.4063318371772766,4,,45
Kp_ertapenem_S_P0030_573_84233,0,0.14444716,0.2898237407207489,4,,48
Kp_ertapenem_S_P0032_573_84239,0,0.18071896,0.4063318371772766,4,,45
Kp_ertapenem_S_P0408_573_84265,0,0.13594282,0.1454791873693466,4,,1427
Kp_ertapenem_S_P0495_573_84231,0,0.13594282,0.1515921205282211,4,,1427
Kp_ertapenem_S_P0497_573_84256,0,0.13594282,0.0670868456363678,4,,1825
Kp_ertapenem_S_P0501_573_84207,0,0.13594282,0.1590213924646377,4,,14
Kp_ertapenem_S_P0530_573_84261,0,0.13594282,0.1590213924646377,4,,14
Kp_ertapenem_S_P0697_573_84227,0,0.13594282,0.0670868456363678,4,,1825
Kp_ertapenem_S_P0717_573_84220,0,0.13594282,0.2066137790679931,4,,Unknown
Kp_ertapenem_S_P0725_573_84204,0,0.13594282,0.0670868456363678,4,,1825
Kp_ertapenem_S_P0729_573_84259,0,0.18071896,0.4063318371772766,4,,45
Kp_ertapenem_S_P0739_573_84202,0,0.13594282,0.1590213924646377,4,,14
Kp_ertapenem_S_P0743_573_84260,0,0.13594282,0.2066137790679931,4,,Unknown
Kp_ertapenem_S_P0744_573_84264,0,0.13594282,0.2066137790679931,4,,Unknown
Kp_ertapenem_S_P0775_573_84216,0,0.18071896,0.4063318371772766,4,,45
Kp_ertapenem_S_P0783_573_84217,0,0.13594282,0.1590213924646377,4,,14
Kp_ertapenem_S_P0788_573_84218,0,0.13594282,0.1713729947805404,4,,Unknown
Kp_ertapenem_S_P0799_573_84251,0,0.13594282,0.2088235914707183,4,,Unknown
Kp_ertapenem_S_P1203_573_84221,0,0.14444716,0.2898237407207489,4,,48
Kp_ertapenem_S_P1210_573_84247,0,0.18071896,0.4063318371772766,4,,45
Kp_ertapenem_S_P1211_573_84246,0,0.18071896,0.4063318371772766,4,,45
Kp_ertapenem_S_P1212_573_84253,0,0.14444716,0.2898237407207489,4,,48
Kp_ertapenem_S_P1213_573_84215,0,0.14444716,0.2898237407207489,4,,48
Kp_ertapenem_S_PA024_573_78634,0,0.13594282,0.152158185839653,4,,48
Kp_ertapenem_S_PB122_573_5700,0,0.27247667,0.4862705171108246,4,,11
Kp_ertapenem_S_PB256_573_5793,0,0.15830436,0.2268478572368621,4,,14
Kp_ertapenem_S_PB366_573_5672,0,0.15793042,0.2118649184703827,4,,11
Kp_ertapenem_S_PB484_573_5691,0,0.13594282,0.1547588557004928,4,,48
Kp_ertapenem_S_PB497_573_5818,0,0.13594282,0.2279416024684906,4,,378
Kp_ertapenem_S_PB506_573_5684,0,0.13594282,0.129733145236969,4,,895
Kp_ertapenem_S_PB65_573_5799,0,0.31372362,0.447762131690979,4,,11
Kp_ertapenem_S_PS2Thumofeces1_573_83620,0,0.14359789,0.191327691078186,4,,20
Kp_ertapenem_S_R11Np4K1_573_77622,0,0.16267833,0.203549176454544,4,,11
Kp_ertapenem_S_RKI_380DKa_573_84180,0,0.34814757,0.4172937572002411,4,,Unknown
Kp_ertapenem_S_RTP31003st1_A4_RTP31003_210430_573_77819,0,0.14102803,0.245017260313034,4,,Unknown
Kp_ertapenem_S_RTP31003st3_G12_RTP31003_210430_573_77817,0,0.13594282,0.1406900733709335,4,,278
Kp_ertapenem_S_S11_573_79023,0,0.15517002,0.2203424423933029,4,,Unknown
Kp_ertapenem_S_S12_573_79021,0,0.15517002,0.2203424423933029,4,,Unknown
Kp_ertapenem_S_S13_573_79022,0,0.15517002,0.2203424423933029,4,,1015
Kp_ertapenem_S_S14_573_79020,0,0.15517002,0.2203424423933029,4,,Unknown
Kp_ertapenem_S_S15_573_79018,0,0.15517002,0.2203424423933029,4,,Unknown
Kp_ertapenem_S_S16_573_79017,0,0.15517002,0.2203424423933029,4,,Unknown
Kp_ertapenem_S_S18_573_79019,0,0.15517002,0.2203424423933029,4,,Unknown
Kp_ertapenem_S_SI-56_573_78685,0,0.2660689,0.2413105517625808,4,,429
Kp_ertapenem_S_SI-93_573_78688,0,0.20090796,0.3387911319732666,4,,Unknown
Kp_ertapenem_S_SK008_573_78632,0,0.30628887,0.5990014672279358,4,,14
Kp_ertapenem_S_SK027_573_78630,0,0.18517064,0.324998140335083,4,,11
Kp_ertapenem_S_SKLX028709_573_78440,0,0.16714424,0.1844734996557235,4,,11
Kp_ertapenem_S_SY-2-33_573_78922,0,0.17887567,0.2134181559085846,4,,20
Kp_ertapenem_S_SY-2-50_573_79001,0,0.17887567,0.2134181559085846,4,,20
Kp_ertapenem_S_SY-2-51_573_78448,0,0.13594282,0.0236668940633535,4,,20
Kp_ertapenem_S_SY-2-76_573_78919,0,0.17887567,0.2134181559085846,4,,20
Kp_ertapenem_S_SY-2-85_573_78920,0,0.17887567,0.2134181559085846,4,,20
Kp_ertapenem_S_T231118459_573_81661,0,0.2813723,0.4490302205085754,4,,Unknown
Kp_ertapenem_S_T231129738_573_81659,0,0.26728278,0.4500572383403778,4,,Unknown
Kp_ertapenem_S_T231205112_573_81662,0,0.2813723,0.4490302205085754,4,,Unknown
Kp_ertapenem_S_T231222621_573_81673,0,0.2813723,0.4490302205085754,4,,Unknown
Kp_ertapenem_S_T231226729_573_81657,0,0.26728278,0.4500572383403778,4,,Unknown
Kp_ertapenem_S_T231226738_573_81665,0,0.2813723,0.4490302205085754,4,,Unknown
Kp_ertapenem_S_T240101033_573_81658,0,0.20782514,0.4855386912822723,4,,Unknown
Kp_ertapenem_S_T240105197_573_81674,0,0.2813723,0.4490302205085754,4,,Unknown
Kp_ertapenem_S_T240105210_573_81671,0,0.2813723,0.4490302205085754,4,,Unknown
Kp_ertapenem_S_T240206174_573_81651,0,0.20782514,0.4830387234687805,4,,Unknown
Kp_ertapenem_S_T240209287_573_81636,0,0.20782514,0.4830387234687805,4,,Unknown
Kp_ertapenem_S_T240212395_573_81634,0,0.20782514,0.4830387234687805,4,,Unknown
Kp_ertapenem_S_T240302046_573_83460,0,0.26728278,0.4500572383403778,4,,Unknown
Kp_ertapenem_S_T240323786_573_81643,0,0.20782514,0.4830387234687805,4,,Unknown
Kp_ertapenem_S_T240529734_573_83452,0,0.2813723,0.4490302205085754,4,,Unknown
Kp_ertapenem_S_T240604078_573_81644,0,0.20782514,0.4830387234687805,4,,Unknown
Kp_ertapenem_S_T2407122_573_81628,0,0.20782514,0.4830387234687805,4,,Unknown
Kp_ertapenem_S_T2407149_573_81632,0,0.20782514,0.4830387234687805,4,,Unknown
Kp_ertapenem_S_T2408017_573_81633,0,0.20782514,0.4855386912822723,4,,Unknown
Kp_ertapenem_S_T4_573_79357,0,0.13594282,0.2036679238080978,4,,Unknown
Kp_ertapenem_S_TC_KPN04_573_77727,0,0.13594282,0.1315632462501526,4,,1427
Kp_ertapenem_S_TC_KPN07_573_77726,0,0.13594282,0.132010206580162,4,,1427
Kp_ertapenem_S_TC_KPN10_573_77725,0,0.13594282,0.132626861333847,4,,1427
Kp_ertapenem_S_TR012_573_78622,0,0.19798994,0.34723961353302,4,,580
Kp_ertapenem_S_TY-16_573_83470,0,0.16924052,0.356922835111618,4,,Unknown
Kp_ertapenem_S_TY-17_573_83463,0,0.16924052,0.356922835111618,4,,Unknown
Kp_ertapenem_S_TY-19_573_83465,0,0.14963311,0.2510045766830444,4,,24
Kp_ertapenem_S_TY-20_573_83467,0,0.14963311,0.2510045766830444,4,,24
Kp_ertapenem_S_TY-22_573_83475,0,0.14872369,0.235767588019371,4,,Unknown
Kp_ertapenem_S_TY-26_573_83466,0,0.1741298,0.3270702362060547,4,,Unknown
Kp_ertapenem_S_TY-30_573_77927,0,0.13594282,0.1495934873819351,4,,24
Kp_ertapenem_S_TY-31_573_83469,0,0.13594282,0.1444201469421386,4,,Unknown
Kp_ertapenem_S_TY-32_573_83473,0,0.16532871,0.2701912522315979,4,,Unknown
Kp_ertapenem_S_TY-34_573_83471,0,0.13594282,0.1444201469421386,4,,Unknown
Kp_ertapenem_S_TY-35_573_83514,0,0.13594282,0.1444201469421386,4,,Unknown
Kp_ertapenem_S_TY-36_573_77553,0,0.13594282,0.1025291457772255,4,,Unknown
Kp_ertapenem_S_TY-6_573_83497,0,0.14963311,0.2415564656257629,4,,1436
Kp_ertapenem_S_VRI_FBI_612_573_81825,0,0.14563051,0.131507471203804,4,,14
Kp_ertapenem_S_VRI_FBI_613_573_81826,0,0.14563051,0.131507471203804,4,,14
Kp_ertapenem_S_W162_573_77901,0,0.20090796,0.3388082385063171,4,,580
Kp_ertapenem_S_W2-13-ERG11_573_5722,0,0.13594282,0.129733145236969,4,,895
Kp_ertapenem_S_W2-13-ERG1_573_5821,0,0.13594282,0.129733145236969,4,,895
Kp_ertapenem_S_W2-13-ERG2_573_5822,0,0.13594282,0.129733145236969,4,,895
Kp_ertapenem_S_W2-13-ERG5_573_5717,0,0.13594282,0.129733145236969,4,,895
Kp_ertapenem_S_W2-13-ERG7_573_5825,0,0.13594282,0.129733145236969,4,,895
Kp_ertapenem_S_W2-13-ERG8_573_5826,0,0.13594282,0.129733145236969,4,,895
Kp_ertapenem_S_W2-9-ERG1_573_5709,0,0.70242786,0.7362346649169922,4,,761
Kp_ertapenem_S_X240211162_573_81647,0,0.22424276,0.4777369201183319,4,,Unknown
Kp_ertapenem_S_YZ22CS023_573_80815,0,0.13594282,0.2172544598579406,4,,1944
Kp_ertapenem_S_ZR229_573_81529,0,0.14786477,0.2110304087400436,4,,65
Kp_ertapenem_S_ZR232_573_81524,0,0.14786477,0.2110304087400436,4,,65
Kp_ertapenem_S_ZR793_573_81535,0,0.7581271,0.8171371221542358,4,,11
Kp_ertapenem_S_Zagreb041_573_81986,0,0.17899583,0.1406310498714447,4,,Unknown
Kp_ertapenem_S_fly-284_573_78070,0,0.14482085,0.2792630493640899,4,,111
Kp_ertapenem_S_fly-298_573_78069,0,0.13594282,0.183045357465744,4,,Unknown
Kp_ertapenem_S_fly-517_573_78073,0,0.13594282,0.1076249107718467,4,,Unknown
Kp_ertapenem_S_fly-600_573_78072,0,0.13594282,0.1386366188526153,4,,Unknown
Kp_ertapenem_S_hvKP_249_573_78482,0,0.13594282,0.2087832391262054,4,,65
Kp_ertapenem_S_kp20BYS_573_81358,0,0.13594282,0.1249585598707199,4,,Unknown
Kp_ertapenem_S_kp43BYS_573_81364,0,0.13594282,0.2142800837755203,4,,857
Kp_ertapenem_S_kp593_573_81360,0,0.13594282,0.0792459473013877,4,,Unknown
Kp_ertapenem_S_kp5BYS_573_81363,0,0.13594282,0.2142800837755203,4,,857
Kp_ertapenem_S_kp603_573_81366,0,0.13594282,0.1881001740694046,4,,Unknown
Kp_ertapenem_S_kp617_573_81368,0,0.13594282,0.1598721593618393,4,,14
Kp_ertapenem_S_kp628_573_81369,0,0.13594282,0.1598721593618393,4,,Unknown
Kp_ertapenem_S_kp710_573_81376,0,0.13594282,0.1155109927058219,4,,Unknown
Kp_ertapenem_S_kpA667g5f_573_81383,0,0.13594282,0.1598721593618393,4,,Unknown
Kp_ertapenem_S_kpA710m5p_573_81386,0,0.13594282,0.1155109927058219,4,,Unknown
Kp_ertapenem_S_kpMH01_573_81384,0,0.13594282,0.1683436334133148,4,,Unknown
Kp_ertapenem_S_kpXJ_573_81387,0,0.18599774,0.3515475690364837,4,,Unknown
Kp_ertapenem_S_kpY40B_573_81379,0,0.13594282,0.2142800837755203,4,,857
Kp_ertapenem_S_kpY43B_573_81381,0,0.13594282,0.2142800837755203,4,,857
Kp_ertapenem_S_kpYF3YS_573_81385,0,0.13594282,0.1425896883010864,4,,Unknown
R__rgi_Klebsiella_pneumoniae_ertapenem_RESISTANT__Klebsiella_pneumoniae_R_ertapenem_Klebsiella_pneumoniae_strain_EuSCAPE_GR124.txt,1,0.7166167,0.728675901889801,4,1.0,340
R__rgi_Klebsiella_pneumoniae_ertapenem_RESISTANT__Klebsiella_pneumoniae_R_ertapenem_Klebsiella_pneumoniae_strain_EuSCAPE_PT003.txt,1,0.61136216,0.7405967116355896,4,1.0,45
R__rgi_Klebsiella_pneumoniae_ertapenem_RESISTANT__Klebsiella_pneumoniae_R_ertapenem_Klebsiella_pneumoniae_strain_EuSCAPE_PT004.txt,1,0.45846424,0.5837966799736023,4,1.0,45
R__rgi_Klebsiella_pneumoniae_ertapenem_RESISTANT__Klebsiella_pneumoniae_R_ertapenem_Klebsiella_pneumoniae_strain_EuSCAPE_PT005.txt,1,0.61136216,0.7405967116355896,4,1.0,45
R__rgi_Klebsiella_pneumoniae_ertapenem_RESISTANT__Klebsiella_pneumoniae_R_ertapenem_Klebsiella_pneumoniae_strain_EuSCAPE_PT013.txt,1,0.20179388,0.4257842600345611,4,1.0,45
R__rgi_Klebsiella_pneumoniae_ertapenem_RESISTANT__Klebsiella_pneumoniae_R_ertapenem_Klebsiella_pneumoniae_strain_EuSCAPE_PT055.txt,1,0.61136216,0.741510272026062,4,1.0,45
S__rgi_Klebsiella_pneumoniae_ertapenem__Kpn_Klebsiella_pneumoniae_strain_EuSCAPE_CZ010_GCA_900508435_1,0,0.19011424,0.3177172541618347,4,,Unknown
S__rgi_Klebsiella_pneumoniae_ertapenem__Kpn_Klebsiella_pneumoniae_strain_EuSCAPE_DE069_GCA_900512595_1,0,0.21370403,0.4366220533847809,4,,Unknown
S__rgi_Klebsiella_pneumoniae_ertapenem__Kpn_Klebsiella_pneumoniae_strain_EuSCAPE_DE088_GCA_900512745_1,0,0.13594282,0.2501563727855682,4,,Unknown
S__rgi_Klebsiella_pneumoniae_ertapenem__Kpn_Klebsiella_pneumoniae_strain_EuSCAPE_FR067_GCA_900510945_1,0,0.621733,0.4851728081703186,4,,Unknown
S__rgi_Klebsiella_pneumoniae_ertapenem__Kpn_Klebsiella_pneumoniae_strain_EuSCAPE_HU027_GCA_900516865_1,0,0.25576195,0.4795036911964416,4,,Unknown
S__rgi_Klebsiella_pneumoniae_ertapenem__Kpn_Klebsiella_pneumoniae_strain_EuSCAPE_PL010_GCA_900510105_1,0,0.48419473,0.5447408556938171,4,,Unknown
S__rgi_Klebsiella_pneumoniae_ertapenem__Kpn_Klebsiella_pneumoniae_strain_EuSCAPE_PL025_GCA_900510195_1,0,0.22477962,0.3912314772605896,4,,Unknown
S__rgi_Klebsiella_pneumoniae_ertapenem__Kpn_Klebsiella_pneumoniae_strain_EuSCAPE_PL036_GCA_900510285_1,0,0.25576195,0.4795036911964416,4,,Unknown
S__rgi_Klebsiella_pneumoniae_ertapenem__Kpn_Klebsiella_pneumoniae_strain_EuSCAPE_RS093_GCA_900505545_1,0,0.43139288,0.5604330897331238,4,,Unknown
S__rgi_Klebsiella_pneumoniae_ertapenem__Kpn_Klebsiella_pneumoniae_strain_EuSCAPE_TR210_GCA_900508785_1,0,0.13594282,0.2062937766313552,4,,Unknown
S__rgi_Klebsiella_pneumoniae_ertapenem__Kpn_Klebsiella_pneumoniae_strain_EuSCAPE_UK101_GCA_900503165_1,0,0.18215396,0.4293994605541229,4,,Unknown
S__rgi_Klebsiella_pneumoniae_ertapenem__Kpn_S_Klebsiella_pneumoniae_strain_EuSCAPE_BE107_GCA_900507725_1.txt,0,0.34604323,0.4683042466640472,4,1.0,268
S__rgi_Klebsiella_pneumoniae_ertapenem__Kpn_S_Klebsiella_pneumoniae_strain_EuSCAPE_ES222_GCA_900517345_1.txt,0,0.13594282,0.2054555714130401,4,1.0,65
S__rgi_Klebsiella_pneumoniae_ertapenem__Kpn_S_Klebsiella_pneumoniae_strain_EuSCAPE_ES242_GCA_900517475_1.txt,0,0.24852702,0.438544750213623,4,1.0,20
S__rgi_Klebsiella_pneumoniae_ertapenem__Kpn_S_Klebsiella_pneumoniae_strain_EuSCAPE_HU024_GCA_900516855_1.txt,0,0.25576195,0.4795036911964416,4,1.0,11
S__rgi_Klebsiella_pneumoniae_ertapenem__Kpn_S_Klebsiella_pneumoniae_strain_EuSCAPE_IE019_GCA_900506355_1.txt,0,0.1779155,0.3005402386188507,4,1.0,11
S__rgi_Klebsiella_pneumoniae_ertapenem__Kpn_S_Klebsiella_pneumoniae_strain_EuSCAPE_IL061_GCA_900513595_1.txt,0,0.17262527,0.296068787574768,4,1.0,13
S__rgi_Klebsiella_pneumoniae_ertapenem__Kpn_S_Klebsiella_pneumoniae_strain_EuSCAPE_IT002_GCA_900513995_1.txt,0,0.7581271,0.8171371221542358,4,1.0,45
S__rgi_Klebsiella_pneumoniae_ertapenem__Kpn_S_Klebsiella_pneumoniae_strain_EuSCAPE_IT039_GCA_900512995_1.txt,0,0.2837329,0.5034179091453552,4,1.0,45
S__rgi_Klebsiella_pneumoniae_ertapenem__Kpn_S_Klebsiella_pneumoniae_strain_EuSCAPE_LU001_GCA_900517785_1.txt,0,0.18071896,0.4063318371772766,4,1.0,45
S__rgi_Klebsiella_pneumoniae_ertapenem__Kpn_S_Klebsiella_pneumoniae_strain_EuSCAPE_PT074_GCA_900502035_1.txt,0,0.13594282,0.1633786857128143,4,1.0,277
S__rgi_Klebsiella_pneumoniae_ertapenem__Kpn_S_Klebsiella_pneumoniae_strain_EuSCAPE_RS045_GCA_900503485_1.txt,0,0.15298668,0.1779537051916122,4,1.0,340
S__rgi_Klebsiella_pneumoniae_ertapenem__Kpn_S_Klebsiella_pneumoniae_strain_EuSCAPE_TR130_GCA_900507405_1.txt,0,0.14982583,0.1078126430511474,4,1.0,14
S__rgi_Klebsiella_pneumoniae_ertapenem__Kpn_S_Klebsiella_pneumoniae_strain_EuSCAPE_TR283_GCA_900508175_1.txt,0,0.5007742,0.5973142981529236,4,1.0,45
S__rgi_Klebsiella_pneumoniae_ertapenem__Kpneumoniae_Klebsiella_pneumoniae_strain_4-5_35491,0,0.13713504,0.1555909812450409,4,,Unknown
GCA_000406385.1,1,0.23414068,0.3024168610572815,5,1.0,1272
GCA_000406505.1,1,0.23680292,0.2571029365062713,5,1.0,1272
GCA_000534095.1,1,0.56532323,0.6297177076339722,5,1.0,93
GCA_000534115.1,0,0.37760288,0.408866673707962,5,1.0,93
GCA_000534315.1,0,0.4563226,0.4739615619182586,5,1.0,93
GCA_000534335.1,1,0.5584231,0.4989013671875,5,1.0,93
GCA_000566885.1,0,0.20907702,0.1619985252618789,5,1.0,3833
GCA_002180255.1,1,0.24496475,0.1783111095428466,5,1.0,163
GCA_002202195.1,1,0.314346,0.2779504358768463,5,1.0,37
GCA_003073675.1,1,0.45807877,0.5289592146873474,5,1.0,512
GCA_003571645.1,1,0.3007439,0.3726193606853485,5,1.0,3603
GCA_003951185.1,1,0.5402508,0.555194079875946,5,1.0,93
GCA_003951235.1,1,0.49213248,0.44643434882164,5,1.0,93
GCA_011682815.1,0,0.20907702,0.1722588539123535,5,1.0,464
GCA_011682905.1,0,0.20907702,0.1489424258470535,5,1.0,464
GCA_013450285.1,0,0.38734373,0.3877483010292053,5,1.0,37
GCA_013450305.1,0,0.38734373,0.3877483010292053,5,1.0,37
GCA_013450355.1,0,0.38734373,0.3877483010292053,5,1.0,37
GCA_013450375.1,0,0.23436426,0.1824619472026825,5,1.0,105
GCA_013450475.1,0,0.30309907,0.2625935673713684,5,1.0,15
GCA_014826045.1,0,0.2386809,0.2918252646923065,5,1.0,37
GCA_014840315.1,1,0.3222412,0.2146091312170028,5,1.0,15
GCA_014840415.1,1,0.5455666,0.6539561152458191,5,1.0,39
GCA_014840655.1,0,0.23331836,0.191327691078186,5,1.0,29
GCA_014840695.1,0,0.2929409,0.3932102620601654,5,1.0,37
GCA_014840775.1,0,0.20907702,0.1304237991571426,5,1.0,791
GCA_014842805.1,0,0.22625564,0.2035293877124786,5,1.0,4365
GCA_014946935.1,1,0.63221633,0.7282050251960754,5,1.0,15
GCA_019927385.1,0,0.30582073,0.3591674268245697,5,1.0,37
GCA_019927625.1,1,0.24673036,0.2410089671611786,5,1.0,15
GCA_019927985.1,0,0.20907702,0.1381417512893676,5,1.0,391
GCA_019928115.1,0,0.20907702,0.153993934392929,5,1.0,551
GCA_019928215.1,1,0.48678136,0.5404994487762451,5,1.0,512
GCA_019928265.1,0,0.40343687,0.5346124768257141,5,1.0,252
GCA_019928305.1,0,0.20907702,0.1457829624414444,5,1.0,134
GCA_019928385.1,0,0.20907702,0.1161610931158065,5,1.0,5448
GCA_019928465.1,0,0.5513283,0.590779185295105,5,1.0,15
GCA_019928585.1,0,0.22785337,0.1679508984088897,5,1.0,1440
GCA_019930265.1,1,0.5900245,0.6010082960128784,5,1.0,394
GCA_019930305.1,0,0.48567614,0.4359015226364136,5,1.0,39
GCA_019930485.1,0,0.21357384,0.174480602145195,5,1.0,4833
Kp_ertapenem_R_110_573_24246,1,0.25462064,0.2171195894479751,5,,163
Kp_ertapenem_R_18926_573_82130,1,0.64359,0.8877896666526794,5,,39
Kp_ertapenem_R_2190SG22_573_81583,1,0.29748568,0.252528041601181,5,,512
Kp_ertapenem_R_2369_22_573_78712,1,0.3190045,0.4046250879764557,5,,15
Kp_ertapenem_R_2377SG22_573_81582,1,0.44304797,0.5046385526657104,5,,1519
Kp_ertapenem_R_23_D_573_81283,1,0.66618264,0.9170058369636536,5,,29
Kp_ertapenem_R_26968_5#10_573_66217,1,0.37485176,0.545225203037262,5,,15
Kp_ertapenem_R_26968_5#139_573_66233,1,0.37485176,0.545225203037262,5,,15
Kp_ertapenem_R_26968_5#73_573_66230,1,0.37485176,0.545225203037262,5,,15
Kp_ertapenem_R_26968_6#6_573_66246,1,0.48371115,0.5515737533569336,5,,15
Kp_ertapenem_R_26968_6#72_573_66258,1,0.37485176,0.545225203037262,5,,15
Kp_ertapenem_R_26975_4#127_573_66292,1,0.37485176,0.545225203037262,5,,15
Kp_ertapenem_R_26975_4#133_573_66289,1,0.37485176,0.545225203037262,5,,15
Kp_ertapenem_R_26975_4_124_573_66293,1,0.45883146,0.4338615238666534,5,,15
Kp_ertapenem_R_26975_5_155_573_66314,1,0.36319205,0.3724481463432312,5,,15
Kp_ertapenem_R_26994_6#120_573_66335,1,0.4289487,0.4177464842796325,5,,15
Kp_ertapenem_R_26994_6#57_573_66318,1,0.52477473,0.5198259949684143,5,,15
Kp_ertapenem_R_26994_6#93_573_66325,1,0.60697675,0.6531684398651123,5,,15
Kp_ertapenem_R_26994_6_98_573_66329,1,0.60697675,0.6531684398651123,5,,15
Kp_ertapenem_R_26994_7#101_573_66363,1,0.3026836,0.3487282991409302,5,,15
Kp_ertapenem_R_26994_7#155_573_66377,1,0.59231687,0.9193534255027772,5,,15
Kp_ertapenem_R_26994_7#87_573_66361,1,0.37485176,0.545225203037262,5,,15
Kp_ertapenem_R_26994_7#99_573_66364,1,0.3026836,0.3487282991409302,5,,15
Kp_ertapenem_R_26994_8#174_573_66416,1,0.36563286,0.3687465786933899,5,,15
Kp_ertapenem_R_26994_8#177_573_66420,1,0.37485176,0.545225203037262,5,,15
Kp_ertapenem_R_26HJ_573_78000,1,0.61701745,0.7529788017272949,5,,512
Kp_ertapenem_R_27097_7_62_573_66432,1,0.6317487,0.9970821738243104,5,,15
Kp_ertapenem_R_27261_7#30_573_66439,1,0.37485176,0.545225203037262,5,,15
Kp_ertapenem_R_27261_8#102_573_66485,1,0.46170005,0.4495134651660919,5,,15
Kp_ertapenem_R_27261_8#103_573_66488,1,0.37485176,0.545225203037262,5,,15
Kp_ertapenem_R_27261_8#159_573_66500,1,0.46170005,0.4495134651660919,5,,15
Kp_ertapenem_R_27261_8#163_573_66501,1,0.46170005,0.4495134651660919,5,,15
Kp_ertapenem_R_27261_8#172_573_66505,1,0.37485176,0.545225203037262,5,,15
Kp_ertapenem_R_27261_8#32_573_66464,1,0.60697675,0.6502729058265686,5,,15
Kp_ertapenem_R_27261_8#42_573_66473,1,0.37485176,0.545225203037262,5,,15
Kp_ertapenem_R_27261_8#89_573_66543,1,0.60697675,0.6508418321609497,5,,15
Kp_ertapenem_R_27261_8#98_573_66474,1,0.46170005,0.4495134651660919,5,,15
Kp_ertapenem_R_27261_8_154_573_66498,1,0.37485176,0.545225203037262,5,,15
Kp_ertapenem_R_27261_8_97_573_66475,1,0.37485176,0.545225203037262,5,,15
Kp_ertapenem_R_27322_4#127_573_66534,1,0.37485176,0.545225203037262,5,,15
Kp_ertapenem_R_27322_4#71_573_66524,1,0.5322611,0.5836780667304993,5,,15
Kp_ertapenem_R_27322_4#82_573_66525,1,0.37485176,0.545225203037262,5,,15
Kp_ertapenem_R_27322_4_137_573_66531,1,0.37485176,0.545225203037262,5,,15
Kp_ertapenem_R_27322_4_155_573_66536,1,0.37485176,0.545225203037262,5,,15
Kp_ertapenem_R_27322_4_178_573_66540,1,0.49195737,0.4294293522834778,5,,15
Kp_ertapenem_R_27322_4_35_573_66584,1,0.2755305,0.4070976674556732,5,,15
Kp_ertapenem_R_27322_4_37_573_66518,1,0.37485176,0.545225203037262,5,,15
Kp_ertapenem_R_27322_4_76_573_66526,1,0.5322611,0.5836780667304993,5,,15
Kp_ertapenem_R_27ML_573_78002,1,0.61701745,0.7529788017272949,5,,512
Kp_ertapenem_R_29105_1#255_573_66551,1,0.37485176,0.545225203037262,5,,15
Kp_ertapenem_R_29105_1#88_573_66539,1,0.37485176,0.545225203037262,5,,15
Kp_ertapenem_R_29105_1_120_573_66545,1,0.37485176,0.545225203037262,5,,15
Kp_ertapenem_R_29IP_573_78001,1,0.61701745,0.7529788017272949,5,,512
Kp_ertapenem_R_3035_kpn_573_78031,1,0.23262164,0.2068139463663101,5,,512
Kp_ertapenem_R_3042_kpn_573_78029,1,0.20907702,0.1594463288784027,5,,512
Kp_ertapenem_R_31FC_573_77997,1,0.66712797,0.9338241815567015,5,,512
Kp_ertapenem_R_39R-01_573_77996,1,0.57295036,0.5935503840446472,5,,512
Kp_ertapenem_R_49i_spring_573_92120,1,0.2797388,0.2547464370727539,5,,MLST.klebsiella.-
Kp_ertapenem_R_59v_summer_573_92124,1,0.2797388,0.2547464370727539,5,,MLST.klebsiella.-
Kp_ertapenem_R_885949_573_81016,1,0.45807877,0.5289592146873474,5,,512
Kp_ertapenem_R_95v_summer_573_92122,1,0.2797388,0.2547464370727539,5,,MLST.klebsiella.-
Kp_ertapenem_R_AN-100_573_83558,1,0.45807877,0.5289592146873474,5,,512
Kp_ertapenem_R_AN-101_573_83556,1,0.3552839,0.3037188947200775,5,,1519
Kp_ertapenem_R_AN-16_573_83584,1,0.38452852,0.3725908100605011,5,,512
Kp_ertapenem_R_AN-29_573_83582,1,0.33663094,0.4594399034976959,5,,512
Kp_ertapenem_R_AN-48_573_83577,1,0.5577212,0.4413720071315765,5,,512
Kp_ertapenem_R_AN-49_573_83578,1,0.54625213,0.624694287776947,5,,512
Kp_ertapenem_R_AN-4_573_77792,1,0.34615117,0.4153138101100921,5,,1519
Kp_ertapenem_R_AN-50_573_83581,1,0.46728173,0.5498823523521423,5,,512
Kp_ertapenem_R_AN-51_573_83580,1,0.42078954,0.4921271204948425,5,,37
Kp_ertapenem_R_AN-55_573_83575,1,0.45807877,0.5289592146873474,5,,512
Kp_ertapenem_R_AN-58_573_83576,1,0.51600254,0.4348212480545044,5,,512
Kp_ertapenem_R_AN-67_573_83574,1,0.45807877,0.5289592146873474,5,,512
Kp_ertapenem_R_AN-72_573_83568,1,0.33765802,0.3800109028816223,5,,512
Kp_ertapenem_R_AN-78_573_83570,1,0.30218133,0.3096496164798736,5,,512
Kp_ertapenem_R_AN-80_573_83566,1,0.28953353,0.3120292723178863,5,,512
Kp_ertapenem_R_AN-92_573_83561,1,0.4878182,0.4376432299613952,5,,512
Kp_ertapenem_R_AR8217_573_83781,1,0.34275034,0.3558308780193329,5,,15
Kp_ertapenem_R_BO-10_573_77793,1,0.45344505,0.49700927734375,5,,1519
Kp_ertapenem_R_CHURS_000952_573_79175,1,0.45807877,0.5289592146873474,5,,512
Kp_ertapenem_R_CHURS_170942_573_79173,1,0.45807877,0.5289592146873474,5,,512
Kp_ertapenem_R_CHURS_175691_573_79174,1,0.45807877,0.5289592146873474,5,,512
Kp_ertapenem_R_CHURS_180130_573_79170,1,0.45807877,0.5289592146873474,5,,512
Kp_ertapenem_R_CHURS_184677_573_79171,1,0.45807877,0.5289592146873474,5,,512
Kp_ertapenem_R_CPE_E289_573_81078,1,0.34405482,0.352257490158081,5,,37
Kp_ertapenem_R_EC27_573_83489,1,0.38665995,0.3255205750465393,5,,716
Kp_ertapenem_R_FA-5_573_83554,1,0.61701745,0.7549488544464111,5,,512
Kp_ertapenem_R_H29_573_78452,1,0.45807877,0.5289592146873474,5,,512
Kp_ertapenem_R_JH426Kpn_573_77894,1,0.5514269,0.541893720626831,5,,252
Kp_ertapenem_R_K158_spring_573_92116,1,0.21775909,0.1756794452667236,5,,MLST.klebsiella.-
Kp_ertapenem_R_K9-IR_573_78936,1,0.5812831,0.6529333591461182,5,,37
Kp_ertapenem_R_K9_573_78937,1,0.5812831,0.652850329875946,5,,37
Kp_ertapenem_R_KPn_4.VN_573_41328,1,0.23262164,0.2055352926254272,5,,39
Kp_ertapenem_R_Klebsiella_pneumoniae_573_81934,1,0.38315007,0.4354813396930694,5,,512
Kp_ertapenem_R_KpHUPM_10_573_81739,1,0.31062728,0.323406845331192,5,,512
Kp_ertapenem_R_KpHUPM_11_573_81736,1,0.45807877,0.5289592146873474,5,,512
Kp_ertapenem_R_KpHUPM_12_573_81737,1,0.45807877,0.5289592146873474,5,,512
Kp_ertapenem_R_KpHUPM_13_573_81735,1,0.45807877,0.5289592146873474,5,,512
Kp_ertapenem_R_KpHUPM_14_573_81734,1,0.45807877,0.5289592146873474,5,,512
Kp_ertapenem_R_KpHUPM_16_573_81733,1,0.45807877,0.5289592146873474,5,,512
Kp_ertapenem_R_KpHUPM_17_573_81732,1,0.45807877,0.5289592146873474,5,,512
Kp_ertapenem_R_KpHUPM_18_573_81731,1,0.31062728,0.323406845331192,5,,512
Kp_ertapenem_R_KpHUPM_19_573_81730,1,0.45807877,0.5289592146873474,5,,512
Kp_ertapenem_R_KpHUPM_1_573_81743,1,0.45807877,0.5289592146873474,5,,512
Kp_ertapenem_R_KpHUPM_20_573_81729,1,0.45807877,0.5289592146873474,5,,512
Kp_ertapenem_R_KpHUPM_23_573_81728,1,0.45807877,0.5289592146873474,5,,512
Kp_ertapenem_R_KpHUPM_24_573_81726,1,0.45807877,0.5289592146873474,5,,512
Kp_ertapenem_R_KpHUPM_28_573_81725,1,0.45807877,0.5289592146873474,5,,512
Kp_ertapenem_R_KpHUPM_2_573_81745,1,0.45807877,0.5289592146873474,5,,512
Kp_ertapenem_R_KpHUPM_33_573_81723,1,0.45807877,0.5289592146873474,5,,512
Kp_ertapenem_R_KpHUPM_38_573_81724,1,0.45807877,0.5289592146873474,5,,512
Kp_ertapenem_R_KpHUPM_40_573_81722,1,0.45807877,0.5289592146873474,5,,512
Kp_ertapenem_R_KpHUPM_41_573_81721,1,0.45807877,0.5289592146873474,5,,512
Kp_ertapenem_R_KpHUPM_42_573_81718,1,0.45807877,0.5289592146873474,5,,512
Kp_ertapenem_R_KpHUPM_44_573_81719,1,0.61701745,0.7529788017272949,5,,512
Kp_ertapenem_R_KpHUPM_4_573_81744,1,0.45807877,0.5289592146873474,5,,512
Kp_ertapenem_R_KpHUPM_5_573_81742,1,0.45807877,0.5289592146873474,5,,512
Kp_ertapenem_R_KpHUPM_6_573_81741,1,0.45807877,0.5289592146873474,5,,512
Kp_ertapenem_R_KpHUPM_7_573_81740,1,0.45807877,0.5289592146873474,5,,512
Kp_ertapenem_R_KpHUPM_8_573_81738,1,0.45807877,0.5289592146873474,5,,512
Kp_ertapenem_R_KpMVR1_573_93176,1,0.60672754,0.5034179091453552,5,,MLST.klebsiella.-
Kp_ertapenem_R_KpMVS1_573_93177,1,0.25232562,0.2061738818883896,5,,MLST.klebsiella.-
Kp_ertapenem_R_KpMVS2_573_93175,1,0.30871564,0.2709923982620239,5,,MLST.klebsiella.-
Kp_ertapenem_R_KpVA-10_573_1728,1,0.4024353,0.4685474634170532,5,,512
Kp_ertapenem_R_KpVA-11_573_1729,1,0.45807877,0.5289592146873474,5,,512
Kp_ertapenem_R_KpVA-12_573_1730,1,0.45807877,0.5289592146873474,5,,512
Kp_ertapenem_R_KpVA-13_573_1731,1,0.5031095,0.5560982823371887,5,,512
Kp_ertapenem_R_KpVA-14_573_1732,1,0.45807877,0.5289592146873474,5,,512
Kp_ertapenem_R_KpVA-15_573_1733,1,0.51600254,0.4348212480545044,5,,512
Kp_ertapenem_R_KpVA-1_573_1719,1,0.51600254,0.4348212480545044,5,,512
Kp_ertapenem_R_KpVA-8_573_1726,1,0.45807877,0.5289592146873474,5,,512
Kp_ertapenem_R_KpVA-9_573_1727,1,0.30774474,0.3904177546501159,5,,512
Kp_ertapenem_R_Kpngiani7132480_573_29946,1,0.45807877,0.5289592146873474,5,,512
Kp_ertapenem_R_Kpngiani7132481_573_29948,1,0.45807877,0.5289592146873474,5,,512
Kp_ertapenem_R_Kpngiani7132486_573_29944,1,0.28790915,0.331309050321579,5,,512
Kp_ertapenem_R_Kpngiani7132491_573_29954,1,0.45807877,0.5289592146873474,5,,512
Kp_ertapenem_R_Kpngiani7132492_573_29969,1,0.26364627,0.2304431498050689,5,,512
Kp_ertapenem_R_Kpngiani7132495_573_29955,1,0.45807877,0.5289592146873474,5,,512
Kp_ertapenem_R_Kpngiani7132497_573_29943,1,0.45807877,0.5289592146873474,5,,512
Kp_ertapenem_R_Kpngiani7132503_573_29952,1,0.35390186,0.3940843641757965,5,,512
Kp_ertapenem_R_Kpngiani7132505_573_29951,1,0.45807877,0.5289592146873474,5,,512
Kp_ertapenem_R_Kpngiani7132506_573_29940,1,0.45807877,0.5289592146873474,5,,512
Kp_ertapenem_R_Kpngiani7132507_573_29949,1,0.45807877,0.5289592146873474,5,,512
Kp_ertapenem_R_Kpngiani7132509_573_29968,1,0.28790915,0.3313901722431183,5,,512
Kp_ertapenem_R_Kpngiani7132510_573_29978,1,0.47802797,0.5580862164497375,5,,512
Kp_ertapenem_R_Kpngiani7132512_573_29988,1,0.51600254,0.4348212480545044,5,,512
Kp_ertapenem_R_Kpngiani7132513_573_29974,1,0.60206586,0.6185500621795654,5,,512
Kp_ertapenem_R_Kpngiani7132514_573_29981,1,0.26512918,0.3130258917808532,5,,512
Kp_ertapenem_R_Kpngiani7132515_573_29976,1,0.51600254,0.4348212480545044,5,,512
Kp_ertapenem_R_Kpngiani7132517_573_29990,1,0.45807877,0.5289592146873474,5,,512
Kp_ertapenem_R_Kpngiani7132518_573_29977,1,0.45807877,0.5289592146873474,5,,512
Kp_ertapenem_R_Kpngiani7132520_573_29980,1,0.35070163,0.3964770138263702,5,,512
Kp_ertapenem_R_Kpngiani7132521_573_29987,1,0.4448586,0.4788943827152252,5,,512
Kp_ertapenem_R_Kpngiani7132522_573_29982,1,0.45807877,0.5289592146873474,5,,512
Kp_ertapenem_R_Kpngiani7132523_573_29965,1,0.45807877,0.5289592146873474,5,,512
Kp_ertapenem_R_Kpngiani7132524_573_29984,1,0.60816395,0.6887171268463135,5,,512
Kp_ertapenem_R_Kpngiani7132525_573_29979,1,0.39161482,0.3858952224254608,5,,512
Kp_ertapenem_R_Kpngiani7132531_573_30011,1,0.60816395,0.6827588677406311,5,,512
Kp_ertapenem_R_Kpngiani7132532_573_30002,1,0.2433036,0.3049464821815491,5,,15
Kp_ertapenem_R_Kpngiani7132540_573_30006,1,0.45807877,0.5289592146873474,5,,512
Kp_ertapenem_R_Kpngiani7132541_573_29997,1,0.4448586,0.4788943827152252,5,,512
Kp_ertapenem_R_Kpngiani7132543_573_30015,1,0.45807877,0.5289592146873474,5,,512
Kp_ertapenem_R_Kpngiani7132547_573_30005,1,0.45807877,0.5289592146873474,5,,512
Kp_ertapenem_R_Kpngiani7132551_573_29994,1,0.45807877,0.5289592146873474,5,,512
Kp_ertapenem_R_Kpngiani7132552_573_29998,1,0.32851413,0.4144840538501739,5,,512
Kp_ertapenem_R_Kpngiani7132554_573_29993,1,0.45807877,0.5289592146873474,5,,512
Kp_ertapenem_R_Kpngiani7132557_573_29867,1,0.45807877,0.5289592146873474,5,,512
Kp_ertapenem_R_Kpngiani7132559_573_29865,1,0.45807877,0.5289592146873474,5,,745
Kp_ertapenem_R_Kpngiani7132560_573_29862,1,0.45807877,0.5289592146873474,5,,512
Kp_ertapenem_R_Kpngiani7132561_573_29877,1,0.5119434,0.7101636528968811,5,,512
Kp_ertapenem_R_Kpngiani7132563_573_29873,1,0.30060178,0.3597576916217804,5,,512
Kp_ertapenem_R_Kpngiani7132568_573_29866,1,0.35784826,0.4493322372436523,5,,512
Kp_ertapenem_R_Kpngiani7132571_573_29864,1,0.46243256,0.4796864688396454,5,,512
Kp_ertapenem_R_Kpngiani7132572_573_29871,1,0.45807877,0.5289592146873474,5,,512
Kp_ertapenem_R_Kpngiani7132585_573_29888,1,0.45807877,0.5289592146873474,5,,512
Kp_ertapenem_R_Kpngiani7132593_573_29915,1,0.45807877,0.5289592146873474,5,,512
Kp_ertapenem_R_Kpngiani7132595_573_29911,1,0.28790915,0.331309050321579,5,,512
Kp_ertapenem_R_Kpngiani7132596_573_29908,1,0.45807877,0.5289592146873474,5,,512
Kp_ertapenem_R_Kpngiani7132597_573_29909,1,0.45807877,0.5289592146873474,5,,512
Kp_ertapenem_R_Kpngiani7132598_573_29897,1,0.45807877,0.5289592146873474,5,,512
Kp_ertapenem_R_Kpngiani7132600_573_29896,1,0.45807877,0.5289592146873474,5,,512
Kp_ertapenem_R_Kpngiani7132602_573_29899,1,0.60206586,0.6185500621795654,5,,512
Kp_ertapenem_R_Kpngiani7132603_573_29912,1,0.26870778,0.300411969423294,5,,512
Kp_ertapenem_R_Kpngiani7132604_573_29903,1,0.60206586,0.6367485523223877,5,,512
Kp_ertapenem_R_Kpngiani7132605_573_29901,1,0.45807877,0.5289592146873474,5,,512
Kp_ertapenem_R_Kpngiani7132607_573_29902,1,0.45807877,0.5289592146873474,5,,512
Kp_ertapenem_R_Kpngiani7132609_573_29906,1,0.45807877,0.5289592146873474,5,,512
Kp_ertapenem_R_Kpngiani7132611_573_29913,1,0.32851413,0.4144840538501739,5,,1519
Kp_ertapenem_R_Kpngiani7132613_573_29917,1,0.4448586,0.4788943827152252,5,,512
Kp_ertapenem_R_Kpngiani7132615_573_29922,1,0.45807877,0.5289592146873474,5,,512
Kp_ertapenem_R_Kpngiani7132618_573_29929,1,0.5502513,0.5810653567314148,5,,512
Kp_ertapenem_R_Kpngiani7132620_573_29932,1,0.45807877,0.5289592146873474,5,,512
Kp_ertapenem_R_Kpngiani7132622_573_29930,1,0.66712797,0.9075583219528198,5,,512
Kp_ertapenem_R_Kpngiani7132623_573_29934,1,0.45807877,0.5289592146873474,5,,512
Kp_ertapenem_R_Kpngiani7132625_573_29933,1,0.5502513,0.5810653567314148,5,,512
Kp_ertapenem_R_Kpngiani7132626_573_29926,1,0.45807877,0.5289592146873474,5,,512
Kp_ertapenem_R_Kpngiani7132627_573_29919,1,0.5726103,0.6308839321136475,5,,512
Kp_ertapenem_R_Kpngiani7132628_573_29928,1,0.45807877,0.5289592146873474,5,,512
Kp_ertapenem_R_Kpngiani7132630_573_29935,1,0.45807877,0.5289592146873474,5,,512
Kp_ertapenem_R_Kpngiani7132631_573_29931,1,0.45807877,0.5289592146873474,5,,512
Kp_ertapenem_R_Kpngiani7132632_573_29925,1,0.45807877,0.5289592146873474,5,,512
Kp_ertapenem_R_LE-08_573_77789,1,0.6250095,0.7304942011833191,5,,512
Kp_ertapenem_R_LE-10_573_77798,1,0.61701745,0.7529788017272949,5,,512
Kp_ertapenem_R_LE-14_573_77799,1,0.6649445,0.8823771476745605,5,,512
Kp_ertapenem_R_LE-16_573_77790,1,0.45807877,0.5289592146873474,5,,512
Kp_ertapenem_R_LE-31_573_77815,1,0.31887296,0.2462500035762787,5,,512
Kp_ertapenem_R_MUGSI_184_573_24371,1,0.34163478,0.3598701357841491,5,,37
Kp_ertapenem_R_MUGSI_21_573_24378,1,0.4757653,0.5422573685646057,5,,512
Kp_ertapenem_R_MUGSI_2_573_24376,1,0.4887831,0.5045164823532104,5,,163
Kp_ertapenem_R_MUGSI_310_573_24394,1,0.6165771,0.6457624435424805,5,,15
Kp_ertapenem_R_MUGSI_311_573_24395,1,0.3590051,0.467939555644989,5,,252
Kp_ertapenem_R_MUGSI_39_573_24408,1,0.39349204,0.3771677911281585,5,,15
Kp_ertapenem_R_MUGSI_5_573_24416,1,0.53485787,0.6231762766838074,5,,1213
Kp_ertapenem_R_MUGSI_64_573_24426,1,0.4434145,0.5095202922821045,5,,1213
Kp_ertapenem_R_NNKP_2024_4_573_81843,1,0.29356778,0.1882866770029068,5,,512
Kp_ertapenem_R_PL1_573_78639,1,0.45807877,0.5289592146873474,5,,512
Kp_ertapenem_R_PL2_573_78640,1,0.5802255,0.628065288066864,5,,512
Kp_ertapenem_R_PL3_573_78641,1,0.59554195,0.6977891325950623,5,,512
Kp_ertapenem_R_PL4_573_78676,1,0.45807877,0.5289592146873474,5,,512
Kp_ertapenem_R_PR-11_573_83543,1,0.6593397,0.8116014003753662,5,,512
Kp_ertapenem_R_PR-24_573_83538,1,0.2992181,0.3211405873298645,5,,512
Kp_ertapenem_R_PR-33_573_83539,1,0.45807877,0.5289592146873474,5,,512
Kp_ertapenem_R_PR-6_573_83547,1,0.5926551,0.653762698173523,5,,512
Kp_ertapenem_R_PS-4_573_83537,1,0.28953353,0.3120292723178863,5,,512
Kp_ertapenem_R_RHURS_0308_573_79176,1,0.45807877,0.5289592146873474,5,,512
Kp_ertapenem_R_S100_573_81409,1,0.4534361,0.3743903338909149,5,,39
Kp_ertapenem_R_SAS-02_573_77797,1,0.45807877,0.5289592146873474,5,,512
Kp_ertapenem_R_SAS-12_573_77780,1,0.42447641,0.4591367840766907,5,,512
Kp_ertapenem_R_SKLX045174_573_78390,1,0.54487544,0.5250034928321838,5,,15
Kp_ertapenem_R_SKLX048273_573_78387,1,0.29642773,0.3209543228149414,5,,660
Kp_ertapenem_R_SKLX049058_573_78385,1,0.5628905,0.5973142981529236,5,,660
Kp_ertapenem_R_SKLX080450_573_78384,1,0.29642773,0.3209543228149414,5,,660
Kp_ertapenem_R_TO-17_573_77812,1,0.5847946,0.6553911566734314,5,,512
Kp_ertapenem_R_TO-22_573_77807,1,0.45807877,0.5289592146873474,5,,512
Kp_ertapenem_R_VE-09_573_77787,1,0.61701745,0.7529788017272949,5,,512
Kp_ertapenem_R_WHY-CZA-R_573_77534,1,0.66618264,0.9171172380447388,5,,716
Kp_ertapenem_R_ZJSR138_573_80780,1,0.20907702,0.0719164237380027,5,,687
Kp_ertapenem_R_bo743_573_80904,1,0.61701745,0.7529788017272949,5,,512
Kp_ertapenem_S_050D_573_84179,0,0.20907702,0.1756264269351959,5,,252
Kp_ertapenem_S_1088441_573_81053,0,0.3071273,0.3697701096534729,5,,39
Kp_ertapenem_S_117916_573_81045,0,0.45156202,0.5542895197868347,5,,39
Kp_ertapenem_S_1185_573_80926,0,0.20907702,0.1307286918163299,5,,1310
Kp_ertapenem_S_118U-R_573_84149,0,0.20907702,0.131730705499649,5,,469
Kp_ertapenem_S_118U-WT_573_84148,0,0.20907702,0.131730705499649,5,,469
Kp_ertapenem_S_118U_573_83679,0,0.20907702,0.131730705499649,5,,469
Kp_ertapenem_S_1191_573_80925,0,0.20907702,0.1307286918163299,5,,1310
Kp_ertapenem_S_1249_573_80909,0,0.2575661,0.2747768461704254,5,,29
Kp_ertapenem_S_1255_573_80907,0,0.20907702,0.1265961080789566,5,,791
Kp_ertapenem_S_1313SG22_573_81609,0,0.24028845,0.1998442560434341,5,,39
Kp_ertapenem_S_158274-1_573_77539,0,0.2193749,0.1802058517932891,5,,39
Kp_ertapenem_S_17.1_573_83435,0,0.20907702,0.1326549500226974,5,,1564
Kp_ertapenem_S_17.3_573_83449,0,0.20907702,0.1326549500226974,5,,1564
Kp_ertapenem_S_172_kpn_573_78051,0,0.26255774,0.23721544444561,5,,874
Kp_ertapenem_S_1738DZ24_573_81566,0,0.21591872,0.2086219787597656,5,,39
Kp_ertapenem_S_174C8_573_78173,0,0.2193749,0.1857624948024749,5,,39
Kp_ertapenem_S_18S04228-1_573_82105,0,0.22972669,0.1909125298261642,5,,1480
Kp_ertapenem_S_1933SG22_573_81577,0,0.46960506,0.4075691699981689,5,,39
Kp_ertapenem_S_1989_kpn_573_78045,0,0.20907702,0.1330486983060836,5,,874
Kp_ertapenem_S_200H7_573_78160,0,0.3406351,0.4630800187587738,5,,15
Kp_ertapenem_S_2023CK-01337_573_80983,0,0.3134157,0.3370944261550903,5,,15
Kp_ertapenem_S_2024CK-00646_573_77405,0,0.44612235,0.4262021780014038,5,,15
Kp_ertapenem_S_2024CK-3593430_573_78865,0,0.27550015,0.3030868172645569,5,,784
Kp_ertapenem_S_2270_kpn_573_78040,0,0.20907702,0.1474937796592712,5,,874
Kp_ertapenem_S_2332DZ24_573_81608,0,0.2356008,0.1228385344147682,5,,512
Kp_ertapenem_S_238-1c_573_83422,0,0.45807877,0.5289592146873474,5,,163
Kp_ertapenem_S_239G2_573_78151,0,0.24559239,0.1549185961484909,5,,39
Kp_ertapenem_S_247_kpn_573_78047,0,0.27853537,0.2334860265254974,5,,874
Kp_ertapenem_S_24_kpn_573_78058,0,0.38830152,0.4575002491474151,5,,15
Kp_ertapenem_S_257I7_573_78147,0,0.2193749,0.1823436021804809,5,,39
Kp_ertapenem_S_267-1a_573_83445,0,0.20907702,0.1716158092021942,5,,469
Kp_ertapenem_S_26968_6#15_573_66249,0,0.20907702,0.1221038624644279,5,,2938
Kp_ertapenem_S_27261_7#1_573_66436,0,0.31179,0.2525222897529602,5,,37
Kp_ertapenem_S_27261_8#2_573_66460,0,0.31105456,0.3001426756381988,5,,37
Kp_ertapenem_S_27261_8#59_573_66471,0,0.31105456,0.3001426756381988,5,,37
Kp_ertapenem_S_27261_8#61_573_66476,0,0.24496475,0.2058095037937164,5,,37
Kp_ertapenem_S_2799_kpn_573_78038,0,0.38830152,0.4575002491474151,5,,15
Kp_ertapenem_S_285_573_24275,0,0.4090055,0.3695994615554809,5,,37
Kp_ertapenem_S_3026_kpn_573_78034,0,0.45156202,0.5533846020698547,5,,15
Kp_ertapenem_S_3039_kpn_573_78030,0,0.49026552,0.4416730105876922,5,,39
Kp_ertapenem_S_3040_kpn_573_78028,0,0.36647013,0.3884730041027069,5,,39
Kp_ertapenem_S_3065_kpn_573_78024,0,0.26193917,0.3550477623939514,5,,39
Kp_ertapenem_S_308_573_24279,0,0.23419215,0.2237796634435653,5,,716
Kp_ertapenem_S_3100_kpn_573_78016,0,0.29555154,0.394492506980896,5,,15
Kp_ertapenem_S_313_573_24283,0,0.39701843,0.3820838332176208,5,,37
Kp_ertapenem_S_320G7_573_78131,0,0.2193749,0.2054555714130401,5,,39
Kp_ertapenem_S_3226_1SG22_573_81619,0,0.28427336,0.340046763420105,5,,15
Kp_ertapenem_S_327-1b_573_83421,0,0.20907702,0.1716158092021942,5,,469
Kp_ertapenem_S_32_Alex_S188_573_78813,0,0.6593397,0.6740236878395081,5,,39
Kp_ertapenem_S_335_573_24285,0,0.20907702,0.153993934392929,5,,551
Kp_ertapenem_S_338J9_573_78127,0,0.37847665,0.3422417044639587,5,,15
Kp_ertapenem_S_33_Alex_S308_573_78811,0,0.6593397,0.6740236878395081,5,,39
Kp_ertapenem_S_38_kpn_573_78057,0,0.57805365,0.7793113589286804,5,,39
Kp_ertapenem_S_396_573_24295,0,0.20907702,0.1237622126936912,5,,628
Kp_ertapenem_S_397_573_24296,0,0.20907702,0.0948452427983284,5,,2158
Kp_ertapenem_S_401_573_24299,0,0.20907702,0.1423510760068893,5,,33
Kp_ertapenem_S_4526_1SG22_573_81610,0,0.24386892,0.2571047842502594,5,,39
Kp_ertapenem_S_49_Alex_S309_573_78810,0,0.2533424,0.2285867184400558,5,,15
Kp_ertapenem_S_63224_sr_573_79266,0,0.20907702,0.1232336610555648,5,,1564
Kp_ertapenem_S_6700708_573_81682,0,0.36059648,0.406744122505188,5,,39
Kp_ertapenem_S_6722046_573_83669,0,0.6593397,0.6740236878395081,5,,39
Kp_ertapenem_S_6Gaza2023_573_81689,0,0.22972669,0.1881374567747116,5,,225
Kp_ertapenem_S_71076107_573_79251,0,0.40818626,0.3790335357189178,5,,39
Kp_ertapenem_S_742302_573_81033,0,0.45460418,0.3775980770587921,5,,15
Kp_ertapenem_S_7Gaza2023_573_81692,0,0.21591872,0.1271098852157592,5,,225
Kp_ertapenem_S_A2-2_573_78851,0,0.20907702,0.1633286327123642,5,,1213
Kp_ertapenem_S_AGA0025_573_83526,0,0.30657873,0.3748478889465332,5,,29
Kp_ertapenem_S_AR8232_573_83774,0,0.37193775,0.3881540894508362,5,,15
Kp_ertapenem_S_AR8235_573_83773,0,0.24745512,0.2557878196239471,5,,15
Kp_ertapenem_S_AR8395_573_83747,0,0.20907702,0.1170917376875877,5,,213
Kp_ertapenem_S_AR8396_573_83748,0,0.20907702,0.1170917376875877,5,,213
Kp_ertapenem_S_AR8535_573_83696,0,0.3766521,0.4367421269416809,5,,15
Kp_ertapenem_S_A_CKDN230030134-1A_HGKHYDSX7_573_78692,0,0.32861248,0.321486622095108,5,,15
Kp_ertapenem_S_BCR1_573_83519,0,0.26508614,0.3927443623542785,5,,15
Kp_ertapenem_S_CFI_014_VIM4_573_77415,0,0.61558324,0.571049153804779,5,,15
Kp_ertapenem_S_CHURS_000694_573_79166,0,0.23459955,0.3029837012290954,5,,15
Kp_ertapenem_S_CHURS_000958_573_79168,0,0.60697675,0.6501341462135315,5,,15
Kp_ertapenem_S_CHURS_001262_573_79172,0,0.44101945,0.529628336429596,5,,15
Kp_ertapenem_S_CN-122-D_573_79311,0,0.42141053,0.4132995307445526,5,,252
Kp_ertapenem_S_CN-305-F_573_79281,0,0.33337322,0.3137613534927368,5,,37
Kp_ertapenem_S_CN-674-F_573_79302,0,0.20907702,0.1313959807157516,5,,515
Kp_ertapenem_S_CRKP-142_573_80725,0,0.44535184,0.4242927134037018,5,,15
Kp_ertapenem_S_CRKP-145_573_80724,0,0.60697675,0.6525321006774902,5,,15
Kp_ertapenem_S_CRKP-148_573_80723,0,0.44535184,0.4242927134037018,5,,15
Kp_ertapenem_S_CRKP-149_573_80720,0,0.5988534,0.6035230159759521,5,,15
Kp_ertapenem_S_CRKP-151_573_80718,0,0.44535184,0.4242927134037018,5,,15
Kp_ertapenem_S_CRKP-152_573_80716,0,0.44535184,0.4242927134037018,5,,15
Kp_ertapenem_S_CRKP-153_573_80717,0,0.44535184,0.4242927134037018,5,,15
Kp_ertapenem_S_CRKP-154_573_80719,0,0.60697675,0.6525321006774902,5,,15
Kp_ertapenem_S_CRKP-155_573_80715,0,0.44535184,0.4242927134037018,5,,15
Kp_ertapenem_S_CRKP-156_573_80712,0,0.44535184,0.4242927134037018,5,,15
Kp_ertapenem_S_CRKP-157_573_80714,0,0.27602234,0.3921622335910797,5,,15
Kp_ertapenem_S_CRKP-26_573_80764,0,0.5988534,0.6035230159759521,5,,15
Kp_ertapenem_S_CRKP-39_573_80763,0,0.5988534,0.6035230159759521,5,,15
Kp_ertapenem_S_CRKP-47_573_80762,0,0.5988534,0.6035230159759521,5,,15
Kp_ertapenem_S_CRKP-53_573_80760,0,0.60697675,0.6525321006774902,5,,15
Kp_ertapenem_S_CRKP-72_573_80746,0,0.44535184,0.4242927134037018,5,,15
Kp_ertapenem_S_CRKP-76_573_80750,0,0.60697675,0.6497730612754822,5,,15
Kp_ertapenem_S_CRKP-95_573_80738,0,0.60697675,0.6497730612754822,5,,15
Kp_ertapenem_S_CRKP36_573_78816,0,0.5988534,0.6035230159759521,5,,15
Kp_ertapenem_S_CRhvKp196_573_81823,0,0.40419325,0.5161686539649963,5,,15
Kp_ertapenem_S_CRhvKp413_573_81779,0,0.40419325,0.5161686539649963,5,,15
Kp_ertapenem_S_C_CKDN230030136-1A_HGKHYDSX7_573_78691,0,0.22625564,0.1208272874355316,5,,1310
Kp_ertapenem_S_D1125bin18_573_78351,0,0.20907702,0.1506837904453277,5,,6
Kp_ertapenem_S_D3029bin9_573_78356,0,0.31284618,0.3678378164768219,5,,29
Kp_ertapenem_S_D3120bin11_573_78353,0,0.20907702,0.1591357141733169,5,,29
Kp_ertapenem_S_E13-46_573_78871,0,0.5988534,0.6035230159759521,5,,15
Kp_ertapenem_S_E13-47_573_78880,0,0.5988534,0.6035230159759521,5,,15
Kp_ertapenem_S_E13-62_573_78881,0,0.5988534,0.6035230159759521,5,,15
Kp_ertapenem_S_E13-63_573_78879,0,0.5988534,0.6035230159759521,5,,15
Kp_ertapenem_S_ESBL13_573_77720,0,0.5828805,0.5921949744224548,5,,29
Kp_ertapenem_S_ESBL17_573_77713,0,0.5828805,0.5921949744224548,5,,29
Kp_ertapenem_S_ESBL18_573_77721,0,0.5828805,0.5921949744224548,5,,29
Kp_ertapenem_S_ESBL19_573_77712,0,0.4511812,0.5809465050697327,5,,29
Kp_ertapenem_S_ESBL3_573_77715,0,0.5828805,0.5921949744224548,5,,29
Kp_ertapenem_S_ESBL6_573_77714,0,0.4511812,0.5809465050697327,5,,29
Kp_ertapenem_S_ESBL7_573_77717,0,0.5828805,0.5921949744224548,5,,29
Kp_ertapenem_S_ESBL8_573_77718,0,0.5828805,0.5921949744224548,5,,29
Kp_ertapenem_S_ESBL9_573_77719,0,0.5828805,0.5921949744224548,5,,29
Kp_ertapenem_S_F1-9-ERG2_573_5724,0,0.42790845,0.4461327195167541,5,,37
Kp_ertapenem_S_FFMG-719-10-21_573_82035,0,0.2406126,0.3085417151451111,5,,39
Kp_ertapenem_S_FK1916_573_78096,0,0.24055398,0.1025291457772255,5,,29
Kp_ertapenem_S_FK2784_573_78198,0,0.23331836,0.191327691078186,5,,29
Kp_ertapenem_S_FK3616_573_78085,0,0.23331836,0.191327691078186,5,,29
Kp_ertapenem_S_FK5223_573_78108,0,0.37193775,0.3881540894508362,5,,15
Kp_ertapenem_S_FR21AKOB2974_573_84038,0,0.29967612,0.3210075199604034,5,,15
Kp_ertapenem_S_FR21AOUL1916_573_84039,0,0.41176394,0.4321832060813904,5,,15
Kp_ertapenem_S_FR21DTAB3592_573_84035,0,0.2330909,0.2937462627887726,5,,15
Kp_ertapenem_S_FR21FBER3490_573_84030,0,0.24497825,0.3312008380889892,5,,15
Kp_ertapenem_S_FR21FCHA1854_573_84031,0,0.3763947,0.3839299976825714,5,,15
Kp_ertapenem_S_FR21ILUT5432_573_84028,0,0.40960827,0.4516288042068481,5,,15
Kp_ertapenem_S_FR21KABD5671_573_84033,0,0.30432656,0.3786888718605041,5,,15
Kp_ertapenem_S_FR21KART5027_573_84027,0,0.4156494,0.3793783783912658,5,,15
Kp_ertapenem_S_FR21MAOU4059_573_84022,0,0.39033762,0.4223259389400482,5,,15
Kp_ertapenem_S_FR21MBA5616_573_84021,0,0.61292225,0.6252378821372986,5,,15
Kp_ertapenem_S_FR21MJAA8386_573_84020,0,0.29656422,0.3449949324131012,5,,15
Kp_ertapenem_S_FR21MKAS4933_573_84019,0,0.27369896,0.3041708171367645,5,,15
Kp_ertapenem_S_FR21OABD6670_573_84018,0,0.38346282,0.3850277662277221,5,,15
Kp_ertapenem_S_FR21RICA0181_573_84013,0,0.4373244,0.4208971261978149,5,,15
Kp_ertapenem_S_FR21RMAN5026_573_84012,0,0.40960827,0.4497551321983337,5,,15
Kp_ertapenem_S_FR21SDJE0093_573_84010,0,0.4373244,0.4208971261978149,5,,15
Kp_ertapenem_S_FR21SMOH9038_573_84008,0,0.387926,0.3896626532077789,5,,15
Kp_ertapenem_S_FR21SNOA6539_573_84011,0,0.28087744,0.4658734798431396,5,,15
Kp_ertapenem_S_FR21VDEG7737_573_84006,0,0.38508803,0.4711624085903168,5,,15
Kp_ertapenem_S_FR21ZKHE4400_573_84005,0,0.27369896,0.3032157719135284,5,,15
Kp_ertapenem_S_FR22XCHE6341_573_84003,0,0.4373244,0.4208971261978149,5,,15
Kp_ertapenem_S_FR22XCHE7957_573_84002,0,0.37311915,0.3229528963565826,5,,15
Kp_ertapenem_S_FUJ80026_573_79460,0,0.22035176,0.2998222112655639,5,,517
Kp_ertapenem_S_FUJ80029_573_79459,0,0.24571598,0.3030868172645569,5,,517
Kp_ertapenem_S_FUJ80031_573_79458,0,0.21575141,0.303809255361557,5,,517
Kp_ertapenem_S_FUJ80038_573_79463,0,0.2140896,0.2419424802064895,5,,517
Kp_ertapenem_S_FUJ80044_573_79456,0,0.24571598,0.3030610084533691,5,,517
Kp_ertapenem_S_FUJ80045_573_79455,0,0.24571598,0.3030610084533691,5,,517
Kp_ertapenem_S_FUJ80046_573_79441,0,0.24571598,0.3030610084533691,5,,517
Kp_ertapenem_S_FUJ80049_573_79450,0,0.23289397,0.3089455366134643,5,,517
Kp_ertapenem_S_FUJ80051_573_79453,0,0.23289397,0.3089455366134643,5,,517
Kp_ertapenem_S_FUJ80052_573_79442,0,0.23289397,0.3089455366134643,5,,517
Kp_ertapenem_S_GDKL-46-1_573_77890,0,0.44101945,0.529628336429596,5,,15
Kp_ertapenem_S_GDKL-4_573_77888,0,0.44101945,0.529628336429596,5,,15
Kp_ertapenem_S_GDKL-52_573_77859,0,0.31024855,0.2806902825832367,5,,37
Kp_ertapenem_S_GDKL-73_573_77891,0,0.44101945,0.529628336429596,5,,15
Kp_ertapenem_S_GDKL-77_573_77892,0,0.44101945,0.529628336429596,5,,15
Kp_ertapenem_S_GX21_573_81542,0,0.29240707,0.3923368453979492,5,,15
Kp_ertapenem_S_H1-8_573_78828,0,0.33985913,0.4063318371772766,5,,37
Kp_ertapenem_S_H3-1_573_78829,0,0.20907702,0.1602988839149475,5,,93
Kp_ertapenem_S_INFU7415_573_78614,0,0.29503807,0.1829176247119903,5,,29
Kp_ertapenem_S_IR5635_573_81896,0,0.28482875,0.3561946451663971,5,,15
Kp_ertapenem_S_J7_573_77897,0,0.20907702,0.1808288395404815,5,,2281
Kp_ertapenem_S_JXkp23_573_81391,0,0.21591872,0.1508400738239288,5,,29
Kp_ertapenem_S_K10-IR_573_78924,0,0.66618264,0.9171172380447388,5,,15
Kp_ertapenem_S_K26_573_77667,0,0.29767168,0.3161844909191131,5,,15
Kp_ertapenem_S_K46_573_77660,0,0.26506078,0.35326087474823,5,,15
Kp_ertapenem_S_K52_573_77658,0,0.30657873,0.3748478889465332,5,,15
Kp_ertapenem_S_KC187_573_84172,0,0.45156202,0.553324282169342,5,,15
Kp_ertapenem_S_KE9095_573_79239,0,0.48605075,0.5584473609924316,5,,15
Kp_ertapenem_S_KE9637_573_79224,0,0.20907702,0.1100161522626876,5,,391
Kp_ertapenem_S_KE9676_573_79220,0,0.57954824,0.4245909452438354,5,,42
Kp_ertapenem_S_KE9907_573_79206,0,0.20907702,0.1160358265042305,5,,345
Kp_ertapenem_S_KE9911_573_79207,0,0.26312423,0.2057745903730392,5,,37
Kp_ertapenem_S_KE9947_573_79205,0,0.20907702,0.1160358265042305,5,,345
Kp_ertapenem_S_KH62-R2_573_79152,0,0.20907702,0.1067371293902397,5,,2028
Kp_ertapenem_S_KH62_573_78949,0,0.20907702,0.1067371293902397,5,,2028
Kp_ertapenem_S_KLEPN-0203_573_77502,0,0.4221991,0.3824297189712524,5,,37
Kp_ertapenem_S_KP-410574_573_77746,0,0.2944978,0.3801835179328918,5,,15
Kp_ertapenem_S_KP-417634_573_77759,0,0.2944978,0.3801835179328918,5,,15
Kp_ertapenem_S_KP-HB21H30727_573_78581,0,0.5988534,0.5795193910598755,5,,15
Kp_ertapenem_S_KP-HB21H30826_573_78598,0,0.24161202,0.2164006829261779,5,,727
Kp_ertapenem_S_KP06_UID2108280006_573_79330,0,0.20907702,0.125869020819664,5,,1564
Kp_ertapenem_S_KP1909_573_80892,0,0.20907702,0.2114676982164383,5,,15
Kp_ertapenem_S_KP1912_573_80891,0,0.22104952,0.1523157358169555,5,,15
Kp_ertapenem_S_KP1939_573_80878,0,0.22104952,0.1523157358169555,5,,15
Kp_ertapenem_S_KP1940_573_80875,0,0.22104952,0.1523157358169555,5,,15
Kp_ertapenem_S_KP2010_2009_573_77691,0,0.3445896,0.4748746752738952,5,,29
Kp_ertapenem_S_KP2044_573_80877,0,0.22104952,0.1523157358169555,5,,15
Kp_ertapenem_S_KP2052_573_80868,0,0.24175772,0.1460872441530227,5,,15
Kp_ertapenem_S_KP2055_573_80871,0,0.24175772,0.1460872441530227,5,,15
Kp_ertapenem_S_KP2058_573_80845,0,0.20907702,0.2145808041095733,5,,15
Kp_ertapenem_S_KP2060_573_80866,0,0.24175772,0.1460872441530227,5,,15
Kp_ertapenem_S_KP2062_573_80861,0,0.24175772,0.1460872441530227,5,,15
Kp_ertapenem_S_KP2063_573_80843,0,0.20907702,0.2624399363994598,5,,15
Kp_ertapenem_S_KP2183_573_80853,0,0.28482875,0.3377220928668976,5,,15
Kp_ertapenem_S_KP232_573_83601,0,0.20907702,0.1422318816184997,5,,15
Kp_ertapenem_S_KP24_573_83596,0,0.22104952,0.2863188982009887,5,,1859
Kp_ertapenem_S_KP25_UID2108280021_573_79344,0,0.4972148,0.4610168039798736,5,,37
Kp_ertapenem_S_KP28_UID2108280024_573_79347,0,0.45182285,0.3802985548973083,5,,15
Kp_ertapenem_S_KP3621_573_78176,0,0.5988534,0.6035230159759521,5,,15
Kp_ertapenem_S_KP3657_573_78177,0,0.6165771,0.7011762261390686,5,,15
Kp_ertapenem_S_KP3684_573_78175,0,0.5988534,0.6035230159759521,5,,15
Kp_ertapenem_S_KP3707_573_78174,0,0.6165771,0.7011762261390686,5,,15
Kp_ertapenem_S_KP3755_1_573_78178,0,0.5988534,0.6035230159759521,5,,15
Kp_ertapenem_S_KP3755_2_573_78180,0,0.5988534,0.6035230159759521,5,,15
Kp_ertapenem_S_KP3762-1_573_78328,0,0.6165771,0.7011762261390686,5,,15
Kp_ertapenem_S_KP3762_2_573_78179,0,0.5988534,0.6035230159759521,5,,15
Kp_ertapenem_S_KP39_573_78447,0,0.5226794,0.584745466709137,5,,15
Kp_ertapenem_S_KP4320_2009_573_78011,0,0.5670907,0.6317079067230225,5,,15
Kp_ertapenem_S_KP437_573_81746,0,0.27633756,0.2890203893184662,5,,299
Kp_ertapenem_S_KP470_573_81915,0,0.53022,0.4111108481884002,5,,37
Kp_ertapenem_S_KP510_2009_573_77690,0,0.31060567,0.2960560619831085,5,,15
Kp_ertapenem_S_KP56_573_83477,0,0.20907702,0.1579793989658355,5,,37
Kp_ertapenem_S_KPN0423_573_80774,0,0.20907702,0.0792103260755539,5,,2004
Kp_ertapenem_S_KPNCDS16_573_77986,0,0.44148386,0.4492113888263702,5,,29
Kp_ertapenem_S_KPNCDS20_573_78679,0,0.20907702,0.147187054157257,5,,297
Kp_ertapenem_S_KPNCDS23_573_78681,0,0.20907702,0.088622897863388,5,,399
Kp_ertapenem_S_KPNCDS24_573_78682,0,0.64208305,0.7389983534812927,5,,42
Kp_ertapenem_S_KPNCDS36_573_79409,0,0.20907702,0.1137517616152763,5,,1035
Kp_ertapenem_S_KPNCDS40_573_79406,0,0.26312423,0.2057745903730392,5,,515
Kp_ertapenem_S_KPNCDS43_573_79402,0,0.20907702,0.088622897863388,5,,399
Kp_ertapenem_S_KPNCDS45_573_79401,0,0.20907702,0.088622897863388,5,,399
Kp_ertapenem_S_KPNCDS46_573_79404,0,0.22052164,0.2267461717128753,5,,882
Kp_ertapenem_S_KPNCDS47_573_79400,0,0.20907702,0.1252257525920868,5,,882
Kp_ertapenem_S_KPNMA215_573_80778,0,0.66618264,0.9171172380447388,5,,15
Kp_ertapenem_S_KPNW_573_78822,0,0.593272,0.613062858581543,5,,15
Kp_ertapenem_S_KP_3802_573_78181,0,0.5988534,0.6035230159759521,5,,15
Kp_ertapenem_S_KP_J104708_573_77519,0,0.22314121,0.1857994347810745,5,,27
Kp_ertapenem_S_KP_J115370_573_77525,0,0.22314121,0.1857994347810745,5,,27
Kp_ertapenem_S_KP_WXD_573_77621,0,0.20907702,0.1284157931804657,5,,105
Kp_ertapenem_S_Klebsiella_pneumoniae_7EL_573_83634,0,0.20907702,0.142858549952507,5,,874
Kp_ertapenem_S_Kp208_573_77469,0,0.29784825,0.2951346933841705,5,,37
Kp_ertapenem_S_Kp233_573_77468,0,0.21591872,0.1964887231588363,5,,37
Kp_ertapenem_S_Kp5_573_77822,0,0.48605075,0.5584473609924316,5,,15
Kp_ertapenem_S_KpA13_573_80708,0,0.33078197,0.5282900333404541,5,,39
Kp_ertapenem_S_KpA230_573_80705,0,0.3791133,0.3751912415027618,5,,39
Kp_ertapenem_S_KpA250_573_83796,0,0.29721794,0.364155501127243,5,,29
Kp_ertapenem_S_KpA314_573_80707,0,0.29721794,0.364155501127243,5,,29
Kp_ertapenem_S_KpA699_573_80700,0,0.3506583,0.3351876139640808,5,,15
Kp_ertapenem_S_KpA857_573_80695,0,0.48065388,0.4003976285457611,5,,1480
Kp_ertapenem_S_KpSJTU083C1_573_83678,0,0.60790545,0.5419543385505676,5,,15
Kp_ertapenem_S_KpSJTU083C2_573_83644,0,0.60790545,0.5419543385505676,5,,15
Kp_ertapenem_S_KpSJTU083C3_573_83635,0,0.60596454,0.6141626238822937,5,,15
Kp_ertapenem_S_KpSJTU083C4_573_83636,0,0.60790545,0.5419543385505676,5,,15
Kp_ertapenem_S_Kp_01_IT_573_79321,0,0.44101945,0.529628336429596,5,,15
Kp_ertapenem_S_Kp_02_IT_573_79320,0,0.44254833,0.500732421875,5,,15
Kp_ertapenem_S_Kp_03_20h_573_79197,0,0.2894997,0.2767882645130157,5,,29
Kp_ertapenem_S_Kp_04_20h_573_79198,0,0.29956785,0.2853968739509582,5,,29
Kp_ertapenem_S_Kp_04_IT_573_79318,0,0.29721794,0.364155501127243,5,,29
Kp_ertapenem_S_Kp_05_20h_573_79195,0,0.2894997,0.2767882645130157,5,,29
Kp_ertapenem_S_Kp_06_IT_573_79317,0,0.29721794,0.364155501127243,5,,29
Kp_ertapenem_S_Kp_Goe_712272-2_573_77804,0,0.5131906,0.5186680555343628,5,,15
Kp_ertapenem_S_Kpn02052_573_82159,0,0.22314121,0.1637628078460693,5,,883
Kp_ertapenem_S_Kpn02061_573_82152,0,0.20907702,0.0907757803797721,5,,105
Kp_ertapenem_S_Kpn02083_573_82181,0,0.20907702,0.1605290621519088,5,,1962
Kp_ertapenem_S_Kpn02092_573_82168,0,0.22041401,0.2067388594150543,5,,465
Kp_ertapenem_S_Kpn10_573_81459,0,0.5355545,0.465326726436615,5,,15
Kp_ertapenem_S_Kpn11_573_81425,0,0.48891363,0.4647800922393799,5,,15
Kp_ertapenem_S_Kpn2337-Lar_573_79364,0,0.3449474,0.3330963551998138,5,,39
Kp_ertapenem_S_Kpn2430-Lar_573_79370,0,0.5438556,0.5059811472892761,5,,39
Kp_ertapenem_S_Kpn37_573_78771,0,0.44182286,0.515863835811615,5,,37
Kp_ertapenem_S_Kpn37_573_78789,0,0.34590086,0.3378585875034332,5,,37
Kp_ertapenem_S_Kpn37_573_78798,0,0.28086063,0.2615430653095245,5,,37
Kp_ertapenem_S_Kpn5_573_81464,0,0.5355545,0.4650837779045105,5,,15
Kp_ertapenem_S_Kpn61_573_81452,0,0.45152888,0.340046763420105,5,,727
Kp_ertapenem_S_Kpn67_573_81481,0,0.5355545,0.465326726436615,5,,15
Kp_ertapenem_S_Kpn6_573_81463,0,0.44535184,0.4242927134037018,5,,15
Kp_ertapenem_S_Kpn71_573_81429,0,0.5355545,0.4650230705738067,5,,15
Kp_ertapenem_S_Kpn727_573_78766,0,0.44792742,0.5064693689346313,5,,727
Kp_ertapenem_S_Kpn74_573_81474,0,0.5355545,0.465326726436615,5,,15
Kp_ertapenem_S_Kpn76_573_81433,0,0.5355545,0.4650837779045105,5,,15
Kp_ertapenem_S_Kpn78_573_81911,0,0.3362836,0.4622302949428558,5,,37
Kp_ertapenem_S_Kpn7_573_81462,0,0.44535184,0.4242927134037018,5,,15
Kp_ertapenem_S_LA111_573_78618,0,0.34163478,0.3598138988018036,5,,660
Kp_ertapenem_S_LACPHL-BACT-2024-00164_573_77481,0,0.21591872,0.2084658145904541,5,,15
Kp_ertapenem_S_LACPHL-BACT-2024-00266_573_78821,0,0.20907702,0.0864390879869461,5,,105
Kp_ertapenem_S_LAhvKp160_573_81770,0,0.23331836,0.191327691078186,5,,29
Kp_ertapenem_S_LAhvKp186_573_81814,0,0.23331836,0.191327691078186,5,,29
Kp_ertapenem_S_M19016_573_77893,0,0.41259298,0.6333535313606262,5,,252
Kp_ertapenem_S_MAG8247_573_84272,0,0.20907702,0.153993934392929,5,,551
Kp_ertapenem_S_MMSV10_573_78083,0,0.20907702,0.1047059670090675,5,,179
Kp_ertapenem_S_MRSN972141_573_77803,0,0.23331836,0.191327691078186,5,,29
Kp_ertapenem_S_MUGSI_246_573_24384,0,0.2411231,0.246323674917221,5,,2133
Kp_ertapenem_S_MUGSI_272_573_24386,0,0.26312423,0.2057745903730392,5,,37
Kp_ertapenem_S_NICU_2_P1_573_32137,0,0.4358568,0.4575002491474151,5,,37
Kp_ertapenem_S_NNKP_2024.10_573_83785,0,0.20907702,0.153993934392929,5,,551
Kp_ertapenem_S_NNKP_2025.3_573_83790,0,0.3612696,0.2598315179347992,5,,874
Kp_ertapenem_S_NUBL-17196_573_77494,0,0.43768072,0.5227503776550293,5,,37
Kp_ertapenem_S_NUBL-22020_573_77497,0,0.31824562,0.2914406955242157,5,,29
Kp_ertapenem_S_OT203_573_78344,0,0.378161,0.4094569385051727,5,,1766
Kp_ertapenem_S_P0023_573_84230,0,0.20907702,0.1557514518499374,5,,628
Kp_ertapenem_S_P0024_573_84234,0,0.56532323,0.6370589733123779,5,,394
Kp_ertapenem_S_P0026_573_84266,0,0.20907702,0.1557514518499374,5,,628
Kp_ertapenem_S_P0642_573_84225,0,0.20907702,0.1491282135248184,5,,464
Kp_ertapenem_S_P0675_573_84269,0,0.20907702,0.1353177577257156,5,,391
Kp_ertapenem_S_P0681_573_84229,0,0.20907702,0.1353177577257156,5,,391
Kp_ertapenem_S_P1229_573_84263,0,0.20907702,0.1495624184608459,5,,464
Kp_ertapenem_S_PB242_573_5702,0,0.20907702,0.151686355471611,5,,37
Kp_ertapenem_S_PB283_573_5801,0,0.3512997,0.3268083333969116,5,,29
Kp_ertapenem_S_PB466_573_5679,0,0.2609086,0.3623484671115875,5,,15
Kp_ertapenem_S_PB86_573_5828,0,0.20907702,0.1427389979362487,5,,37
Kp_ertapenem_S_PS3Cenvironment1_573_83619,0,0.26159167,0.2222356051206588,5,,515
Kp_ertapenem_S_PS3Menvironment3_573_83621,0,0.26159167,0.2222356051206588,5,,515
Kp_ertapenem_S_R3_573_81341,0,0.22314121,0.2188571393489837,5,,15
Kp_ertapenem_S_R9_573_81326,0,0.5988534,0.6035230159759521,5,,15
Kp_ertapenem_S_RHURS_0132_573_79169,0,0.56498754,0.6507308483123779,5,,15
Kp_ertapenem_S_SCNJ1_573_81258,0,0.23921017,0.2154706567525863,5,,29
Kp_ertapenem_S_SEB10_573_79383,0,0.23596504,0.1403951644897461,5,,29
Kp_ertapenem_S_SEB1_573_79392,0,0.23596504,0.1311454027891159,5,,29
Kp_ertapenem_S_SEB2_573_79391,0,0.23596504,0.1311454027891159,5,,29
Kp_ertapenem_S_SEB3_573_79389,0,0.23596504,0.1311454027891159,5,,29
Kp_ertapenem_S_SEB4_573_79390,0,0.23596504,0.1403951644897461,5,,29
Kp_ertapenem_S_SEB5_573_79388,0,0.23596504,0.1311454027891159,5,,29
Kp_ertapenem_S_SEB6_573_79387,0,0.23596504,0.1311454027891159,5,,29
Kp_ertapenem_S_SEB7_573_79386,0,0.23596504,0.1311454027891159,5,,29
Kp_ertapenem_S_SEB8_573_79384,0,0.23596504,0.1311454027891159,5,,29
Kp_ertapenem_S_SEB9_573_79385,0,0.23596504,0.1311454027891159,5,,29
Kp_ertapenem_S_SKLX112235_573_78386,0,0.66618264,0.6373694539070129,5,,15
Kp_ertapenem_S_SKLX113192_573_78388,0,0.5988534,0.6035230159759521,5,,15
Kp_ertapenem_S_SKP4_573_79382,0,0.23596504,0.1311454027891159,5,,29
Kp_ertapenem_S_STK71-E_573_80989,0,0.20907702,0.1472177058458328,5,,1823
Kp_ertapenem_S_UHD-2018_573_78621,0,0.2140896,0.1855779290199279,5,,628
Kp_ertapenem_S_VSF1021_573_77708,0,0.62335336,0.6747072339057922,5,,15
Kp_ertapenem_S_VSF1024_573_77707,0,0.62335336,0.6747072339057922,5,,15
Kp_ertapenem_S_VSI78_573_80977,0,0.5900245,0.6010082960128784,5,,37
Kp_ertapenem_S_W1-5-ERG6_573_7096,0,0.3387748,0.4119977355003357,5,,39
Kp_ertapenem_S_W2-4-ERG4_573_5706,0,0.44353086,0.4348212480545044,5,,15
Kp_ertapenem_S_W2-5-ERG4_573_5683,0,0.20907702,0.1515607237815857,5,,37
Kp_ertapenem_S_W91_573_77902,0,0.269341,0.3276145458221435,5,,37
Kp_ertapenem_S_YZ22CS070_573_80813,0,0.24605986,0.3622356653213501,5,,6262
Kp_ertapenem_S_YZ22CS072_573_80820,0,0.29414293,0.3515336513519287,5,,6262
Kp_ertapenem_S_YZ22CS088_573_80811,0,0.23419215,0.2233559042215347,5,,15
Kp_ertapenem_S_YZ22CS089_573_80810,0,0.23419215,0.2233559042215347,5,,15
Kp_ertapenem_S_Zagreb006_573_81964,0,0.28581688,0.3181937634944916,5,,15
Kp_ertapenem_S_Zagreb007_573_81981,0,0.28581688,0.3181937634944916,5,,15
Kp_ertapenem_S_Zagreb008_573_81962,0,0.28581688,0.3181937634944916,5,,15
Kp_ertapenem_S_Zagreb012_573_81960,0,0.28581688,0.3181937634944916,5,,15
Kp_ertapenem_S_Zagreb014_573_81973,0,0.28581688,0.3181937634944916,5,,15
Kp_ertapenem_S_Zagreb015_573_81952,0,0.28581688,0.3181937634944916,5,,15
Kp_ertapenem_S_Zagreb018_573_81961,0,0.28581688,0.3181937634944916,5,,15
Kp_ertapenem_S_Zagreb019_573_81970,0,0.28581688,0.3181937634944916,5,,15
Kp_ertapenem_S_Zagreb020_573_81985,0,0.28581688,0.3181937634944916,5,,15
Kp_ertapenem_S_Zagreb023_573_81974,0,0.28581688,0.3181937634944916,5,,15
Kp_ertapenem_S_Zagreb024_573_81977,0,0.28581688,0.3181937634944916,5,,15
Kp_ertapenem_S_Zagreb025_573_81947,0,0.28581688,0.3181937634944916,5,,15
Kp_ertapenem_S_Zagreb027_573_81989,0,0.28581688,0.3181937634944916,5,,15
Kp_ertapenem_S_Zagreb028_573_81972,0,0.28581688,0.3181937634944916,5,,15
Kp_ertapenem_S_Zagreb029_573_81988,0,0.28581688,0.3181937634944916,5,,15
Kp_ertapenem_S_Zagreb030_573_81957,0,0.28581688,0.3181937634944916,5,,15
Kp_ertapenem_S_Zagreb031_573_81958,0,0.28581688,0.3181937634944916,5,,15
Kp_ertapenem_S_Zagreb032_573_81959,0,0.28581688,0.3181937634944916,5,,15
Kp_ertapenem_S_Zagreb033_573_81971,0,0.28581688,0.3181937634944916,5,,15
Kp_ertapenem_S_Zagreb034_573_81956,0,0.28581688,0.3181937634944916,5,,15
Kp_ertapenem_S_Zagreb042_573_81987,0,0.28581688,0.3181937634944916,5,,15
Kp_ertapenem_S_Zagreb043_573_81949,0,0.28581688,0.3181937634944916,5,,15
Kp_ertapenem_S_Zagreb044_573_81948,0,0.28581688,0.3181937634944916,5,,15
Kp_ertapenem_S_Zagreb046_573_81955,0,0.28581688,0.3181937634944916,5,,15
Kp_ertapenem_S_et55_573_77694,0,0.33200952,0.3321208655834198,5,,15
Kp_ertapenem_S_fly-273_573_78071,0,0.20907702,0.1776324957609176,5,,37
Kp_ertapenem_S_fly-307_573_78068,0,0.2186644,0.2372113019227981,5,,37
Kp_ertapenem_S_kp622_573_81367,0,0.20907702,0.15615314245224,5,,37
Kp_ertapenem_S_kp93_573_81378,0,0.566172,0.5389225482940674,5,,252
Kp_ertapenem_S_kpL15N_573_81380,0,0.60063535,0.5870556235313416,5,,29
R__rgi_Klebsiella_pneumoniae_ertapenem_RESISTANT__Klebsiella_pneumoniae_R_ertapenem_Klebsiella_pneumoniae_strain_EuSCAPE_AT017.txt,1,0.45807877,0.5289592146873474,5,1.0,512
R__rgi_Klebsiella_pneumoniae_ertapenem_RESISTANT__Klebsiella_pneumoniae_R_ertapenem_Klebsiella_pneumoniae_strain_EuSCAPE_BE070.txt,1,0.45807877,0.5289592146873474,5,1.0,512
R__rgi_Klebsiella_pneumoniae_ertapenem_RESISTANT__Klebsiella_pneumoniae_R_ertapenem_Klebsiella_pneumoniae_strain_EuSCAPE_IL013.txt,1,0.5599301,0.4916999638080597,5,1.0,512
R__rgi_Klebsiella_pneumoniae_ertapenem_RESISTANT__Klebsiella_pneumoniae_R_ertapenem_Klebsiella_pneumoniae_strain_EuSCAPE_IL041.txt,1,0.23419215,0.2239493429660797,5,1.0,512
R__rgi_Klebsiella_pneumoniae_ertapenem_RESISTANT__Klebsiella_pneumoniae_R_ertapenem_Klebsiella_pneumoniae_strain_EuSCAPE_IL058.txt,1,0.28892732,0.3754774332046509,5,1.0,512
R__rgi_Klebsiella_pneumoniae_ertapenem_RESISTANT__Klebsiella_pneumoniae_R_ertapenem_Klebsiella_pneumoniae_strain_EuSCAPE_IL062.txt,1,0.23419215,0.2239493429660797,5,1.0,512
R__rgi_Klebsiella_pneumoniae_ertapenem_RESISTANT__Klebsiella_pneumoniae_R_ertapenem_Klebsiella_pneumoniae_strain_EuSCAPE_IT009.txt,1,0.45807877,0.5289592146873474,5,1.0,512
R__rgi_Klebsiella_pneumoniae_ertapenem_RESISTANT__Klebsiella_pneumoniae_R_ertapenem_Klebsiella_pneumoniae_strain_EuSCAPE_IT015.txt,1,0.45807877,0.5289592146873474,5,1.0,512
R__rgi_Klebsiella_pneumoniae_ertapenem_RESISTANT__Klebsiella_pneumoniae_R_ertapenem_Klebsiella_pneumoniae_strain_EuSCAPE_IT017.txt,1,0.53485787,0.6254667043685913,5,1.0,512
R__rgi_Klebsiella_pneumoniae_ertapenem_RESISTANT__Klebsiella_pneumoniae_R_ertapenem_Klebsiella_pneumoniae_strain_EuSCAPE_IT020.txt,1,0.45807877,0.5289592146873474,5,1.0,512
R__rgi_Klebsiella_pneumoniae_ertapenem_RESISTANT__Klebsiella_pneumoniae_R_ertapenem_Klebsiella_pneumoniae_strain_EuSCAPE_IT026.txt,1,0.28790915,0.3296614289283752,5,1.0,512
R__rgi_Klebsiella_pneumoniae_ertapenem_RESISTANT__Klebsiella_pneumoniae_R_ertapenem_Klebsiella_pneumoniae_strain_EuSCAPE_IT028.txt,1,0.45807877,0.5289592146873474,5,1.0,512
R__rgi_Klebsiella_pneumoniae_ertapenem_RESISTANT__Klebsiella_pneumoniae_R_ertapenem_Klebsiella_pneumoniae_strain_EuSCAPE_IT030.txt,1,0.45807877,0.5289592146873474,5,1.0,512
R__rgi_Klebsiella_pneumoniae_ertapenem_RESISTANT__Klebsiella_pneumoniae_R_ertapenem_Klebsiella_pneumoniae_strain_EuSCAPE_IT036.txt,1,0.45807877,0.5289592146873474,5,1.0,512
R__rgi_Klebsiella_pneumoniae_ertapenem_RESISTANT__Klebsiella_pneumoniae_R_ertapenem_Klebsiella_pneumoniae_strain_EuSCAPE_IT053.txt,1,0.45807877,0.5289592146873474,5,1.0,512
R__rgi_Klebsiella_pneumoniae_ertapenem_RESISTANT__Klebsiella_pneumoniae_R_ertapenem_Klebsiella_pneumoniae_strain_EuSCAPE_IT083.txt,1,0.45807877,0.5289592146873474,5,1.0,512
R__rgi_Klebsiella_pneumoniae_ertapenem_RESISTANT__Klebsiella_pneumoniae_R_ertapenem_Klebsiella_pneumoniae_strain_EuSCAPE_IT084.txt,1,0.45807877,0.5289592146873474,5,1.0,512
R__rgi_Klebsiella_pneumoniae_ertapenem_RESISTANT__Klebsiella_pneumoniae_R_ertapenem_Klebsiella_pneumoniae_strain_EuSCAPE_IT085.txt,1,0.45807877,0.5289592146873474,5,1.0,512
R__rgi_Klebsiella_pneumoniae_ertapenem_RESISTANT__Klebsiella_pneumoniae_R_ertapenem_Klebsiella_pneumoniae_strain_EuSCAPE_IT088.txt,1,0.45807877,0.5289592146873474,5,1.0,512
R__rgi_Klebsiella_pneumoniae_ertapenem_RESISTANT__Klebsiella_pneumoniae_R_ertapenem_Klebsiella_pneumoniae_strain_EuSCAPE_IT092.txt,1,0.45807877,0.5289592146873474,5,1.0,512
R__rgi_Klebsiella_pneumoniae_ertapenem_RESISTANT__Klebsiella_pneumoniae_R_ertapenem_Klebsiella_pneumoniae_strain_EuSCAPE_IT110.txt,1,0.30060178,0.3597576916217804,5,1.0,512
R__rgi_Klebsiella_pneumoniae_ertapenem_RESISTANT__Klebsiella_pneumoniae_R_ertapenem_Klebsiella_pneumoniae_strain_EuSCAPE_IT116.txt,1,0.45807877,0.5289592146873474,5,1.0,512
R__rgi_Klebsiella_pneumoniae_ertapenem_RESISTANT__Klebsiella_pneumoniae_R_ertapenem_Klebsiella_pneumoniae_strain_EuSCAPE_IT120.txt,1,0.45807877,0.5289592146873474,5,1.0,512
R__rgi_Klebsiella_pneumoniae_ertapenem_RESISTANT__Klebsiella_pneumoniae_R_ertapenem_Klebsiella_pneumoniae_strain_EuSCAPE_IT152.txt,1,0.35784826,0.4493322372436523,5,1.0,512
R__rgi_Klebsiella_pneumoniae_ertapenem_RESISTANT__Klebsiella_pneumoniae_R_ertapenem_Klebsiella_pneumoniae_strain_EuSCAPE_IT160.txt,1,0.45807877,0.5289592146873474,5,1.0,512
R__rgi_Klebsiella_pneumoniae_ertapenem_RESISTANT__Klebsiella_pneumoniae_R_ertapenem_Klebsiella_pneumoniae_strain_EuSCAPE_IT172.txt,1,0.45807877,0.5289592146873474,5,1.0,512
R__rgi_Klebsiella_pneumoniae_ertapenem_RESISTANT__Klebsiella_pneumoniae_R_ertapenem_Klebsiella_pneumoniae_strain_EuSCAPE_IT180.txt,1,0.45807877,0.5289592146873474,5,1.0,512
R__rgi_Klebsiella_pneumoniae_ertapenem_RESISTANT__Klebsiella_pneumoniae_R_ertapenem_Klebsiella_pneumoniae_strain_EuSCAPE_IT194.txt,1,0.45807877,0.5289592146873474,5,1.0,512
R__rgi_Klebsiella_pneumoniae_ertapenem_RESISTANT__Klebsiella_pneumoniae_R_ertapenem_Klebsiella_pneumoniae_strain_EuSCAPE_IT196.txt,1,0.45807877,0.5289592146873474,5,1.0,512
R__rgi_Klebsiella_pneumoniae_ertapenem_RESISTANT__Klebsiella_pneumoniae_R_ertapenem_Klebsiella_pneumoniae_strain_EuSCAPE_IT222.txt,1,0.45807877,0.5289592146873474,5,1.0,512
R__rgi_Klebsiella_pneumoniae_ertapenem_RESISTANT__Klebsiella_pneumoniae_R_ertapenem_Klebsiella_pneumoniae_strain_EuSCAPE_IT226.txt,1,0.45807877,0.5289592146873474,5,1.0,512
R__rgi_Klebsiella_pneumoniae_ertapenem_RESISTANT__Klebsiella_pneumoniae_R_ertapenem_Klebsiella_pneumoniae_strain_EuSCAPE_IT254.txt,1,0.45807877,0.5289592146873474,5,1.0,512
R__rgi_Klebsiella_pneumoniae_ertapenem_RESISTANT__Klebsiella_pneumoniae_R_ertapenem_Klebsiella_pneumoniae_strain_EuSCAPE_IT262.txt,1,0.45807877,0.5289592146873474,5,1.0,512
R__rgi_Klebsiella_pneumoniae_ertapenem_RESISTANT__Klebsiella_pneumoniae_R_ertapenem_Klebsiella_pneumoniae_strain_EuSCAPE_IT264.txt,1,0.45807877,0.5289592146873474,5,1.0,512
R__rgi_Klebsiella_pneumoniae_ertapenem_RESISTANT__Klebsiella_pneumoniae_R_ertapenem_Klebsiella_pneumoniae_strain_EuSCAPE_IT278.txt,1,0.45807877,0.5289592146873474,5,1.0,512
R__rgi_Klebsiella_pneumoniae_ertapenem_RESISTANT__Klebsiella_pneumoniae_R_ertapenem_Klebsiella_pneumoniae_strain_EuSCAPE_IT288.txt,1,0.45807877,0.5289592146873474,5,1.0,512
R__rgi_Klebsiella_pneumoniae_ertapenem_RESISTANT__Klebsiella_pneumoniae_R_ertapenem_Klebsiella_pneumoniae_strain_EuSCAPE_IT294.txt,1,0.48903084,0.4932255148887634,5,1.0,512
R__rgi_Klebsiella_pneumoniae_ertapenem_RESISTANT__Klebsiella_pneumoniae_R_ertapenem_Klebsiella_pneumoniae_strain_EuSCAPE_IT300.txt,1,0.45807877,0.5289592146873474,5,1.0,512
R__rgi_Klebsiella_pneumoniae_ertapenem_RESISTANT__Klebsiella_pneumoniae_R_ertapenem_Klebsiella_pneumoniae_strain_EuSCAPE_IT308.txt,1,0.45807877,0.5289592146873474,5,1.0,512
R__rgi_Klebsiella_pneumoniae_ertapenem_RESISTANT__Klebsiella_pneumoniae_R_ertapenem_Klebsiella_pneumoniae_strain_EuSCAPE_IT318.txt,1,0.45807877,0.5289592146873474,5,1.0,512
R__rgi_Klebsiella_pneumoniae_ertapenem_RESISTANT__Klebsiella_pneumoniae_R_ertapenem_Klebsiella_pneumoniae_strain_EuSCAPE_IT322.txt,1,0.45807877,0.5289592146873474,5,1.0,512
R__rgi_Klebsiella_pneumoniae_ertapenem_RESISTANT__Klebsiella_pneumoniae_R_ertapenem_Klebsiella_pneumoniae_strain_EuSCAPE_IT330.txt,1,0.37254405,0.4926762878894806,5,1.0,512
R__rgi_Klebsiella_pneumoniae_ertapenem_RESISTANT__Klebsiella_pneumoniae_R_ertapenem_Klebsiella_pneumoniae_strain_EuSCAPE_IT333.txt,1,0.45807877,0.5289592146873474,5,1.0,512
R__rgi_Klebsiella_pneumoniae_ertapenem_RESISTANT__Klebsiella_pneumoniae_R_ertapenem_Klebsiella_pneumoniae_strain_EuSCAPE_IT336.txt,1,0.45807877,0.5289592146873474,5,1.0,512
R__rgi_Klebsiella_pneumoniae_ertapenem_RESISTANT__Klebsiella_pneumoniae_R_ertapenem_Klebsiella_pneumoniae_strain_EuSCAPE_IT343.txt,1,0.45807877,0.5289592146873474,5,1.0,512
R__rgi_Klebsiella_pneumoniae_ertapenem_RESISTANT__Klebsiella_pneumoniae_R_ertapenem_Klebsiella_pneumoniae_strain_EuSCAPE_IT359.txt,1,0.45807877,0.5289592146873474,5,1.0,512
R__rgi_Klebsiella_pneumoniae_ertapenem_RESISTANT__Klebsiella_pneumoniae_R_ertapenem_Klebsiella_pneumoniae_strain_EuSCAPE_IT366.txt,1,0.45807877,0.5289592146873474,5,1.0,512
R__rgi_Klebsiella_pneumoniae_ertapenem_RESISTANT__Klebsiella_pneumoniae_R_ertapenem_Klebsiella_pneumoniae_strain_EuSCAPE_IT368.txt,1,0.45807877,0.5289592146873474,5,1.0,512
R__rgi_Klebsiella_pneumoniae_ertapenem_RESISTANT__Klebsiella_pneumoniae_R_ertapenem_Klebsiella_pneumoniae_strain_EuSCAPE_IT384.txt,1,0.45807877,0.5289592146873474,5,1.0,512
R__rgi_Klebsiella_pneumoniae_ertapenem_RESISTANT__Klebsiella_pneumoniae_R_ertapenem_Klebsiella_pneumoniae_strain_EuSCAPE_IT386.txt,1,0.26870778,0.300411969423294,5,1.0,512
R__rgi_Klebsiella_pneumoniae_ertapenem_RESISTANT__Klebsiella_pneumoniae_R_ertapenem_Klebsiella_pneumoniae_strain_EuSCAPE_LU006.txt,1,0.3943665,0.3481463193893432,5,1.0,37
R__rgi_Klebsiella_pneumoniae_ertapenem_RESISTANT__Klebsiella_pneumoniae_R_ertapenem_Klebsiella_pneumoniae_strain_EuSCAPE_LU018.txt,1,0.3943665,0.3481463193893432,5,1.0,37
R__rgi_Klebsiella_pneumoniae_ertapenem_RESISTANT__Klebsiella_pneumoniae_R_ertapenem_Klebsiella_pneumoniae_strain_EuSCAPE_PT053.txt,1,0.6317487,0.9970821738243104,5,1.0,15
S__rgi_Klebsiella_pneumoniae_ertapenem__Klebsiella_pneumoniae_ertapenem_S_strainEuSCAPE_IE022_GCA_9005063451,0,0.34394917,0.2834419310092926,5,,Unknown
S__rgi_Klebsiella_pneumoniae_ertapenem__Klebsiella_pneumoniae_ertapenem_S_strainEuSCAPE_IT031_GCA_9005085151,0,0.20907702,0.0778324827551841,5,,Unknown
S__rgi_Klebsiella_pneumoniae_ertapenem__Klebsiella_pneumoniae_ertapenem_S_strainEuSCAPE_PL055_GCA_9005103151,0,0.20907702,0.12262824177742,5,,Unknown
S__rgi_Klebsiella_pneumoniae_ertapenem__Kpn_Klebsiella_pneumoniae_strain_EuSCAPE_ES252_GCA_900517565_1,0,0.5772971,0.5276816487312317,5,,Unknown
S__rgi_Klebsiella_pneumoniae_ertapenem__Kpn_Klebsiella_pneumoniae_strain_EuSCAPE_ES254_GCA_900517585_1,0,0.20907702,0.1349183320999145,5,,Unknown
S__rgi_Klebsiella_pneumoniae_ertapenem__Kpn_Klebsiella_pneumoniae_strain_EuSCAPE_ES269_GCA_900500945_1,0,0.5772971,0.5276816487312317,5,,Unknown
S__rgi_Klebsiella_pneumoniae_ertapenem__Kpn_Klebsiella_pneumoniae_strain_EuSCAPE_ES281_GCA_900517635_1,0,0.20907702,0.1495003253221511,5,,Unknown
S__rgi_Klebsiella_pneumoniae_ertapenem__Kpn_Klebsiella_pneumoniae_strain_EuSCAPE_HU006_GCA_900516395_1,0,0.3895271,0.3295265436172485,5,,Unknown
S__rgi_Klebsiella_pneumoniae_ertapenem__Kpn_Klebsiella_pneumoniae_strain_EuSCAPE_RO051_GCA_900504035_1,0,0.38382024,0.4818195402622223,5,,Unknown
S__rgi_Klebsiella_pneumoniae_ertapenem__Kpn_Klebsiella_pneumoniae_strain_EuSCAPE_TR143_GCA_900507435_1,0,0.20907702,0.1645164489746093,5,,Unknown
S__rgi_Klebsiella_pneumoniae_ertapenem__Kpn_S_Klebsiella_pneumoniae_strain_EuSCAPE_BE017_GCA_900506595_1.txt,0,0.29721794,0.364155501127243,5,1.0,29
S__rgi_Klebsiella_pneumoniae_ertapenem__Kpn_S_Klebsiella_pneumoniae_strain_EuSCAPE_ES063_GCA_900516355_1.txt,0,0.40906277,0.421016126871109,5,1.0,163
S__rgi_Klebsiella_pneumoniae_ertapenem__Kpn_S_Klebsiella_pneumoniae_strain_EuSCAPE_HR027_GCA_900505835_1.txt,0,0.29910684,0.2812328636646271,5,1.0,163
S__rgi_Klebsiella_pneumoniae_ertapenem__Kpn_S_Klebsiella_pneumoniae_strain_EuSCAPE_HU015_GCA_900516755_1.txt,0,0.30155805,0.3753629326820373,5,1.0,15
S__rgi_Klebsiella_pneumoniae_ertapenem__Kpn_S_Klebsiella_pneumoniae_strain_EuSCAPE_TR188_GCA_900508625_1.txt,0,0.20907702,0.1837583482265472,5,1.0,831
S__rgi_Klebsiella_pneumoniae_ertapenem__Kpn_S_Klebsiella_pneumoniae_strain_EuSCAPE_TR215_GCA_900508835_1.txt,0,0.20907702,0.153993934392929,5,1.0,551
S__rgi_Klebsiella_pneumoniae_ertapenem__Kpn_S_Klebsiella_pneumoniae_strain_EuSCAPE_TR217_GCA_900508825_1.txt,0,0.20907702,0.090735487639904,5,1.0,105
